{
  "a1": {
    "x": 139.99050002850356,
    "y": 260.750593824228,
    "width": 236.26603142992874,
    "height": 63.49643766270784
  },
  "a2": {
    "x": 139.99050002850356,
    "y": 325.9667458432304,
    "width": 236.26603142992874,
    "height": 162.47030878859857
  },
  "a3": {
    "x": 139.99050002850356,
    "y": 490.1472684085511,
    "width": 236.26603142992874,
    "height": 635.8669827648456
  },
  "b1": {
    "x": 377.97624824703087,
    "y": 260.750593824228,
    "width": 276.31353797624706,
    "height": 195.07838479809976
  },
  "b2": {
    "x": 377.97624824703087,
    "y": 457.5391923990499,
    "width": 276.31353797624706,
    "height": 161.33016627078385
  },
  "b3": {
    "x": 377.97624824703087,
    "y": 620.5890730261283,
    "width": 276.31353797624706,
    "height": 505.42517814726835
  },
  "c1": {
    "x": 656,
    "y": 260.750593824228,
    "width": 228.55106949168655,
    "height": 260.29453681710214
  },
  "c2": {
    "x": 656,
    "y": 522.7553444180522,
    "width": 228.55106949168655,
    "height": 259.15439429928745
  },
  "c3": {
    "x": 656,
    "y": 783.6294530736342,
    "width": 228.55106949168655,
    "height": 30.88836165320672
  },
  "d1": {
    "x": 886.2612832684086,
    "y": 260.750593824228,
    "width": 231.1258895201899,
    "height": 63.49643766270784
  },
  "d2": {
    "x": 886.2612832684086,
    "y": 325.9667458432304,
    "width": 231.1258895201899,
    "height": 227.68646080760095
  },
  "e1": {
    "x": 1119.0973865653207,
    "y": 260.750593824228,
    "width": 173.05463304513066,
    "height": 128.71258968171023
  },
  "e2": {
    "x": 1119.0973865653207,
    "y": 391.1828978622328,
    "width": 173.05463304513066,
    "height": 30.88836165320665
  },
  "e3": {
    "x": 1119.0973865653207,
    "y": 423.79097387173397,
    "width": 173.05463304513066,
    "height": 32.03800475059383
  },
  "e4": {
    "x": 1119.0973865653207,
    "y": 457.5391923990499,
    "width": 173.05463304513066,
    "height": 30.897862232779097
  },
  "f1": {
    "x": 1293.871733966746,
    "y": 260.750593824228,
    "width": 188.7885973586697,
    "height": 128.71258968171023
  },
  "f2": {
    "x": 1293.871733966746,
    "y": 391.1828978622328,
    "width": 188.7885973586697,
    "height": 129.86223277909738
  },
  "f3": {
    "x": 1293.871733966746,
    "y": 522.7553444180522,
    "width": 188.7885973586697,
    "height": 30.897862232779097
  },
  "h1": {
    "x": 1550.4418052256533,
    "y": 260.750593824228,
    "width": 183.63895486935868,
    "height": 128.71258968171023
  },
  "h2": {
    "x": 1550.4418052256533,
    "y": 391.1828978622328,
    "width": 183.63895486935868,
    "height": 734.8313533111639
  }
}