{
  "a1": {
    "x": 270.3631115703952,
    "y": 256.8126465167659,
    "width": 304.05872379527017,
    "height": 22.01712995284419
  },
  "a2": {
    "x": 270.3631115703952,
    "y": 280.0270813146611,
    "width": 304.05872379527017,
    "height": 22.01712752022236
  },
  "a3": {
    "x": 270.3631115703952,
    "y": 303.24151611255627,
    "width": 304.05872379527017,
    "height": 20.411217617503475
  },
  "a4": {
    "x": 270.3631115703952,
    "y": 324.8500385751108,
    "width": 304.05872379527017,
    "height": 22.01712995284419
  },
  "a5": {
    "x": 270.3631115703952,
    "y": 348.06447337300597,
    "width": 304.05872379527017,
    "height": 22.007625699319387
  },
  "a6": {
    "x": 270.3631115703952,
    "y": 371.27890817090116,
    "width": 304.05872379527017,
    "height": 22.007625699319387
  },
  "a7": {
    "x": 270.3631115703952,
    "y": 394.4838387152716,
    "width": 304.05872379527017,
    "height": 22.01712995284419
  },
  "a8": {
    "x": 270.3631115703952,
    "y": 417.6982735131668,
    "width": 304.05872379527017,
    "height": 22.01712752022236
  },
  "a9": {
    "x": 270.3631115703952,
    "y": 440.91270831106203,
    "width": 304.05872379527017,
    "height": 22.007625699319387
  },
  "a10": {
    "x": 270.3631115703952,
    "y": 464.1271431089572,
    "width": 304.05872379527017,
    "height": 22.007625699319387
  },
  "a11": {
    "x": 270.3631115703952,
    "y": 487.3415779068524,
    "width": 304.05872379527017,
    "height": 22.007623266697557
  },
  "a12": {
    "x": 270.3631115703952,
    "y": 510.54650845122285,
    "width": 304.05872379527017,
    "height": 22.01712752022236
  },
  "a13": {
    "x": 270.3631115703952,
    "y": 533.7609432491181,
    "width": 304.05872379527017,
    "height": 22.007625699319387
  },
  "a14": {
    "x": 270.3631115703952,
    "y": 556.9753780470132,
    "width": 304.05872379527017,
    "height": 22.007623266697557
  },
  "a15": {
    "x": 270.3631115703952,
    "y": 580.1898104122866,
    "width": 304.05872379527017,
    "height": 22.007625699319387
  },
  "a16": {
    "x": 270.3631115703952,
    "y": 603.3947433892789,
    "width": 304.05872379527017,
    "height": 22.01712752022236
  },
  "a17": {
    "x": 270.3631115703952,
    "y": 626.609178187174,
    "width": 304.05872379527017,
    "height": 22.007623266697557
  },
  "a18": {
    "x": 270.3631115703952,
    "y": 649.8236105524476,
    "width": 304.05872379527017,
    "height": 22.00762569931925
  },
  "a19": {
    "x": 270.3631115703952,
    "y": 673.0380453503427,
    "width": 304.05872379527017,
    "height": 22.007625699319387
  },
  "a20": {
    "x": 270.3631115703952,
    "y": 696.242978327335,
    "width": 304.05872379527017,
    "height": 22.017127520222427
  },
  "a21": {
    "x": 270.3631115703952,
    "y": 719.4574106926084,
    "width": 304.05872379527017,
    "height": 22.00762569931925
  },
  "a22": {
    "x": 270.3631115703952,
    "y": 742.6718454905035,
    "width": 304.05872379527017,
    "height": 22.007625699319387
  },
  "a23": {
    "x": 270.3631115703952,
    "y": 765.8862802883988,
    "width": 304.05872379527017,
    "height": 22.007625699319387
  },
  "a24": {
    "x": 270.3631115703952,
    "y": 789.0912108327692,
    "width": 304.05872379527017,
    "height": 22.017129952844122
  },
  "a25": {
    "x": 270.3631115703952,
    "y": 812.3056456306643,
    "width": 304.05872379527017,
    "height": 22.01712752022229
  },
  "a26": {
    "x": 270.3631115703952,
    "y": 835.5200804285595,
    "width": 304.05872379527017,
    "height": 22.007625699319526
  },
  "a27": {
    "x": 270.3631115703952,
    "y": 858.7345127938329,
    "width": 304.05872379527017,
    "height": 22.00762813194122
  },
  "a28": {
    "x": 270.3631115703952,
    "y": 881.9394457708252,
    "width": 304.05872379527017,
    "height": 22.01712752022229
  },
  "a29": {
    "x": 270.3631115703952,
    "y": 905.1538805687203,
    "width": 304.05872379527017,
    "height": 22.017127520222427
  },
  "a30": {
    "x": 270.3631115703952,
    "y": 928.3683129339937,
    "width": 304.05872379527017,
    "height": 22.00762813194122
  },
  "a31": {
    "x": 270.3631115703952,
    "y": 951.582747731889,
    "width": 304.05872379527017,
    "height": 22.007625699319387
  },
  "a32": {
    "x": 270.3631115703952,
    "y": 974.7876807088811,
    "width": 304.05872379527017,
    "height": 22.017127520222427
  },
  "a33": {
    "x": 270.3631115703952,
    "y": 998.0021130741546,
    "width": 304.05872379527017,
    "height": 22.01712995284426
  },
  "a34": {
    "x": 270.3631115703952,
    "y": 1021.2165478720499,
    "width": 304.05872379527017,
    "height": 22.00762569931925
  },
  "a35": {
    "x": 270.3631115703952,
    "y": 1044.430982669945,
    "width": 304.05872379527017,
    "height": 22.007625699319387
  },
  "a36": {
    "x": 270.3631115703952,
    "y": 1067.6359132143155,
    "width": 304.05872379527017,
    "height": 22.01712995284426
  },
  "a37": {
    "x": 270.3631115703952,
    "y": 1090.8503480122106,
    "width": 304.05872379527017,
    "height": 22.01712752022229
  },
  "a38": {
    "x": 270.3631115703952,
    "y": 1114.064782810106,
    "width": 304.05872379527017,
    "height": 22.007625699319387
  },
  "a39": {
    "x": 270.3631115703952,
    "y": 1137.279217608001,
    "width": 304.05872379527017,
    "height": 22.007625699319387
  },
  "a40": {
    "x": 270.3631115703952,
    "y": 1160.4841481523715,
    "width": 304.05872379527017,
    "height": 22.01712752022229
  },
  "a41": {
    "x": 270.3631115703952,
    "y": 1183.6985829502667,
    "width": 304.05872379527017,
    "height": 22.01712752022229
  },
  "a42": {
    "x": 270.3631115703952,
    "y": 1206.9130177481618,
    "width": 304.05872379527017,
    "height": 22.007625699319526
  },
  "a43": {
    "x": 270.3631115703952,
    "y": 1230.1274525460572,
    "width": 304.05872379527017,
    "height": 22.00762326669728
  },
  "a44": {
    "x": 270.3631115703952,
    "y": 1253.3323830904276,
    "width": 304.05872379527017,
    "height": 22.017127520222427
  },
  "a45": {
    "x": 270.3631115703952,
    "y": 1276.546817888323,
    "width": 304.05872379527017,
    "height": 22.01712752022215
  },
  "c1": {
    "x": 749.5326004869995,
    "y": 256.8126465167659,
    "width": 232.09682914395,
    "height": 22.01712995284419
  },
  "c2": {
    "x": 749.5326004869995,
    "y": 280.0270813146611,
    "width": 232.09682914395,
    "height": 22.01712752022236
  },
  "c3": {
    "x": 749.5326004869995,
    "y": 303.24151611255627,
    "width": 232.09682914395,
    "height": 20.411217617503475
  },
  "c4": {
    "x": 749.5326004869995,
    "y": 324.8500385751108,
    "width": 232.09682914395,
    "height": 22.01712995284419
  },
  "c5": {
    "x": 749.5326004869995,
    "y": 348.06447337300597,
    "width": 232.09682914395,
    "height": 22.007625699319387
  },
  "c6": {
    "x": 749.5326004869995,
    "y": 371.27890817090116,
    "width": 232.09682914395,
    "height": 22.007625699319387
  },
  "c7": {
    "x": 749.5326004869995,
    "y": 394.4838387152716,
    "width": 232.09682914395,
    "height": 22.01712995284419
  },
  "c8": {
    "x": 749.5326004869995,
    "y": 417.6982735131668,
    "width": 232.09682914395,
    "height": 22.01712752022236
  },
  "c9": {
    "x": 749.5326004869995,
    "y": 440.91270831106203,
    "width": 232.09682914395,
    "height": 22.007625699319387
  },
  "c10": {
    "x": 749.5326004869995,
    "y": 464.1271431089572,
    "width": 232.09682914395,
    "height": 22.007625699319387
  },
  "c11": {
    "x": 749.5326004869995,
    "y": 487.3415779068524,
    "width": 232.09682914395,
    "height": 22.007623266697557
  },
  "c12": {
    "x": 749.5326004869995,
    "y": 510.54650845122285,
    "width": 232.09682914395,
    "height": 22.01712752022236
  },
  "c13": {
    "x": 749.5326004869995,
    "y": 533.7609432491181,
    "width": 232.09682914395,
    "height": 22.007625699319387
  },
  "c14": {
    "x": 749.5326004869995,