{
  "a1": {
    "x": 173.65320604275536,
    "y": 338.6318283705463,
    "width": 130.10926487410927,
    "height": 713.9952494061758
  },
  "b1": {
    "x": 305.2541567695962,
    "y": 338.6318283705463,
    "width": 174.47980997624703,
    "height": 47.049881235154395
  },
  "b2": {
    "x": 305.2541567695962,
    "y": 387.1638948788599,
    "width": 174.47980997624703,
    "height": 48.23752908313539
  },
  "b3": {
    "x": 305.2541567695962,
    "y": 436.8931122470309,
    "width": 174.47980997624703,
    "height": 57.75772032304038
  },
  "b4": {
    "x": 305.2541567695962,
    "y": 496.1425184228029,
    "width": 174.47980997624703,
    "height": 56.57007004275535
  },
  "b5": {
    "x": 305.2541567695962,
    "y": 554.2042743182898,
    "width": 174.47980997624703,
    "height": 49.12114135866983
  },
  "b6": {
    "x": 305.2541567695962,
    "y": 604.8171015296913,
    "width": 174.47980997624703,
    "height": 49.13064193824228
  },
  "b7": {
    "x": 305.2541567695962,
    "y": 655.4299287410927,
    "width": 174.47980997624703,
    "height": 49.13064193824235
  },
  "b8": {
    "x": 305.2541567695962,
    "y": 706.0522565320665,
    "width": 174.47980997624703,
    "height": 346.57482124465554
  },
  "c1": {
    "x": 569.9477440760095,
    "y": 338.6318283705463,
    "width": 134.57482185273167,
    "height": 47.049881235154395
  },
  "c2": {
    "x": 569.9477440760095,
    "y": 387.1638948788599,
    "width": 134.57482185273167,
    "height": 665.4631828978622
  },
  "d1": {
    "x": 706.0142517814727,
    "y": 338.6318283705463,
    "width": 119.3919227743468,
    "height": 47.049881235154395
  },
  "d2": {
    "x": 706.0142517814727,
    "y": 387.1638948788599,
    "width": 119.3919227743468,
    "height": 48.23752908313539
  },
  "d3": {
    "x": 706.0142517814727,
    "y": 436.8931122470309,
    "width": 119.3919227743468,
    "height": 57.75772032304038
  },
  "d4": {
    "x": 706.0142517814727,
    "y": 496.1425184228029,
    "width": 119.3919227743468,
    "height": 56.57007004275535
  },
  "d5": {
    "x": 706.0142517814727,
    "y": 554.2042743182898,
    "width": 119.3919227743468,
    "height": 498.42280345843227
  },
  "e1": {
    "x": 915.6294524655581,
    "y": 338.6318283705463,
    "width": 211.39192581472705,
    "height": 96.76959559144893
  },
  "e2": {
    "x": 915.6294524655581,
    "y": 436.8931122470309,
    "width": 211.39192581472705,
    "height": 57.75772032304038
  },
  "e3": {
    "x": 915.6294524655581,
    "y": 496.1425184228029,
    "width": 211.39192581472705,
    "height": 56.57007004275535
  },
  "e4": {
    "x": 915.6294524655581,
    "y": 554.2042743182898,
    "width": 211.39192581472705,
    "height": 49.12114135866983
  },
  "e5": {
    "x": 915.6294524655581,
    "y": 604.8171015296913,
    "width": 211.39192581472705,
    "height": 447.8099762470308
  },
  "f1": {
    "x": 1128.5130641330168,
    "y": 338.6318283705463,
    "width": 156.00950118764845,
    "height": 156.01900419952494
  },
  "f2": {
    "x": 1128.5130641330168,
    "y": 496.1425184228029,
    "width": 156.00950118764845,
    "height": 556.4845593539192
  },
  "h1": {
    "x": 1463.477435287411,
    "y": 338.6318283705463,
    "width": 206.03325354869366,
    "height": 96.76959559144893
  },
  "h2": {
    "x": 1463.477435287411,
    "y": 436.8931122470309,
    "width": 206.03325354869366,
    "height": 57.75772032304038
  },
  "h3": {
    "x": 1463.477435287411,
    "y": 496.1425184228029,
    "width": 206.03325354869366,
    "height": 556.4845593539192
  }
}