{
  "a1": {
    "x": 117.19715025178148,
    "y": 330.01425299762474,
    "width": 190.80284914014254,
    "height": 23.809975030878864
  },
  "a2": {
    "x": 117.19715025178148,
    "y": 355.2779091306413,
    "width": 190.80284914014254,
    "height": 49.08313660807601
  },
  "a3": {
    "x": 117.19715025178148,
    "y": 405.80522626128266,
    "width": 190.80284914014254,
    "height": 23.819475610451313
  },
  "a4": {
    "x": 117.19715025178148,
    "y": 431.0783854061758,
    "width": 190.80284914014254,
    "height": 23.809975030878864
  },
  "a5": {
    "x": 117.19715025178148,
    "y": 456.3420439714965,
    "width": 190.80284914014254,
    "height": 23.809975030878864
  },
  "a6": {
    "x": 117.19715025178148,
    "y": 481.60570010451306,
    "width": 190.80284914014254,
    "height": 23.819478042755343
  },
  "b1": {
    "x": 309.45368049406176,
    "y": 330.01425299762474,
    "width": 114.71734088361045,
    "height": 604.9311157814727
  },
  "c1": {
    "x": 501.13064133016627,
    "y": 330.01425299762474,
    "width": 252.9501193729217,
    "height": 23.809975030878864
  },
  "c2": {
    "x": 501.13064133016627,
    "y": 355.2779091306413,
    "width": 252.9501193729217,
    "height": 23.809977463182896
  },
  "c3": {
    "x": 501.13064133016627,
    "y": 380.541567695962,
    "width": 252.9501193729217,
    "height": 23.819478042755343
  },
  "c4": {
    "x": 501.13064133016627,
    "y": 405.80522626128266,
    "width": 252.9501193729217,
    "height": 23.819475610451313
  },
  "c5": {
    "x": 501.13064133016627,
    "y": 431.0783854061758,
    "width": 252.9501193729217,
    "height": 23.809975030878864
  },
  "c6": {
    "x": 501.13064133016627,
    "y": 456.3420439714965,
    "width": 252.9501193729217,
    "height": 23.809975030878864
  },
  "c7": {
    "x": 501.13064133016627,
    "y": 481.60570010451306,
    "width": 252.9501193729217,
    "height": 23.819478042755343
  },
  "c8": {
    "x": 501.13064133016627,
    "y": 506.86935866983373,
    "width": 252.9501193729217,
    "height": 23.819478042755343
  },
  "c9": {
    "x": 501.13064133016627,
    "y": 532.1425178147268,
    "width": 252.9501193729217,
    "height": 23.809975030878864
  },
  "c10": {
    "x": 501.13064133016627,
    "y": 557.4061763800476,
    "width": 252.9501193729217,
    "height": 23.809975030878864
  },
  "c11": {
    "x": 501.13064133016627,
    "y": 582.6698349453682,
    "width": 252.9501193729217,
    "height": 23.819475610451313
  },
  "c12": {
    "x": 501.13064133016627,
    "y": 607.9429916579572,
    "width": 252.9501193729217,
    "height": 23.809977463182896
  },
  "c13": {
    "x": 501.13064133016627,
    "y": 633.2066502232778,
    "width": 252.9501193729217,
    "height": 23.809977463183035
  },
  "d1": {
    "x": 755.5344418052257,
    "y": 330.01425299762474,
    "width": 114.71733845130642,
    "height": 604.9311157814727
  },
  "e1": {
    "x": 947.2114026413302,
    "y": 330.01425299762474,
    "width": 216.36104269833731,
    "height": 99.61044887410928
  },
  "e2": {
    "x": 947.2114026413302,
    "y": 431.0783854061758,
    "width": 216.36104269833731,
    "height": 23.809975030878864
  },
  "e3": {
    "x": 947.2114026413302,
    "y": 456.3420439714965,
    "width": 216.36104269833731,
    "height": 23.809975030878864
  },
  "e4": {
    "x": 947.2114026413302,
    "y": 481.60570010451306,
    "width": 216.36104269833731,
    "height": 23.819478042755343
  },
  "f1": {
    "x": 1165.0261288741094,
    "y": 330.01425299762474,
    "width": 162.33729094536818,
    "height": 99.61044887410928
  },
  "f2": {
    "x": 1165.0261288741094,
    "y": 431.0783854061758,
    "width": 162.33729094536818,
    "height": 23.809975030878864
  },
  "f3": {
    "x": 1165.0261288741094,
    "y": 456.3420439714965,
    "width": 162.33729094536818,
    "height": 23.809975030878864
  },
  "f4": {
    "x": 1165.0261288741094,
    "y": 481.60570010451306,
    "width": 162.33729094536818,
    "height": 23.819478042755343
  },
  "f5": {
    "x": 1165.0261288741094,
    "y": 506.86935866983373,
    "width": 162.33729094536818,
    "height": 23.819478042755343
  },
  "h1": {
    "x": 1479.8384792019003,
    "y": 330.01425299762474,
    "width": 174.53681831828965,
    "height": 150.1377660047506
  },
  "h2": {
    "x": 1479.8384792019003,
    "y": 481.60570010451306,
    "width": 174.53681831828965,
    "height": 49.08313660807601
  },
  "h3": {
    "x": 1479.8384792019003,
    "y": 532.1425178147268,
    "width": 174.53681831828965,
    "height": 99.61045130641331
  }
}
