{
  "a1": {
    "x": 133.07363542042756,
    "y": 344.26603203800477,
    "width": 285.09263536342047,
    "height": 42.004752418052256
  },
  "a2": {
    "x": 133.07363542042756,
    "y": 387.95249406175776,
    "width": 285.09263536342047,
    "height": 42.0142529976247
  },
  "a3": {
    "x": 133.07363542042756,
    "y": 431.64845666508313,
    "width": 285.09263536342047,
    "height": 20.161518973871736
  },
  "a4": {
    "x": 133.07363542042756,
    "y": 453.4916852446556,
    "width": 285.09263536342047,
    "height": 42.004752418052256
  },
  "a5": {
    "x": 133.07363542042756,
    "y": 497.17814726840857,
    "width": 285.09263536342047,
    "height": 20.161518973871736
  },
  "a6": {
    "x": 133.07363542042756,
    "y": 519.021378280285,
    "width": 285.09263536342047,
    "height": 63.857481577197156
  },
  "b1": {
    "x": 419.8479803895487,
    "y": 344.26603203800477,
    "width": 175.8764851686461,
    "height": 63.857484009501185
  },
  "b2": {
    "x": 419.8479803895487,
    "y": 409.79572507363423,
    "width": 175.8764851686461,
    "height": 63.857481577197156
  },
  "b3": {
    "x": 419.8479803895487,
    "y": 475.3349162565321,
    "width": 175.8764851686461,
    "height": 63.8479809976247
  },
  "b4": {
    "x": 419.8479803895487,
    "y": 540.8646092921615,
    "width": 175.8764851686461,
    "height": 63.857481577197156
  },
  "b5": {
    "x": 419.8479803895487,
    "y": 606.3942998954869,
    "width": 126.86936049406175,
    "height": 325.98574700237526
  },
  "c1": {
    "x": 733.5106876199524,
    "y": 344.26603203800477,
    "width": 191.83848041805234,
    "height": 20.16152140617577
  },
  "c2": {
    "x": 733.5106876199524,
    "y": 366.10926304988124,
    "width": 191.83848041805234,
    "height": 20.16152140617577
  },
  "c3": {
    "x": 733.5106876199524,
    "y": 387.95249406175776,
    "width": 191.83848041805234,
    "height": 20.17102198574822
  },
  "c4": {
    "x": 733.5106876199524,
    "y": 409.79572507363423,
    "width": 191.83848041805234,
    "height": 20.17102198574822
  },
  "c5": {
    "x": 733.5106876199524,
    "y": 431.64845666508313,
    "width": 191.83848041805234,
    "height": 20.161518973871736
  },
  "c6": {
    "x": 733.5106876199524,
    "y": 453.4916852446556,
    "width": 191.83848041805234,
    "height": 20.16152140617577
  },
  "c7": {
    "x": 733.5106876199524,
    "y": 475.3349162565321,
    "width": 191.83848041805234,
    "height": 20.16152140617577
  },
  "c8": {
    "x": 733.5106876199524,
    "y": 497.17814726840857,
    "width": 191.83848041805234,
    "height": 20.161518973871736
  },
  "c9": {
    "x": 733.5106876199524,
    "y": 519.021378280285,
    "width": 191.83848041805234,
    "height": 20.161518973871736
  },
  "c10": {
    "x": 733.5106876199524,
    "y": 540.8646092921615,
    "width": 191.83848041805234,
    "height": 20.161518973871736
  },
  "c11": {
    "x": 733.5106876199524,
    "y": 562.707837871734,
    "width": 191.83848041805234,
    "height": 20.17102198574822
  },
  "c12": {
    "x": 733.5106876199524,
    "y": 584.5510688836105,
    "width": 191.83848041805234,
    "height": 20.17102198574822
  },
  "c13": {
    "x": 733.5106876199524,
    "y": 606.3942998954869,
    "width": 191.83848041805234,
    "height": 20.171019553444186
  },
  "c14": {
    "x": 733.5106876199524,
    "y": 628.247031486936,
    "width": 191.83848041805234,
    "height": 20.1615189738716
  },
  "c15": {
    "x": 733.5106876199524,
    "y": 650.0902624988124,
    "width": 191.83848041805234,
    "height": 20.161518973871736
  },
  "c16": {
    "x": 733.5106876199524,
    "y": 671.9334910783848,
    "width": 191.83848041805234,
    "height": 20.161521406175908
  },
  "c17": {
    "x": 733.5106876199524,
    "y": 693.7767220902613,
    "width": 191.83848041805234,
    "height": 20.16152140617577
  },
  "c18": {
    "x": 733.5106876199524,
    "y": 715.6199531021377,
    "width": 191.83848041805234,
    "height": 20.161518973871736
  },
  "c19": {
    "x": 733.5106876199524,
    "y": 737.4631816817101,
    "width": 191.83848041805234,
    "height": 20.161521406175908
  },
  "c20": {
    "x": 733.5106876199524,
    "y": 759.3064126935867,
    "width": 191.83848041805234,
    "height": 20.171021985748286
  },
  "c21": {
    "x": 733.5106876199524,
    "y": 781.1496437054632,
    "width": 191.83848041805234,
    "height": 20.171021985748286
  },
  "c22": {
    "x": 733.5106876199524,
    "y": 803.0023752969122,
    "width": 191.83848041805234,
    "height": 20.16152140617577
  },
  "c23": {
    "x": 733.5106876199524,
    "y": 824.8456063087885,
    "width": 191.83848041805234,
    "height": 20.161518973871736
  },
  "c24": {
    "x": 733.5106876199524,
    "y": 846.6888348883609,
    "width": 191.83848041805234,
    "height": 20.161521406175908
  },
  "c25": {
    "x": 733.5106876199524,
    "y": 868.5320659002375,
    "width": 191.83848041805234,
    "height": 20.161521406175908
  },
  "c26": {
    "x": 733.5106876199524,
    "y": 890.3752969121141,
    "width": 191.83848041805234,
    "height": 20.161518973871736
  },
  "c27": {
    "x": 733.5106876199524,
    "y": 912.2185279239906,
    "width": 191.83848041805234,
    "height": 20.1615189738716
  },
  "e1": {
    "x": 1069.3016627078384,
    "y": 344.26603203800477,
    "width": 142.82185273159146,
    "height": 85.70071502137768
  },
  "e2": {
    "x": 1069.3016627078384,
    "y": 431.64845666508313,
    "width": 142.82185273159146,
    "height": 20.161518973871736
  },
  "e3": {
    "x": 1069.3016627078384,
    "y": 453.4916852446556,
    "width": 142.82185273159146,
    "height": 42.004752418052256
  },
  "e4": {
    "x": 1069.3016627078384,
    "y": 497.17814726840857,
    "width": 142.82185273159146,
    "height": 42.00474998574822
  },
  "f1": {
    "x": 1213.8052250451306,
    "y": 344.26603203800477,
    "width": 138.07125890736356,
    "height": 85.70071502137768
  },
  "f2": {
    "x": 1213.8052250451306,
    "y": 431.64845666508313,
    "width": 138.07125890736356,
    "height": 20.161518973871736
  },
  "f3": {
    "x": 1213.8052250451306,
    "y": 453.4916852446556,
    "width": 138.07125890736356,
    "height": 42.004752418052256
  },
  "f4": {
    "x": 1213.8052250451306,
    "y": 497.17814726840857,
    "width": 138.07125890736356,
    "height": 20.161518973871736
  },
  "f5": {
    "x": 1213.8052250451306,
    "y": 519.021378280285,
    "width": 138.07125890736356,
    "height": 20.161518973871736
  },
  "h1": {
    "x": 1495.8194780427552,
    "y": 344.26603203800477,
    "width": 145.34916742992888,
    "height": 85.70071502137768
  },
  "h2": {
    "x": 1495.8194780427552,
    "y": 431.64845666508313,
    "width": 145.34916742992888,
    "height": 42.00474998574822
  },
  "h3": {
    "x": 1495.8194780427552,
    "y": 475.3349162565321,
    "width": 97.46318168171035,
    "height": 457.0451306413301
  }
}
