{
  "a1": {
    "x": 126.48931055581949,
    "y": 377.8432304038005,
    "width": 151.895487543943,
    "height": 70.85985626603326
  },
  "a2": {
    "x": 126.48931055581949,
    "y": 450.1567702042756,
    "width": 151.895487543943,
    "height": 22.65083135391924
  },
  "a3": {
    "x": 126.48931055581949,
    "y": 474.26128266033254,
    "width": 151.895487543943,
    "height": 22.65083135391924
  },
  "a4": {
    "x": 126.48931055581949,
    "y": 498.36579511638956,
    "width": 151.895487543943,
    "height": 22.65083135391924
  },
  "a5": {
    "x": 126.48931055581949,
    "y": 522.4703100047506,
    "width": 151.895487543943,
    "height": 22.65083135391924
  },
  "a6": {
    "x": 126.48931055581949,
    "y": 546.5748224608076,
    "width": 151.895487543943,
    "height": 22.65083135391924
  },
  "a7": {
    "x": 126.48931055581949,
    "y": 570.6793349168646,
    "width": 151.895487543943,
    "height": 22.65083135391924
  },
  "b1": {
    "x": 279.8289786223278,
    "y": 377.8432304038005,
    "width": 177.45368110213778,
    "height": 119.06888361045131
  },
  "b2": {
    "x": 279.8289786223278,
    "y": 498.36579511638956,
    "width": 177.45368110213778,
    "height": 70.85985869833729
  },
  "b3": {
    "x": 279.8289786223278,
    "y": 570.6793349168646,
    "width": 177.45368110213778,
    "height": 149.2731597529692
  },
  "c1": {
    "x": 521.4631828978622,
    "y": 377.8432304038005,
    "width": 168.15202021852733,
    "height": 22.65083135391924
  },
  "c2": {
    "x": 521.4631828978622,
    "y": 401.9477428598575,
    "width": 168.15202021852733,
    "height": 22.65083135391924
  },
  "c3": {
    "x": 521.4631828978622,
    "y": 426.0522553159145,
    "width": 168.15202021852733,
    "height": 22.65083135391924
  },
  "c4": {
    "x": 521.4631828978622,
    "y": 450.1567702042756,
    "width": 168.15202021852733,
    "height": 22.65083135391924
  },
  "c5": {
    "x": 521.4631828978622,
    "y": 474.26128266033254,
    "width": 168.15202021852733,
    "height": 22.65083135391924
  },
  "d1": {
    "x": 691.0593836389548,
    "y": 377.8432304038005,
    "width": 212.30403739667466,
    "height": 46.75534380997625
  },
  "d2": {
    "x": 691.0593836389548,
    "y": 426.0522553159145,
    "width": 212.30403739667466,
    "height": 22.65083135391924
  },
  "d3": {
    "x": 691.0593836389548,
    "y": 450.1567702042756,
    "width": 212.30403739667466,
    "height": 22.65083135391924
  },
  "d4": {
    "x": 691.0593836389548,
    "y": 474.26128266033254,
    "width": 212.30403739667466,
    "height": 22.65083135391924
  },
  "e1": {
    "x": 967.543941776722,
    "y": 377.8432304038005,
    "width": 214.6128290356296,
    "height": 94.9643711543943
  },
  "e2": {
    "x": 967.543941776722,
    "y": 474.26128266033254,
    "width": 214.6128290356296,
    "height": 22.65083135391924
  },
  "e3": {
    "x": 967.543941776722,
    "y": 498.36579511638956,
    "width": 214.6128290356296,
    "height": 22.65083135391924
  },
  "e4": {
    "x": 967.543941776722,
    "y": 522.4703100047506,
    "width": 214.6128290356296,
    "height": 22.65083135391924
  },
  "f1": {
    "x": 1183.6104519144892,
    "y": 377.8432304038005,
    "width": 228.56057007125892,
    "height": 94.9643711543943
  },
  "f2": {
    "x": 1183.6104519144892,
    "y": 474.26128266033254,
    "width": 228.56057007125892,
    "height": 22.65083135391924
  },
  "f3": {
    "x": 1183.6104519144892,
    "y": 498.36579511638956,
    "width": 228.56057007125892,
    "height": 22.65083135391924
  },
  "f4": {
    "x": 1183.6104519144892,
    "y": 522.4703100047506,
    "width": 228.56057007125892,
    "height": 22.65083135391924
  },
  "f5": {
    "x": 1183.6104519144892,
    "y": 546.5748224608076,
    "width": 228.56057007125892,
    "height": 22.65083135391924
  },
  "f6": {
    "x": 1183.6104519144892,
    "y": 570.6793349168646,
    "width": 228.56057007125892,
    "height": 22.65083135391924
  },
  "h1": {
    "x": 1539.0783847981,
    "y": 377.8432304038005,
    "width": 206.48931055581957,
    "height": 70.85985626603326
  },
  "h2": {
    "x": 1539.0783847981,
    "y": 450.1567702042756,
    "width": 206.48931055581957,
    "height": 143.17339606650833
  },
  "h3": {
    "x": 1539.0783847981,
    "y": 594.7838473729216,
    "width": 206.48931055581957,
    "height": 70.85985869833736
  },
  "h4": {
    "x": 1539.0783847981,
    "y": 667.0973871733967,
    "width": 206.48931055581957,
    "height": 52.85510749643712
  }
}