{
  "a1": {
    "x": 143.9429940902613,
    "y": 357.4251787553444,
    "width": 137.06413180047508,
    "height": 680.190022536817
  },
  "b1": {
    "x": 282.6983360760095,
    "y": 357.4251787553444,
    "width": 152.0665101377672,
    "height": 162.54631828978623
  },
  "b2": {
    "x": 282.6983360760095,
    "y": 521.6627072304038,
    "width": 152.0665101377672,
    "height": 38.23277909738717
  },
  "b3": {
    "x": 282.6983360760095,
    "y": 561.5961995249406,
    "width": 152.0665101377672,
    "height": 476.01900176722086
  },
  "c1": {
    "x": 537.8432304038005,
    "y": 357.4251787553444,
    "width": 165.37767342517816,
    "height": 39.36341860332542
  },
  "c2": {
    "x": 537.8432304038005,
    "y": 398.47980997624705,
    "width": 165.37767342517816,
    "height": 39.36342103562946
  },
  "c3": {
    "x": 537.8432304038005,
    "y": 439.54394420902617,
    "width": 165.37767342517816,
    "height": 39.36341860332542
  },
  "c4": {
    "x": 537.8432304038005,
    "y": 480.6080760095012,
    "width": 165.37767342517816,
    "height": 557.0071252826602
  },
  "d1": {
    "x": 704.9216145938242,
    "y": 357.4251787553444,
    "width": 174.15677081235168,
    "height": 121.48218405700713
  },
  "d2": {
    "x": 704.9216145938242,
    "y": 480.6080760095012,
    "width": 174.15677081235168,
    "height": 79.28741031828979
  },
  "d3": {
    "x": 704.9216145938242,
    "y": 561.5961995249406,
    "width": 174.15677081235168,
    "height": 476.01900176722086
  },
  "e1": {
    "x": 982.1567695961995,
    "y": 357.4251787553444,
    "width": 143.28741031828972,
    "height": 162.54631828978623
  },
  "e2": {
    "x": 982.1567695961995,
    "y": 521.6627072304038,
    "width": 143.28741031828972,
    "height": 38.23277909738717
  },
  "e3": {
    "x": 982.1567695961995,
    "y": 561.5961995249406,
    "width": 143.28741031828972,
    "height": 47.857481577197156
  },
  "e4": {
    "x": 982.1567695961995,
    "y": 611.1543942992874,
    "width": 143.28741031828972,
    "height": 28.883610451306414
  },
  "e5": {
    "x": 982.1567695961995,
    "y": 641.7387179477436,
    "width": 143.28741031828972,
    "height": 395.8764833444179
  },
  "f1": {
    "x": 1127.144893111639,
    "y": 357.4251787553444,
    "width": 153.19714964370547,
    "height": 162.54631828978623
  },
  "f2": {
    "x": 1127.144893111639,
    "y": 521.6627072304038,
    "width": 153.19714964370547,
    "height": 38.23277909738717
  },
  "f3": {
    "x": 1127.144893111639,
    "y": 561.5961995249406,
    "width": 153.19714964370547,
    "height": 47.857481577197156
  },
  "f4": {
    "x": 1127.144893111639,
    "y": 611.1543942992874,
    "width": 153.19714964370547,
    "height": 28.883610451306414
  },
  "f5": {
    "x": 1127.144893111639,
    "y": 641.7387179477436,
    "width": 153.19714964370547,
    "height": 395.8764833444179
  },
  "h1": {
    "x": 1484.7981003705463,
    "y": 357.4251787553444,
    "width": 178.11876545368193,
    "height": 252.02850234679337
  },
  "h2": {
    "x": 1484.7981003705463,
    "y": 611.1543942992874,
    "width": 178.11876545368193,
    "height": 181.7957232494062
  },
  "h3": {
    "x": 1484.7981003705463,
    "y": 794.6508307458433,
    "width": 178.11876545368193,
    "height": 151.22090261282648
  },
  "h4": {
    "x": 1484.7981003705463,
    "y": 947.562945976247,
    "width": 178.11876545368193,
    "height": 90.0522553159145
  }
}