{
  "a1": {
    "x": 230.92636518764846,
    "y": 302.04275656057007,
    "width": 128.2185279239905,
    "height": 61.31116328741093
  },
  "a2": {
    "x": 230.92636518764846,
    "y": 364.53206711638956,
    "width": 128.2185279239905,
    "height": 172.14251659857484
  },
  "a3": {
    "x": 230.92636518764846,
    "y": 537.8527309833729,
    "width": 128.2185279239905,
    "height": 73.10213898337292
  },
  "a4": {
    "x": 230.92636518764846,
    "y": 612.1330172351544,
    "width": 128.2185279239905,
    "height": 221.0736342042756
  },
  "b1": {
    "x": 360.32304038004753,
    "y": 302.04275656057007,
    "width": 144.14251842280285,
    "height": 209.87173335866984
  },
  "b2": {
    "x": 360.32304038004753,
    "y": 513.0926371876485,
    "width": 144.14251842280285,
    "height": 196.31353797624698
  },
  "b3": {
    "x": 360.32304038004753,
    "y": 710.584322432304,
    "width": 144.14251842280285,
    "height": 407.66745904038015
  },
  "c1": {
    "x": 563.4204275534443,
    "y": 302.04275656057007,
    "width": 155.93349168646083,
    "height": 61.31116328741093
  },
  "c2": {
    "x": 563.4204275534443,
    "y": 364.53206711638956,
    "width": 155.93349168646083,
    "height": 48.34204275534442
  },
  "d1": {
    "x": 720.5320665083136,
    "y": 302.04275656057007,
    "width": 379.9524928456057,
    "height": 110.83135331116391
  },
  "d2": {
    "x": 720.5320665083136,
    "y": 414.05225714014256,
    "width": 379.9524928456057,
    "height": 704.1995243325416
  },
  "e1": {
    "x": 1159.4394305368173,
    "y": 302.04275656057007,
    "width": 112.30403800475047,
    "height": 185.11163713064136
  },
  "e2": {
    "x": 1159.4394305368173,
    "y": 488.33254095961996,
    "width": 112.30403800475047,
    "height": 48.34204275534442
  },
  "e3": {
    "x": 1159.4394305368173,
    "y": 537.8527309833729,
    "width": 112.30403800475047,
    "height": 48.34204275534442
  },
  "e4": {
    "x": 1159.4394305368173,
    "y": 587.3729210071259,
    "width": 112.30403800475047,
    "height": 48.34204275534435
  },
  "e5": {
    "x": 1159.4394305368173,
    "y": 636.8931110308788,
    "width": 112.30403800475047,
    "height": 48.34204275534442
  },
  "f1": {
    "x": 1272.9216158099762,
    "y": 302.04275656057007,
    "width": 136.18052195724474,
    "height": 185.11163713064136
  },
  "f2": {
    "x": 1272.9216158099762,
    "y": 488.33254095961996,
    "width": 136.18052195724474,
    "height": 48.34204275534442
  },
  "f3": {
    "x": 1272.9216158099762,
    "y": 537.8527309833729,
    "width": 136.18052195724474,
    "height": 48.34204275534442
  },
  "f4": {
    "x": 1272.9216158099762,
    "y": 587.3729210071259,
    "width": 136.18052195724474,
    "height": 48.34204275534435
  },
  "f5": {
    "x": 1272.9216158099762,
    "y": 636.8931110308788,
    "width": 136.18052195724474,
    "height": 48.34204275534442
  },
  "h1": {
    "x": 1525.8337280000003,
    "y": 302.04275656057007,
    "width": 207.80997624703062,
    "height": 284.1520171781473
  },
  "h2": {
    "x": 1525.8337280000003,
    "y": 587.3729210071259,
    "width": 207.80997624703062,
    "height": 530.8788604655582
  }
}
