{
  "b1": {
    "x": 363.0783860142518,
    "y": 303.5724471638955,
    "width": 164.9121134061758,
    "height": 100.39905048931116
  },
  "b2": {
    "x": 363.0783860142518,
    "y": 405.4346793349169,
    "width": 164.9121134061758,
    "height": 92.2375296912114
  },
  "b3": {
    "x": 363.0783860142518,
    "y": 499.12589012826606,
    "width": 164.9121134061758,
    "height": 330.4038010831354
  },
  "c1": {
    "x": 608.8456050926366,
    "y": 303.5724471638955,
    "width": 164.90261282660327,
    "height": 69.1686460807601
  },
  "d1": {
    "x": 775.2114020332541,
    "y": 303.5724471638955,
    "width": 164.91211340617585,
    "height": 194.09976186223278
  },
  "d2": {
    "x": 775.2114020332541,
    "y": 499.12589012826606,
    "width": 164.91211340617585,
    "height": 197.31116450356296
  },
  "d3": {
    "x": 775.2114020332541,
    "y": 697.9002387458432,
    "width": 164.91211340617585,
    "height": 264.731589624703
  },
  "e1": {
    "x": 1020.9691205320665,
    "y": 303.5724471638955,
    "width": 164.91211583847988,
    "height": 100.39905048931116
  },
  "e2": {
    "x": 1020.9691205320665,
    "y": 405.4346793349169,
    "width": 164.91211583847988,
    "height": 29.7767233064133
  },
  "e3": {
    "x": 1020.9691205320665,
    "y": 436.66508374346796,
    "width": 164.91211583847988,
    "height": 29.77672087410927
  },
  "e4": {
    "x": 1020.9691205320665,
    "y": 467.895488152019,
    "width": 164.91211583847988,
    "height": 29.77672087410927
  },
  "e5": {
    "x": 1020.9691205320665,
    "y": 499.12589012826606,
    "width": 164.91211583847988,
    "height": 29.7767233064133
  },
  "f1": {
    "x": 1187.3444180522565,
    "y": 303.5724471638955,
    "width": 164.90261282660333,
    "height": 100.39905048931116
  },
  "f2": {
    "x": 1187.3444180522565,
    "y": 405.4346793349169,
    "width": 164.90261282660333,
    "height": 29.7767233064133
  },
  "f3": {
    "x": 1187.3444180522565,
    "y": 436.66508374346796,
    "width": 164.90261282660333,
    "height": 29.77672087410927
  },
  "f4": {
    "x": 1187.3444180522565,
    "y": 467.895488152019,
    "width": 164.90261282660333,
    "height": 29.77672087410927
  },
  "f5": {
    "x": 1187.3444180522565,
    "y": 499.12589012826606,
    "width": 164.90261282660333,
    "height": 29.7767233064133
  },
  "h1": {
    "x": 1512.494062973872,
    "y": 303.5724471638955,
    "width": 164.91211340617556,
    "height": 69.1686460807601
  },
  "h2": {
    "x": 1512.494062973872,
    "y": 374.2042749263658,
    "width": 164.91211340617556,
    "height": 92.2375296912114
  },
  "h3": {
    "x": 1512.494062973872,
    "y": 467.895488152019,
    "width": 164.91211340617556,
    "height": 61.00712528266034
  },
  "h4": {
    "x": 1512.494062973872,
    "y": 530.3562945368171,
    "width": 164.91211340617556,
    "height": 134.85035568646074
  }
}
