{
  "a1": {
    "x": 176.3040380047506,
    "y": 339.458432304038,
    "width": 144.19002375296913,
    "height": 666.061758327791
  },
  "b1": {
    "x": 321.9477428598575,
    "y": 339.458432304038,
    "width": 213.07363542042756,
    "height": 129.00712467458433
  },
  "b2": {
    "x": 321.9477428598575,
    "y": 469.9287410926366,
    "width": 213.07363542042756,
    "height": 535.5914495391925
  },
  "c1": {
    "x": 611.2018996294537,
    "y": 339.458432304038,
    "width": 187.97149643705458,
    "height": 666.061758327791
  },
  "d1": {
    "x": 800.627077168646,
    "y": 339.458432304038,
    "width": 249.26365856532075,
    "height": 666.061758327791
  },
  "e1": {
    "x": 1126.0712595154394,
    "y": 339.458432304038,
    "width": 138.93586759144915,
    "height": 129.00712467458433
  },
  "e2": {
    "x": 1126.0712595154394,
    "y": 469.9287410926366,
    "width": 138.93586759144915,
    "height": 42.02375357719715
  },
  "e3": {
    "x": 1126.0712595154394,
    "y": 513.415676351544,
    "width": 138.93586759144915,
    "height": 42.0332541567696
  },
  "e4": {
    "x": 1126.0712595154394,
    "y": 556.9026140427553,
    "width": 138.93586759144915,
    "height": 42.0332541567696
  },
  "e5": {
    "x": 1126.0712595154394,
    "y": 600.3990498812352,
    "width": 138.93586759144915,
    "height": 42.02375357719722
  },
  "f1": {
    "x": 1266.4608082090265,
    "y": 339.458432304038,
    "width": 146.51781411876465,
    "height": 129.00712467458433
  },
  "f2": {
    "x": 1266.4608082090265,
    "y": 469.9287410926366,
    "width": 146.51781411876465,
    "height": 42.02375357719715
  },
  "f3": {
    "x": 1266.4608082090265,
    "y": 513.415676351544,
    "width": 146.51781411876465,
    "height": 42.0332541567696
  },
  "f4": {
    "x": 1266.4608082090265,
    "y": 600.3990498812352,
    "width": 146.51781411876465,
    "height": 42.02375357719722
  },
  "h1": {
    "x": 1489.1686466888364,
    "y": 339.458432304038,
    "width": 214.2327790973869,
    "height": 666.061758327791
  }
}