{
  "a1": {
    "x": 422.35629392874114,
    "y": 188.19002436104515,
    "width": 275.26840855106883,
    "height": 20.40855106888361
  },
  "a2": {
    "x": 422.35629392874114,
    "y": 209.39667519239904,
    "width": 275.26840855106883,
    "height": 20.40855106888361
  },
  "a3": {
    "x": 422.35629392874114,
    "y": 230.60332602375297,
    "width": 275.26840855106883,
    "height": 19.21140020902613
  },
  "a4": {
    "x": 422.35629392874114,
    "y": 250.6128259952494,
    "width": 275.26840855106883,
    "height": 20.40855106888361
  },
  "a5": {
    "x": 422.35629392874114,
    "y": 271.81947682660336,
    "width": 275.26840855106883,
    "height": 20.40855106888361
  },
  "a6": {
    "x": 422.35629392874114,
    "y": 293.02612765795726,
    "width": 275.26840855106883,
    "height": 20.40855106888361
  },
  "a7": {
    "x": 422.35629392874114,
    "y": 314.23277848931116,
    "width": 275.26840855106883,
    "height": 20.40855106888361
  },
  "a8": {
    "x": 422.35629392874114,
    "y": 335.4394293206651,
    "width": 275.26840855106883,
    "height": 20.40855106888361
  },
  "a9": {
    "x": 422.35629392874114,
    "y": 356.65558073159144,
    "width": 275.26840855106883,
    "height": 20.408553501187644
  },
  "a10": {
    "x": 422.35629392874114,
    "y": 377.8622315629454,
    "width": 275.26840855106883,
    "height": 20.408553501187644
  },
  "a11": {
    "x": 422.35629392874114,
    "y": 399.0688823942993,
    "width": 275.26840855106883,
    "height": 20.408553501187644
  },
  "a12": {
    "x": 422.35629392874114,
    "y": 420.27553322565325,
    "width": 275.26840855106883,
    "height": 20.408553501187644
  },
  "a13": {
    "x": 422.35629392874114,
    "y": 441.48218405700715,
    "width": 275.26840855106883,
    "height": 20.408553501187644
  },
  "a14": {
    "x": 422.35629392874114,
    "y": 462.68883488836104,
    "width": 275.26840855106883,
    "height": 20.408553501187644
  },
  "a15": {
    "x": 422.35629392874114,
    "y": 483.895485719715,
    "width": 275.26840855106883,
    "height": 20.408553501187644
  },
  "a16": {
    "x": 422.35629392874114,
    "y": 505.1021365510689,
    "width": 275.26840855106883,
    "height": 20.408553501187644
  },
  "a17": {
    "x": 422.35629392874114,
    "y": 526.3182903942993,
    "width": 275.26840855106883,
    "height": 20.399050489311165
  },
  "a18": {
    "x": 422.35629392874114,
    "y": 547.5249412256533,
    "width": 275.26840855106883,
    "height": 20.399050489311165
  },
  "a19": {
    "x": 422.35629392874114,
    "y": 568.7315920570071,
    "width": 275.26840855106883,
    "height": 20.40855106888361
  },
  "a20": {
    "x": 422.35629392874114,
    "y": 589.9382428883611,
    "width": 275.26840855106883,
    "height": 20.40855106888361
  },
  "a21": {
    "x": 422.35629392874114,
    "y": 611.144893719715,
    "width": 275.26840855106883,
    "height": 20.408551068883682
  },
  "a22": {
    "x": 422.35629392874114,
    "y": 632.351544551069,
    "width": 275.26840855106883,
    "height": 20.40855106888361
  },
  "a23": {
    "x": 422.35629392874114,
    "y": 653.5581953824229,
    "width": 275.26840855106883,
    "height": 20.40855106888361
  },
  "a24": {
    "x": 422.35629392874114,
    "y": 674.7743467933492,
    "width": 275.26840855106883,
    "height": 20.399050489311232
  },
  "a25": {
    "x": 422.35629392874114,
    "y": 695.9809976247031,
    "width": 275.26840855106883,
    "height": 20.399050489311232
  },
  "a26": {
    "x": 422.35629392874114,
    "y": 717.187648456057,
    "width": 275.26840855106883,
    "height": 20.40855106888361
  },
  "a27": {
    "x": 422.35629392874114,
    "y": 738.394299287411,
    "width": 275.26840855106883,
    "height": 20.40855106888361
  },
  "a28": {
    "x": 422.35629392874114,
    "y": 759.6009501187649,
    "width": 275.26840855106883,
    "height": 20.40855106888361
  },
  "a29": {
    "x": 422.35629392874114,
    "y": 780.8076009501189,
    "width": 275.26840855106883,
    "height": 20.40855106888361
  },
  "a30": {
    "x": 422.35629392874114,
    "y": 802.0142517814727,
    "width": 275.26840855106883,
    "height": 20.40855106888361
  },
  "a31": {
    "x": 422.35629392874114,
    "y": 823.2209026128266,
    "width": 275.26840855106883,
    "height": 20.40855106888361
  },
  "a32": {
    "x": 422.35629392874114,
    "y": 844.4370540237529,
    "width": 275.26840855106883,
    "height": 20.399050489311232
  },
  "a33": {
    "x": 422.35629392874114,
    "y": 865.6437048551069,
    "width": 275.26840855106883,
    "height": 20.399050489311232
  },
  "a34": {
    "x": 422.35629392874114,
    "y": 886.8503556864608,
    "width": 275.26840855106883,
    "height": 20.40855106888361
  },
  "a35": {
    "x": 422.35629392874114,
    "y": 908.0570065178147,
    "width": 275.26840855106883,
    "height": 20.40855106888361
  },
  "a36": {
    "x": 422.35629392874114,
    "y": 929.2636573491686,
    "width": 275.26840855106883,
    "height": 20.40855106888361
  },
  "a37": {
    "x": 422.35629392874114,
    "y": 950.4703081805226,
    "width": 275.26840855106883,
    "height": 20.40855106888361
  },
  "a38": {
    "x": 422.35629392874114,
    "y": 971.6769590118764,
    "width": 275.26840855106883,
    "height": 20.40855106888361
  },
  "a39": {
    "x": 422.35629392874114,
    "y": 992.8836098432304,
    "width": 275.26840855106883,
    "height": 20.40855106888361
  },
  "a40": {
    "x": 422.35629392874114,
    "y": 1014.0902606745843,
    "width": 275.26840855106883,
    "height": 20.40855106888361
  },
  "a41": {
    "x": 422.35629392874114,
    "y": 1035.2969115059382,
    "width": 275.26840855106883,
    "height": 20.40855106888361
  },
  "a42": {
    "x": 422.35629392874114,
    "y": 1056.5035623372921,
    "width": 275.26840855106883,
    "height": 20.418051648456128
  },
  "a43": {
    "x": 422.35629392874114,
    "y": 1077.7197161805227,
    "width": 275.26840855106883,
    "height": 20.408548636579578
  },
  "a44": {
    "x": 422.35629392874114,
    "y": 1098.9263670118764,
    "width": 275.26840855106883,
    "height": 20.408548636579578
  },
  "a45": {
    "x": 422.35629392874114,
    "y": 1120.1330178432304,
    "width": 275.26840855106883,
    "height": 20.408548636579578
  },
  "a46": {
    "x": 422.35629392874114,
    "y": 1141.3396686745843,
    "width": 275.26840855106883,
    "height": 20.408548636579578
  },
  "a47": {
    "x": 422.35629392874114,
    "y": 1162.5463195059383,
    "width": 275.26840855106883,
    "height": 20.408548636579578
  },
  "a48": {
    "x": 422.35629392874114,
    "y": 1183.7529703372923,
    "width": 275.26840855106883,
    "height": 20.408548636579578
  },
  "a49": {
    "x": 422.35629392874114,
    "y": 1204.9596211686462,
    "width": 275.26840855106883,
    "height": 20.408548636579578
  },
  "c1": {
    "x": 856.0570071258908,
    "y": 188.19002436104515,
    "width": 210.45130519714965,
    "height": 20.40855106888361
  },
  "c2": {
    "x": 856.0570071258908,
    "y": 209.39667519239904,
    "width": 210.45130519714965,
    "height": 20.40855106888361
  },
  "c3": {
    "x": 856.0570071258908,
    "y": 230.60332602375297,
    "width": 210.45130519714965,
    "height": 19.21140020902613
  },
  "c4": {
    "x": 856.0570071258908,
    "y": 250.6128259952494,
    "width": 210.45130519714965,
    "height": 20.40855106888361
  },
  "c5": {
    "x": 856.0570071258908,
    "y": 271.81947682660336,
    "width": 210.45130519714965,
    "height": 20.40855106888361
  },
  "c6": {
    "x": 856.0570071258908,
    "y": 293.02612765795726,
    "width": 210.45130519714965,
    "height": 20.40855106888361
  },
  "c7": {
    "x": 856.0570071258908,
    "y": 314.23277848931116,
    "width": 210.45130519714965,
    "height": 20.40855106888361
  },
  "c8": {
    "x": 856.0570071258908,
    "y": 335.4394293206651,
    "width": 210.45130519714965,
    "height": 20.40855106888361
  },
  "c9": {
    "x": 856.0570071258908,
    "y": 356.65558073159144,
    "width": 210.45130519714965,