{
  "a1": {
    "x": 123.70546318289787,
    "y": 357.9477422517815,
    "width": 153.7102149928741,
    "height": 47.0973889976247
  },
  "a2": {
    "x": 123.70546318289787,
    "y": 406.1947743467934,
    "width": 153.7102149928741,
    "height": 47.09738656532067
  },
  "b1": {
    "x": 278.5748218527316,
    "y": 357.9477422517815,
    "width": 280.8361057292162,
    "height": 577.2826609406176
  },
  "b2": {
    "x": 278.5748218527316,
    "y": 936.3800462897862,
    "width": 280.8361057292162,
    "height": 95.35392167220917
  },
  "b3": {
    "x": 278.5748218527316,
    "y": 1032.8836110593825,
    "width": 280.8361057292162,
    "height": 143.60094890261283
  },
  "c1": {
    "x": 627.6009507268408,
    "y": 357.9477422517815,
    "width": 220.74109202850363,
    "height": 47.0973889976247
  },
  "c2": {
    "x": 627.6009507268408,
    "y": 406.1947743467934,
    "width": 220.74109202850363,
    "height": 47.09738656532067
  },
  "c3": {
    "x": 627.6009507268408,
    "y": 454.4513070213777,
    "width": 220.74109202850363,
    "height": 47.09738656532067
  },
  "c4": {
    "x": 627.6009507268408,
    "y": 502.6983366840855,
    "width": 220.74109202850363,
    "height": 47.09738656532067
  },
  "c5": {
    "x": 627.6009507268408,
    "y": 550.9548693586698,
    "width": 220.74109202850363,
    "height": 47.09738656532067
  },
  "c6": {
    "x": 627.6009507268408,
    "y": 599.2018990213777,
    "width": 220.74109202850363,
    "height": 46.517814726840854
  },
  "c7": {
    "x": 627.6009507268408,
    "y": 646.8788598574822,
    "width": 220.74109202850363,
    "height": 47.0973865653206
  },
  "c8": {
    "x": 627.6009507268408,
    "y": 695.12588952019,
    "width": 220.74109202850363,
    "height": 47.09738899762491
  },
  "c9": {
    "x": 627.6009507268408,
    "y": 743.3824221947744,
    "width": 220.74109202850363,
    "height": 47.08788598574808
  },
  "c10": {
    "x": 627.6009507268408,
    "y": 791.6294542897862,
    "width": 220.74109202850363,
    "height": 47.09738656532074
  },
  "c11": {
    "x": 627.6009507268408,
    "y": 839.876483952494,
    "width": 220.74109202850363,
    "height": 47.09738656532074
  },
  "c12": {
    "x": 627.6009507268408,
    "y": 888.1330166270784,
    "width": 220.74109202850363,
    "height": 47.0973865653206
  },
  "c13": {
    "x": 627.6009507268408,
    "y": 936.3800462897862,
    "width": 220.74109202850363,
    "height": 47.09738899762491
  },
  "c14": {
    "x": 627.6009507268408,
    "y": 984.6365789643706,
    "width": 220.74109202850363,
    "height": 47.097388997624634
  },
  "c15": {
    "x": 627.6009507268408,
    "y": 1032.8836110593825,
    "width": 220.74109202850363,
    "height": 47.09738656532074
  },
  "c16": {
    "x": 627.6009507268408,
    "y": 1081.1401437339669,
    "width": 220.74109202850363,
    "height": 47.087883553444186
  },
  "c17": {
    "x": 627.6009507268408,
    "y": 1129.3871733966746,
    "width": 220.74109202850363,
    "height": 47.0973865653206
  },
  "d1": {
    "x": 849.501186432304,
    "y": 357.9477422517815,
    "width": 169.89073816627086,
    "height": 818.5368177102138
  },
  "e1": {
    "x": 1087.5724471638955,
    "y": 357.9477422517815,
    "width": 152.56056946318284,
    "height": 143.60095133491686
  },
  "e2": {
    "x": 1087.5724471638955,
    "y": 502.6983366840855,
    "width": 152.56056946318284,
    "height": 47.09738656532067
  },
  "e3": {
    "x": 1087.5724471638955,
    "y": 550.9548693586698,
    "width": 152.56056946318284,
    "height": 47.09738656532067
  },
  "e4": {
    "x": 1087.5724471638955,
    "y": 599.2018990213777,
    "width": 152.56056946318284,
    "height": 46.517814726840854
  },
  "e5": {
    "x": 1087.5724471638955,
    "y": 646.8788598574822,
    "width": 152.56056946318284,
    "height": 47.0973865653206
  },
  "f1": {
    "x": 1241.2826597244655,
    "y": 357.9477422517815,
    "width": 173.35867104988125,
    "height": 143.60095133491686
  },
  "f2": {
    "x": 1241.2826597244655,
    "y": 502.6983366840855,
    "width": 173.35867104988125,
    "height": 336.0285041710214
  },
  "h1": {
    "x": 1549.8622333871738,
    "y": 357.9477422517815,
    "width": 164.11401364370528,
    "height": 818.5368177102138
  }
}