{
  "a1": {
    "x": 139.8004738432304,
    "y": 305.14014251781475,
    "width": 159.08788598574822,
    "height": 54.28978743942993
  },
  "a2": {
    "x": 139.8004738432304,
    "y": 360.79810097862236,
    "width": 159.08788598574822,
    "height": 705.6532054346794
  },
  "b1": {
    "x": 300.24703027078385,
    "y": 305.14014251781475,
    "width": 342.7458444465559,
    "height": 71.12588952019003
  },
  "b2": {
    "x": 300.24703027078385,
    "y": 377.63420305938246,
    "width": 342.7458444465559,
    "height": 65.96674645130642
  },
  "b3": {
    "x": 300.24703027078385,
    "y": 444.96912053206654,
    "width": 342.7458444465559,
    "height": 65.96674645130642
  },
  "c1": {
    "x": 708.0570077339669,
    "y": 305.14014251781475,
    "width": 141.4916864608076,
    "height": 54.28978743942993
  },
  "c2": {
    "x": 708.0570077339669,
    "y": 360.79810097862236,
    "width": 141.4916864608076,
    "height": 49.13063950593825
  },
  "c3": {
    "x": 708.0570077339669,
    "y": 411.2969115059383,
    "width": 141.4916864608076,
    "height": 49.14014251781473
  },
  "c4": {
    "x": 708.0570077339669,
    "y": 461.79572446555824,
    "width": 141.4916864608076,
    "height": 49.14014251781473
  },
  "d1": {
    "x": 850.9168652161521,
    "y": 305.14014251781475,
    "width": 203.06888300237523,
    "height": 761.311163895487
  },
  "e1": {
    "x": 1119.040380655582,
    "y": 305.14014251781475,
    "width": 132.70308606175752,
    "height": 104.78859796674585
  },
  "e2": {
    "x": 1119.040380655582,
    "y": 411.2969115059383,
    "width": 132.70308606175752,
    "height": 65.97624703087887
  },
  "e3": {
    "x": 1119.040380655582,
    "y": 478.63182897862237,
    "width": 132.70308606175752,
    "height": 65.97624703087887
  },
  "e4": {
    "x": 1119.040380655582,
    "y": 545.9667464513064,
    "width": 132.70308606175752,
    "height": 65.97624703087887
  },
  "f1": {
    "x": 1253.1116377387173,
    "y": 305.14014251781475,
    "width": 159.08788598574822,
    "height": 172.13301601900238
  },
  "f2": {
    "x": 1253.1116377387173,
    "y": 478.63182897862237,
    "width": 159.08788598574822,
    "height": 133.31116450356296
  },
  "h1": {
    "x": 1540.9501181567698,
    "y": 305.14014251781475,
    "width": 132.7030884940617,
    "height": 104.78859796674585
  },
  "h2": {
    "x": 1540.9501181567698,
    "y": 411.2969115059383,
    "width": 132.7030884940617,
    "height": 99.63895547743468
  },
  "h3": {
    "x": 1540.9501181567698,
    "y": 512.3040380047506,
    "width": 132.7030884940617,
    "height": 99.63895547743468
  },
  "h4": {
    "x": 1540.9501181567698,
    "y": 613.3016639239905,
    "width": 164.5415689121139,
    "height": 99.63895304513058
  }
}
