{
  "a1": {
    "x": 249.83372982422804,
    "y": 300.95961995249405,
    "width": 132.80759973396675,
    "height": 36.19002314489312
  },
  "a2": {
    "x": 249.83372982422804,
    "y": 338.3182897862233,
    "width": 132.80759973396675,
    "height": 174.84085389073635
  },
  "a3": {
    "x": 249.83372982422804,
    "y": 514.3182897862233,
    "width": 132.80759973396675,
    "height": 221.5391917909738
  },
  "b1": {
    "x": 383.8099762470309,
    "y": 300.95961995249405,
    "width": 167.23990620427554,
    "height": 212.19952372446556
  },
  "b2": {
    "x": 383.8099762470309,
    "y": 514.3182897862233,
    "width": 167.23990620427554,
    "height": 221.5391917909738
  },
  "b3": {
    "x": 383.8099762470309,
    "y": 737.0261282660333,
    "width": 167.23990620427554,
    "height": 346.166272
  },
  "c1": {
    "x": 609.4251793634204,
    "y": 300.95961995249405,
    "width": 154.4037986508313,
    "height": 63.3349180807601
  },
  "d1": {
    "x": 764.9976247030879,
    "y": 300.95961995249405,
    "width": 370.39429928741094,
    "height": 112.95961934441806
  },
  "d2": {
    "x": 764.9976247030879,
    "y": 415.08788598574824,
    "width": 370.39429928741094,
    "height": 668.1045142802851
  },
  "e1": {
    "x": 1193.767220902613,
    "y": 300.95961995249405,
    "width": 134.84085510688837,
    "height": 112.95961934441806
  },
  "e2": {
    "x": 1193.767220902613,
    "y": 415.08788598574824,
    "width": 134.84085510688837,
    "height": 48.446556427553446
  },
  "e3": {
    "x": 1193.767220902613,
    "y": 464.70308910213777,
    "width": 134.84085510688837,
    "height": 48.45605457482186
  },
  "e4": {
    "x": 1193.767220902613,
    "y": 514.3182897862233,
    "width": 134.84085510688837,
    "height": 48.45605700712589
  },
  "e5": {
    "x": 1193.767220902613,
    "y": 563.9429934821853,
    "width": 134.84085510688837,
    "height": 48.446556427553446
  },
  "f1": {
    "x": 1329.7767226983374,
    "y": 300.95961995249405,
    "width": 150.60332359144888,
    "height": 112.95961934441806
  },
  "f2": {
    "x": 1329.7767226983374,
    "y": 415.08788598574824,
    "width": 150.60332359144888,
    "height": 48.446556427553446
  },
  "f3": {
    "x": 1329.7767226983374,
    "y": 464.70308910213777,
    "width": 150.60332359144888,
    "height": 48.45605457482186
  },
  "f4": {
    "x": 1329.7767226983374,
    "y": 514.3182897862233,
    "width": 150.60332359144888,
    "height": 48.45605700712589
  },
  "h1": {
    "x": 1595.9714964370546,
    "y": 300.95961995249405,
    "width": 150.6033260237529,
    "height": 782.2327803135393
  }
}
