{
  "a1": {
    "x": 264.75667964223356,
    "y": 278.9152977229804,
    "width": 235.81227951395076,
    "height": 40.451839893572796
  },
  "a2": {
    "x": 264.75667964223356,
    "y": 320.58344853603205,
    "width": 235.81227951395076,
    "height": 40.451839893572796
  },
  "a3": {
    "x": 264.75667964223356,
    "y": 362.2515993490836,
    "width": 235.81227951395076,
    "height": 82.11999313924622
  },
  "a4": {
    "x": 264.75667964223356,
    "y": 445.5879034078086,
    "width": 235.81227951395076,
    "height": 123.7881439522978
  },
  "a5": {
    "x": 264.75667964223356,
    "y": 570.5923582795853,
    "width": 235.81227951395076,
    "height": 40.451839893572796
  },
  "a6": {
    "x": 264.75667964223356,
    "y": 612.2605090926368,
    "width": 235.81227951395076,
    "height": 40.451839893572725
  },
  "a7": {
    "x": 264.75667964223356,
    "y": 653.9191580847854,
    "width": 235.81227951395076,
    "height": 40.461341714475765
  },
  "a8": {
    "x": 264.75667964223356,
    "y": 695.587308897837,
    "width": 235.81227951395076,
    "height": 40.4613441470976
  },
  "a9": {
    "x": 264.75667964223356,
    "y": 737.2554597108887,
    "width": 235.81227951395076,
    "height": 40.4613441470976
  },
  "a10": {
    "x": 264.75667964223356,
    "y": 778.9236129565621,
    "width": 235.81227951395076,
    "height": 40.46134171447563
  },
  "a11": {
    "x": 264.75667964223356,
    "y": 820.5917637696136,
    "width": 235.81227951395076,
    "height": 40.4613441470976
  },
  "a12": {
    "x": 264.75667964223356,
    "y": 862.2599145826651,
    "width": 235.81227951395076,
    "height": 40.46134414709774
  },
  "a13": {
    "x": 264.75667964223356,
    "y": 903.9280678283387,
    "width": 235.81227951395076,
    "height": 40.451839893572725
  },
  "a14": {
    "x": 264.75667964223356,
    "y": 945.5962186413902,
    "width": 235.81227951395076,
    "height": 82.11999070662425
  },
  "a15": {
    "x": 264.75667964223356,
    "y": 1028.9325202674934,
    "width": 235.81227951395076,
    "height": 40.45183989357287
  },
  "a16": {
    "x": 264.75667964223356,
    "y": 1070.600671080545,
    "width": 235.81227951395076,
    "height": 40.4518423261947
  },
  "a17": {
    "x": 264.75667964223356,
    "y": 1112.2688243262185,
    "width": 235.81227951395076,
    "height": 40.451839893572725
  },
  "a18": {
    "x": 264.75667964223356,
    "y": 1153.93697513927,
    "width": 235.81227951395076,
    "height": 40.451839893572725
  },
  "c1": {
    "x": 691.0831587404531,
    "y": 278.9152977229804,
    "width": 211.54307448241443,
    "height": 82.11999070662438
  },
  "c2": {
    "x": 691.0831587404531,
    "y": 362.2515993490836,
    "width": 211.54307448241443,
    "height": 82.11999313924622
  },
  "c3": {
    "x": 691.0831587404531,
    "y": 445.5879034078086,
    "width": 211.54307448241443,
    "height": 40.451839893572796
  },
  "d1": {
    "x": 903.8425441423464,
    "y": 278.9152977229804,
    "width": 122.56233121191619,
    "height": 165.45629476534938
  },
  "e1": {
    "x": 1086.669279226502,
    "y": 278.9152977229804,
    "width": 211.5430769150364,
    "height": 82.11999070662438
  },
  "e2": {
    "x": 1086.669279226502,
    "y": 362.2515993490836,
    "width": 211.5430769150364,
    "height": 40.45184232619463
  },
  "e3": {
    "x": 1086.669279226502,
    "y": 403.919752594757,
    "width": 211.5430769150364,
    "height": 40.451839893572796
  },
  "e4": {
    "x": 1086.669279226502,
    "y": 445.5879034078086,
    "width": 211.5430769150364,
    "height": 40.451839893572796
  },
  "e5": {
    "x": 1086.669279226502,
    "y": 487.2560542208602,
    "width": 211.5430769150364,
    "height": 40.45184232619463
  },
  "f1": {
    "x": 1299.4286670610174,
    "y": 278.9152977229804,
    "width": 122.55282695839131,
    "height": 82.11999070662438
  },
  "h1": {
    "x": 1541.3034950979343,
    "y": 278.9152977229804,
    "width": 211.54307691503655,
    "height": 82.11999070662438
  },
  "h2": {
    "x": 1541.3034950979343,
    "y": 362.2515993490836,
    "width": 211.54307691503655,
    "height": 123.7881439522978
  },
  "h3": {
    "x": 1541.3034950979343,
    "y": 487.2560542208602,
    "width": 211.54307691503655,
    "height": 82.11999313924622
  },
  "h4": {
    "x": 1541.3034950979343,
    "y": 570.5923582795853,
    "width": 211.54307691503655,
    "height": 82.11999070662432
  }
}