{
  "a1": {
    "x": 126.6603331496437,
    "y": 351.144894327791,
    "width": 244.8836092351544,
    "height": 132.7980991543943
  },
  "a2": {
    "x": 126.6603331496437,
    "y": 485.4061751638955,
    "width": 244.8836092351544,
    "height": 132.7980991543943
  },
  "a3": {
    "x": 126.6603331496437,
    "y": 619.6674584323041,
    "width": 244.8836092351544,
    "height": 65.67220902612827
  },
  "b1": {
    "x": 373.00712649881234,
    "y": 351.144894327791,
    "width": 234.08075948693588,
    "height": 132.7980991543943
  },
  "b2": {
    "x": 373.00712649881234,
    "y": 485.4061751638955,
    "width": 234.08075948693588,
    "height": 199.93349229453682
  },
  "c1": {
    "x": 608.5510676674585,
    "y": 351.144894327791,
    "width": 263.56294780047506,
    "height": 32.104511239904994
  },
  "c2": {
    "x": 608.5510676674585,
    "y": 384.70308666983374,
    "width": 263.56294780047506,
    "height": 32.114016684085506
  },
  "c3": {
    "x": 608.5510676674585,
    "y": 418.270784456057,
    "width": 263.56294780047506,
    "height": 32.104511239904994
  },
  "c4": {
    "x": 608.5510676674585,
    "y": 451.83847980997626,
    "width": 263.56294780047506,
    "height": 32.10451367220902
  },
  "c5": {
    "x": 608.5510676674585,
    "y": 485.4061751638955,
    "width": 263.56294780047506,
    "height": 32.10451367220902
  },
  "c6": {
    "x": 608.5510676674585,
    "y": 518.9738729501188,
    "width": 263.56294780047506,
    "height": 32.104511239904994
  },
  "c7": {
    "x": 608.5510676674585,
    "y": 552.5320652921615,
    "width": 263.56294780047506,
    "height": 32.114016684085506
  },
  "c8": {
    "x": 608.5510676674585,
    "y": 586.0997630783849,
    "width": 263.56294780047506,
    "height": 32.104511239904994
  },
  "c9": {
    "x": 608.5510676674585,
    "y": 619.6674584323041,
    "width": 263.56294780047506,
    "height": 32.104513672209094
  },
  "c10": {
    "x": 608.5510676674585,
    "y": 653.2351537862233,
    "width": 263.56294780047506,
    "height": 32.10451367220896
  },
  "c11": {
    "x": 608.5510676674585,
    "y": 686.8028515724466,
    "width": 263.56294780047506,
    "height": 32.10451123990492
  },
  "c12": {
    "x": 608.5510676674585,
    "y": 720.3610439144892,
    "width": 263.56294780047506,
    "height": 32.11401668408564
  },
  "c13": {
    "x": 608.5510676674585,
    "y": 753.9287417007125,
    "width": 263.56294780047506,
    "height": 32.104511239905065
  },
  "d1": {
    "x": 873.5771971496438,
    "y": 351.144894327791,
    "width": 234.95486875059376,
    "height": 267.0593799904988
  },
  "d2": {
    "x": 873.5771971496438,
    "y": 619.6674584323041,
    "width": 234.95486875059376,
    "height": 132.80760216627078
  },
  "d3": {
    "x": 873.5771971496438,
    "y": 753.9287417007125,
    "width": 234.95486875059376,
    "height": 132.80759973396675
  },
  "d4": {
    "x": 873.5771971496438,
    "y": 888.190022536817,
    "width": 234.95486875059376,
    "height": 65.67220902612841
  },
  "e1": {
    "x": 1109.9952500142517,
    "y": 351.144894327791,
    "width": 199.05938059857476,
    "height": 132.7980991543943
  },
  "e2": {
    "x": 1109.9952500142517,
    "y": 485.4061751638955,
    "width": 199.05938059857476,
    "height": 32.10451367220902
  },
  "e3": {
    "x": 1109.9952500142517,
    "y": 518.9738729501188,
    "width": 199.05938059857476,
    "height": 32.104511239904994
  },
  "e4": {
    "x": 1109.9952500142517,
    "y": 552.5320652921615,
    "width": 199.05938059857476,
    "height": 32.114016684085506
  },
  "f1": {
    "x": 1310.517814726841,
    "y": 351.144894327791,
    "width": 199.0593830308788,
    "height": 132.7980991543943
  },
  "f2": {
    "x": 1310.517814726841,
    "y": 485.4061751638955,
    "width": 199.0593830308788,
    "height": 132.7980991543943
  },
  "h1": {
    "x": 1602.9738711258906,
    "y": 351.144894327791,
    "width": 199.05938303087908,
    "height": 132.7980991543943
  },
  "h2": {
    "x": 1602.9738711258906,
    "y": 485.4061751638955,
    "width": 199.05938303087908,
    "height": 132.7980991543943
  }
}