{
  "a1": {
    "x": 138.51781533491686,
    "y": 342.61282660332546,
    "width": 259.80047505938245,
    "height": 136.09501187648456
  },
  "a2": {
    "x": 138.51781533491686,
    "y": 480.6840855106889,
    "width": 259.80047505938245,
    "height": 123.13539192399051
  },
  "a3": {
    "x": 138.51781533491686,
    "y": 605.7862238859858,
    "width": 259.80047505938245,
    "height": 78.62232596674585
  },
  "a4": {
    "x": 138.51781533491686,
    "y": 686.3752963040381,
    "width": 259.80047505938245,
    "height": 356.45605883135386
  },
  "b1": {
    "x": 400.2945374251782,
    "y": 342.61282660332546,
    "width": 176.95011876484563,
    "height": 136.09501187648456
  },
  "b2": {
    "x": 400.2945374251782,
    "y": 480.6840855106889,
    "width": 176.95011876484563,
    "height": 123.13539192399051
  },
  "b3": {
    "x": 400.2945374251782,
    "y": 605.7862238859858,
    "width": 176.95011876484563,
    "height": 78.62232596674585
  },
  "b4": {
    "x": 400.2945374251782,
    "y": 686.3752963040381,
    "width": 176.95011876484563,
    "height": 356.45605883135386
  },
  "c1": {
    "x": 662.061756503563,
    "y": 342.61282660332546,
    "width": 128.20902734441805,
    "height": 136.09501187648456
  },
  "d1": {
    "x": 792.2470308788598,
    "y": 342.61282660332546,
    "width": 200.61757780522572,
    "height": 341.7957232494062
  },
  "d2": {
    "x": 792.2470308788598,
    "y": 686.3752963040381,
    "width": 200.61757780522572,
    "height": 356.45605883135386
  },
  "e1": {
    "x": 1077.6817089976248,
    "y": 342.61282660332546,
    "width": 136.95011998099764,
    "height": 223.7244661662708
  },
  "e2": {
    "x": 1077.6817089976248,
    "y": 568.313539800475,
    "width": 136.95011998099764,
    "height": 35.50593763420428
  },
  "e3": {
    "x": 1077.6817089976248,
    "y": 605.7862238859858,
    "width": 136.95011998099764,
    "height": 78.62232596674585
  },
  "e4": {
    "x": 1077.6817089976248,
    "y": 686.3752963040381,
    "width": 136.95011998099764,
    "height": 35.50593763420421
  },
  "f1": {
    "x": 1216.5985754299288,
    "y": 342.61282660332546,
    "width": 153.29216030403802,
    "height": 223.7244661662708
  },
  "h1": {
    "x": 1537.5486941947743,
    "y": 342.61282660332546,
    "width": 141.44417869833723,
    "height": 223.7244661662708
  },
  "h2": {
    "x": 1537.5486941947743,
    "y": 568.313539800475,
    "width": 141.44417869833723,
    "height": 474.51781533491686
  }
}