{
  "a1": {
    "x": 247.79097387173397,
    "y": 306.10926244180524,
    "width": 126.9643711543943,
    "height": 60.71259028978622
  },
  "a2": {
    "x": 247.79097387173397,
    "y": 367.99049942042757,
    "width": 126.9643711543943,
    "height": 170.45130641330167
  },
  "a3": {
    "x": 247.79097387173397,
    "y": 539.6104500902613,
    "width": 126.9643711543943,
    "height": 72.38954930166271
  },
  "a4": {
    "x": 247.79097387173397,
    "y": 613.1686460807601,
    "width": 126.9643711543943,
    "height": 218.90736342042757
  },
  "b1": {
    "x": 375.92399171496436,
    "y": 306.10926244180524,
    "width": 142.72683963895489,
    "height": 207.81947925890736
  },
  "b2": {
    "x": 375.92399171496436,
    "y": 515.0973883895488,
    "width": 142.72683963895489,
    "height": 194.3847962755344
  },
  "b3": {
    "x": 375.92399171496436,
    "y": 710.6508313539192,
    "width": 142.72683963895489,
    "height": 403.66745721615206
  },
  "c1": {
    "x": 577.0261282660333,
    "y": 306.10926244180524,
    "width": 154.40380108313548,
    "height": 60.71259028978622
  },
  "c2": {
    "x": 577.0261282660333,
    "y": 367.99049942042757,
    "width": 154.40380108313548,
    "height": 47.8669821567696
  },
  "d1": {
    "x": 732.5985736057007,
    "y": 306.10926244180524,
    "width": 376.228029719715,
    "height": 109.74821913539192
  },
  "d2": {
    "x": 732.5985736057007,
    "y": 417.02612826603325,
    "width": 376.228029719715,
    "height": 697.292160304038
  },
  "e1": {
    "x": 1167.2019002375298,
    "y": 306.10926244180524,
    "width": 111.2019002375297,
    "height": 183.2969145463183
  },
  "e2": {
    "x": 1167.2019002375298,
    "y": 490.5748212446556,
    "width": 111.2019002375297,
    "height": 47.86698458907363
  },
  "e3": {
    "x": 1167.2019002375298,
    "y": 539.6104500902613,
    "width": 111.2019002375297,
    "height": 47.86698458907363
  },
  "e4": {
    "x": 1167.2019002375298,
    "y": 588.646081368171,
    "width": 111.2019002375297,
    "height": 47.86698215676953
  },
  "e5": {
    "x": 1167.2019002375298,
    "y": 637.6817102137768,
    "width": 111.2019002375297,
    "height": 47.8669821567696
  },
  "f1": {
    "x": 1279.5724471638955,
    "y": 306.10926244180524,
    "width": 134.8503556864609,
    "height": 183.2969145463183
  },
  "f2": {
    "x": 1279.5724471638955,
    "y": 490.5748212446556,
    "width": 134.8503556864609,
    "height": 47.86698458907363
  },
  "f3": {
    "x": 1279.5724471638955,
    "y": 539.6104500902613,
    "width": 134.8503556864609,
    "height": 47.86698458907363
  },
  "f4": {
    "x": 1279.5724471638955,
    "y": 588.646081368171,
    "width": 134.8503556864609,
    "height": 47.86698215676953
  },
  "f5": {
    "x": 1279.5724471638955,
    "y": 637.6817102137768,
    "width": 134.8503556864609,
    "height": 47.8669821567696
  },
  "h1": {
    "x": 1530.0047499857483,
    "y": 306.10926244180524,
    "width": 205.76722029453663,
    "height": 281.3681722375297
  },
  "h2": {
    "x": 1530.0047499857483,
    "y": 588.646081368171,
    "width": 205.76722029453663,
    "height": 525.6722072019003
  }
}