{
  "a1": {
    "x": 138.5083123230404,
    "y": 305.0451294251782,
    "width": 159.22090382897863,
    "height": 761.9192399049881
  },
  "b1": {
    "x": 299.08788659382424,
    "y": 305.0451294251782,
    "width": 343.0118752684085,
    "height": 71.18290029453681
  },
  "b2": {
    "x": 299.08788659382424,
    "y": 377.5962007410927,
    "width": 343.0118752684085,
    "height": 66.02375236104514
  },
  "b3": {
    "x": 299.08788659382424,
    "y": 444.98812412351543,
    "width": 343.0118752684085,
    "height": 66.02375236104514
  },
  "c1": {
    "x": 707.2209032209028,
    "y": 305.0451294251782,
    "width": 141.60570071258908,
    "height": 54.3372927695962
  },
  "c2": {
    "x": 707.2209032209028,
    "y": 360.750593216152,
    "width": 141.60570071258908,
    "height": 49.17814726840855
  },
  "c3": {
    "x": 707.2209032209028,
    "y": 411.2969115059383,
    "width": 141.60570071258908,
    "height": 49.168646688836105
  },
  "c4": {
    "x": 707.2209032209028,
    "y": 461.83372921615205,
    "width": 141.60570071258908,
    "height": 49.17814726840855
  },
  "d1": {
    "x": 850.1852719429929,
    "y": 305.0451294251782,
    "width": 203.2304050166271,
    "height": 761.9192399049881
  },
  "e1": {
    "x": 1118.5273153064134,
    "y": 305.0451294251782,
    "width": 132.80760216627078,
    "height": 104.88361105938243
  },
  "e2": {
    "x": 1118.5273153064134,
    "y": 411.2969115059383,
    "width": 132.80760216627078,
    "height": 66.01425178147268
  },
  "e3": {
    "x": 1118.5273153064134,
    "y": 478.6793343087886,
    "width": 132.80760216627078,
    "height": 66.02375236104514
  },
  "e4": {
    "x": 1118.5273153064134,
    "y": 546.0712576912114,
    "width": 132.80760216627078,
    "height": 66.02375479334917
  },
  "f1": {
    "x": 1252.7030884940618,
    "y": 305.0451294251782,
    "width": 159.2114008171022,
    "height": 172.26603386223277
  },
  "f2": {
    "x": 1252.7030884940618,
    "y": 478.6793343087886,
    "width": 159.2114008171022,
    "height": 133.41567817577197
  },
  "h1": {
    "x": 1540.7695974156773,
    "y": 305.0451294251782,
    "width": 132.8075997339666,
    "height": 104.88361105938243
  },
  "h2": {
    "x": 1540.7695974156773,
    "y": 411.2969115059383,
    "width": 132.8075997339666,
    "height": 99.71496497862233
  },
  "h3": {
    "x": 1540.7695974156773,
    "y": 512.3800475059383,
    "width": 132.8075997339666,
    "height": 99.71496497862233
  },
  "h4": {
    "x": 1540.7695974156773,
    "y": 613.4536829263658,
    "width": 164.67458189073608,
    "height": 99.72446555819478
  }
}
