{
  "a1": {
    "x": 211.71496497862233,
    "y": 320.9691223562945,
    "width": 132.39904805700715,
    "height": 966.9168646080761
  },
  "b1": {
    "x": 345.94774407600954,
    "y": 320.9691223562945,
    "width": 151.40142335391926,
    "height": 525.2921596959619
  },
  "b2": {
    "x": 345.94774407600954,
    "y": 848.0950130926366,
    "width": 151.40142335391926,
    "height": 439.79097387173414
  },
  "d1": {
    "x": 682.4513064133017,
    "y": 320.9691223562945,
    "width": 235.98099701662701,
    "height": 142.81234971971497
  },
  "d2": {
    "x": 682.4513064133017,
    "y": 465.624703695962,
    "width": 235.98099701662701,
    "height": 88.87410804750594
  },
  "e1": {
    "x": 999.9524934536817,
    "y": 320.9691223562945,
    "width": 153.85273341567702,
    "height": 97.45368110213778
  },
  "e2": {
    "x": 999.9524934536817,
    "y": 420.26603264608076,
    "width": 153.85273341567702,
    "height": 43.51543942992874
  },
  "e3": {
    "x": 999.9524934536817,
    "y": 465.624703695962,
    "width": 153.85273341567702,
    "height": 43.51543942992874
  },
  "e4": {
    "x": 999.9524934536817,
    "y": 510.98337231353923,
    "width": 153.85273341567702,
    "height": 43.51543942992874
  },
  "e5": {
    "x": 999.9524934536817,
    "y": 556.332540351544,
    "width": 153.85273341567702,
    "height": 43.52494244180522
  },
  "e6": {
    "x": 999.9524934536817,
    "y": 601.6912114014252,
    "width": 153.85273341567702,
    "height": 43.52494000950112
  },
  "f1": {
    "x": 1155.6389554774346,
    "y": 320.9691223562945,
    "width": 187.8669827648457,
    "height": 97.45368110213778
  },
  "f2": {
    "x": 1155.6389554774346,
    "y": 420.26603264608076,
    "width": 187.8669827648457,
    "height": 134.23277909738718
  },
  "h1": {
    "x": 1497.358669225653,
    "y": 320.9691223562945,
    "width": 147.41092697387194,
    "height": 278.88836043705464
  },
  "h2": {
    "x": 1497.358669225653,
    "y": 601.6912114014252,
    "width": 147.41092697387194,
    "height": 219.4394299287411
  },
  "h3": {
    "x": 1497.358669225653,
    "y": 822.9643699382423,
    "width": 147.41092697387194,
    "height": 73.55819599049894
  },
  "h4": {
    "x": 1497.358669225653,
    "y": 898.3562945368171,
    "width": 147.41092697387194,
    "height": 76.92161520190024
  },
  "h5": {
    "x": 1497.358669225653,
    "y": 977.1211389263658,
    "width": 147.41092697387194,
    "height": 83.66745964845606
  }
}