{
  "a1": {
    "x": 132.1235142232779,
    "y": 382.39429989548694,
    "width": 285.24465679809975,
    "height": 42.0332541567696
  },
  "a2": {
    "x": 132.1235142232779,
    "y": 426.1092636579573,
    "width": 285.24465679809975,
    "height": 42.0332541567696
  },
  "a3": {
    "x": 132.1235142232779,
    "y": 469.81472684085514,
    "width": 285.24465679809975,
    "height": 42.0332541567696
  },
  "a4": {
    "x": 132.1235142232779,
    "y": 513.5296906033254,
    "width": 285.24465679809975,
    "height": 20.17102198574822
  },
  "a5": {
    "x": 132.1235142232779,
    "y": 535.3824221947743,
    "width": 285.24465679809975,
    "height": 63.88598574821853
  },
  "a6": {
    "x": 132.1235142232779,
    "y": 600.9501175486936,
    "width": 285.24465679809975,
    "height": 20.180524997624698
  },
  "b1": {
    "x": 419.0498806270784,
    "y": 382.39429989548694,
    "width": 175.97149582897862,
    "height": 63.88598574821853
  },
  "b2": {
    "x": 419.0498806270784,
    "y": 447.9619952494062,
    "width": 175.97149582897862,
    "height": 63.88598574821853
  },
  "b3": {
    "x": 419.0498806270784,
    "y": 513.5296906033254,
    "width": 175.97149582897862,
    "height": 63.88598574821853
  },
  "b4": {
    "x": 419.0498806270784,
    "y": 579.0973883895488,
    "width": 175.97149582897862,
    "height": 63.8859833159145
  },
  "b5": {
    "x": 419.0498806270784,
    "y": 644.665083743468,
    "width": 126.93586698337293,
    "height": 326.1567695961995
  },
  "c1": {
    "x": 732.8741098717339,
    "y": 382.39429989548694,
    "width": 191.94299165795726,
    "height": 20.180522565320665
  },
  "c2": {
    "x": 732.8741098717339,
    "y": 404.2565320665083,
    "width": 191.94299165795726,
    "height": 20.17102198574822
  },
  "c3": {
    "x": 732.8741098717339,
    "y": 426.1092636579573,
    "width": 191.94299165795726,
    "height": 20.17102198574822
  },
  "c4": {
    "x": 732.8741098717339,
    "y": 447.9619952494062,
    "width": 191.94299165795726,
    "height": 20.180522565320665
  },
  "c5": {
    "x": 732.8741098717339,
    "y": 469.81472684085514,
    "width": 191.94299165795726,
    "height": 20.180522565320665
  },
  "c6": {
    "x": 732.8741098717339,
    "y": 491.67695901187653,
    "width": 191.94299165795726,
    "height": 20.17102198574822
  },
  "c7": {
    "x": 732.8741098717339,
    "y": 513.5296906033254,
    "width": 191.94299165795726,
    "height": 20.17102198574822
  },
  "c8": {
    "x": 732.8741098717339,
    "y": 535.3824221947743,
    "width": 191.94299165795726,
    "height": 20.180522565320665
  },
  "c9": {
    "x": 732.8741098717339,
    "y": 557.2446543657958,
    "width": 191.94299165795726,
    "height": 20.17102198574822
  },
  "c10": {
    "x": 732.8741098717339,
    "y": 579.0973883895488,
    "width": 191.94299165795726,
    "height": 20.171019553444186
  },
  "c11": {
    "x": 732.8741098717339,
    "y": 600.9501175486936,
    "width": 191.94299165795726,
    "height": 20.180524997624698
  },
  "c12": {
    "x": 732.8741098717339,
    "y": 622.812352152019,
    "width": 191.94299165795726,
    "height": 20.171019553444257
  },
  "c13": {
    "x": 732.8741098717339,
    "y": 644.665083743468,
    "width": 191.94299165795726,
    "height": 20.171021985748148
  },
  "c14": {
    "x": 732.8741098717339,
    "y": 666.5178153349168,
    "width": 191.94299165795726,
    "height": 20.180522565320803
  },
  "c15": {
    "x": 732.8741098717339,
    "y": 688.3800475059383,
    "width": 191.94299165795726,
    "height": 20.171021985748286
  },
  "c16": {
    "x": 732.8741098717339,
    "y": 710.2327790973872,
    "width": 191.94299165795726,
    "height": 20.171021985748286
  },
  "c17": {
    "x": 732.8741098717339,
    "y": 732.0855106888362,
    "width": 191.94299165795726,
    "height": 20.180522565320665
  },
  "c18": {
    "x": 732.8741098717339,
    "y": 753.9477428598575,
    "width": 191.94299165795726,
    "height": 20.171021985748286
  },
  "c19": {
    "x": 732.8741098717339,
    "y": 775.8004744513064,
    "width": 191.94299165795726,
    "height": 20.171021985748286
  },
  "c20": {
    "x": 732.8741098717339,
    "y": 797.6532060427553,
    "width": 191.94299165795726,
    "height": 20.180522565320665
  },
  "c21": {
    "x": 732.8741098717339,
    "y": 819.5059376342042,
    "width": 191.94299165795726,
    "height": 20.180522565320665
  },
  "c22": {
    "x": 732.8741098717339,
    "y": 841.3681698052255,
    "width": 191.94299165795726,
    "height": 20.171021985748286
  },
  "c23": {
    "x": 732.8741098717339,
    "y": 863.2209038289786,
    "width": 191.94299165795726,
    "height": 20.17101955344412
  },
  "c24": {
    "x": 732.8741098717339,
    "y": 885.0736329881234,
    "width": 191.94299165795726,
    "height": 20.180524997624836
  },
  "c25": {
    "x": 732.8741098717339,
    "y": 906.9358675914489,
    "width": 191.94299165795726,
    "height": 20.171019553444257
  },
  "c26": {
    "x": 732.8741098717339,
    "y": 928.788599182898,
    "width": 191.94299165795726,
    "height": 20.171021985748148
  },
  "c27": {
    "x": 732.8741098717339,
    "y": 950.6413307743468,
    "width": 191.94299165795726,
    "height": 20.180522565320803
  },
  "e1": {
    "x": 1068.83610512114,
    "y": 382.39429989548694,
    "width": 142.9073628123516,
    "height": 85.7482179192399
  },
  "e2": {
    "x": 1068.83610512114,
    "y": 469.81472684085514,
    "width": 142.9073628123516,
    "height": 20.180522565320665
  },
  "e3": {
    "x": 1068.83610512114,
    "y": 491.67695901187653,
    "width": 142.9073628123516,
    "height": 42.02375357719715
  },
  "e4": {
    "x": 1068.83610512114,
    "y": 535.3824221947743,
    "width": 142.9073628123516,
    "height": 42.0332541567696
  },
  "f1": {
    "x": 1213.4251775391924,
    "y": 382.39429989548694,
    "width": 138.1377678289787,
    "height": 85.7482179192399
  },
  "f2": {
    "x": 1213.4251775391924,
    "y": 469.81472684085514,
    "width": 138.1377678289787,
    "height": 20.180522565320665
  },
  "f3": {
    "x": 1213.4251775391924,
    "y": 491.67695901187653,
    "width": 138.1377678289787,
    "height": 42.02375357719715
  },
  "f4": {
    "x": 1213.4251775391924,
    "y": 535.3824221947743,
    "width": 138.1377678289787,
    "height": 20.180522565320665
  },
  "f5": {
    "x": 1213.4251775391924,
    "y": 557.2446543657958,
    "width": 138.1377678289787,
    "height": 20.17102198574822
  },
  "h1": {
    "x": 1495.581946527316,
    "y": 382.39429989548694,
    "width": 145.42517936342057,
    "height": 85.7482179192399
  },
  "h2": {
    "x": 1495.581946527316,
    "y": 469.81472684085514,
    "width": 145.42517936342057,
    "height": 42.0332541567696
  },
  "h3": {
    "x": 1495.581946527316,
    "y": 513.5296906033254,
    "width": 97.51068944418073,
    "height": 457.2921627363421
  }
}
