{
  "a1": {
    "x": 137.89073573396675,
    "y": 348.2660338622328,
    "width": 139.14489493586697,
    "height": 917.7007125890736
  },
  "b1": {
    "x": 278.8028503562945,
    "y": 348.2660338622328,
    "width": 158.89786223277912,
    "height": 461.35866861757717
  },
  "b2": {
    "x": 278.8028503562945,
    "y": 811.3919245985747,
    "width": 158.89786223277912,
    "height": 454.5748218527316
  },
  "d1": {
    "x": 632.2660320380048,
    "y": 348.2660338622328,
    "width": 247.62945428978617,
    "height": 193.38717218052258
  },
  "d2": {
    "x": 632.2660320380048,
    "y": 543.4204281615202,
    "width": 247.62945428978617,
    "height": 44.80760095011877
  },
  "e1": {
    "x": 965.3871740047507,
    "y": 348.2660338622328,
    "width": 161.54869176247024,
    "height": 100.22802789548695
  },
  "e2": {
    "x": 965.3871740047507,
    "y": 450.2612838764846,
    "width": 161.54869176247024,
    "height": 44.817101529691215
  },
  "e3": {
    "x": 965.3871740047507,
    "y": 496.8456050926366,
    "width": 161.54869176247024,
    "height": 44.80760095011877
  },
  "e4": {
    "x": 965.3871740047507,
    "y": 543.4204281615202,
    "width": 161.54869176247024,
    "height": 44.80760095011877
  },
  "e5": {
    "x": 965.3871740047507,
    "y": 589.9952487980997,
    "width": 161.54869176247024,
    "height": 44.8076009501187
  },
  "e6": {
    "x": 965.3871740047507,
    "y": 636.5795724465559,
    "width": 161.54869176247024,
    "height": 44.80760095011877
  },
  "f1": {
    "x": 1128.7030878859857,
    "y": 348.2660338622328,
    "width": 192.19952433254164,
    "height": 100.22802789548695
  },
  "f2": {
    "x": 1128.7030878859857,
    "y": 450.2612838764846,
    "width": 192.19952433254164,
    "height": 137.9667452351544
  },
  "h1": {
    "x": 1482.4513064133018,
    "y": 348.2660338622328,
    "width": 160.37054692636573,
    "height": 286.5368158859857
  },
  "h2": {
    "x": 1482.4513064133018,
    "y": 636.5795724465559,
    "width": 160.37054692636573,
    "height": 224.33254217577206
  },
  "h3": {
    "x": 1482.4513064133018,
    "y": 862.6888373206652,
    "width": 160.37054692636573,
    "height": 75.16389366270764
  },
  "h4": {
    "x": 1482.4513064133018,
    "y": 939.6294536817103,
    "width": 160.37054692636573,
    "height": 75.17339667458432
  },
  "h5": {
    "x": 1482.4513064133018,
    "y": 1016.5700700427554,
    "width": 160.37054692636573,
    "height": 75.17339667458432
  }
}