{
  "a1": {
    "x": 142.43230464608075,
    "y": 381.729215543943,
    "width": 139.05938242280286,
    "height": 882.6793361330165
  },
  "b1": {
    "x": 283.3159150973872,
    "y": 381.729215543943,
    "width": 159.1068871448931,
    "height": 391.08788720190034
  },
  "b2": {
    "x": 283.3159150973872,
    "y": 774.6413307743469,
    "width": 159.1068871448931,
    "height": 489.76722090261273
  },
  "d1": {
    "x": 637.0546306128266,
    "y": 381.729215543943,
    "width": 248.07601071733967,
    "height": 196.7600968361045
  },
  "d2": {
    "x": 637.0546306128266,
    "y": 580.3135404085511,
    "width": 248.07601071733967,
    "height": 92.91211219002369
  },
  "e1": {
    "x": 970.7553444180523,
    "y": 381.729215543943,
    "width": 161.5391936152019,
    "height": 102.02375418527316
  },
  "e2": {
    "x": 970.7553444180523,
    "y": 485.5771977577197,
    "width": 161.5391936152019,
    "height": 45.539191790973874
  },
  "e3": {
    "x": 970.7553444180523,
    "y": 532.9406175771971,
    "width": 161.5391936152019,
    "height": 45.548694802850356
  },
  "e4": {
    "x": 970.7553444180523,
    "y": 580.3135404085511,
    "width": 161.5391936152019,
    "height": 45.539191790973945
  },
  "e5": {
    "x": 970.7553444180523,
    "y": 627.6769602280286,
    "width": 161.5391936152019,
    "height": 45.548692370546185
  },
  "e6": {
    "x": 970.7553444180523,
    "y": 675.040380047506,
    "width": 161.5391936152019,
    "height": 45.54869237054633
  },
  "f1": {
    "x": 1134.1092630498813,
    "y": 381.729215543943,
    "width": 194.93586637529685,
    "height": 102.02375418527316
  },
  "f2": {
    "x": 1134.1092630498813,
    "y": 485.5771977577197,
    "width": 194.93586637529685,
    "height": 140.2755344418053
  },
  "h1": {
    "x": 1490.58432304038,
    "y": 381.729215543943,
    "width": 152.42755405225645,
    "height": 291.49643705463177
  },
  "h2": {
    "x": 1490.58432304038,
    "y": 675.040380047506,
    "width": 152.42755405225645,
    "height": 223.48693465083136
  },
  "h3": {
    "x": 1490.58432304038,
    "y": 900.3420421472686,
    "width": 152.42755405225645,
    "height": 76.52256653681711
  },
  "h4": {
    "x": 1490.58432304038,
    "y": 978.6793361330168,
    "width": 152.42755405225645,
    "height": 80.16151958194767
  },
  "h5": {
    "x": 1490.58432304038,
    "y": 1060.6650837434681,
    "width": 152.42755405225645,
    "height": 87.44893111638956
  }
}