{
  "a1": {
    "x": 264.75667964223356,
    "y": 317.9512762950029,
    "width": 235.81227951395076,
    "height": 39.245033227618805
  },
  "a2": {
    "x": 264.75667964223356,
    "y": 358.4031161885757,
    "width": 235.81227951395076,
    "height": 39.245033227618805
  },
  "a3": {
    "x": 264.75667964223356,
    "y": 398.8644603356733,
    "width": 235.81227951395076,
    "height": 79.6873688676668
  },
  "a4": {
    "x": 264.75667964223356,
    "y": 479.7681401228189,
    "width": 235.81227951395076,
    "height": 120.1487130147644
  },
  "a5": {
    "x": 264.75667964223356,
    "y": 601.1331640570621,
    "width": 235.81227951395076,
    "height": 39.235531406715836
  },
  "a6": {
    "x": 264.75667964223356,
    "y": 641.5850063832568,
    "width": 235.81227951395076,
    "height": 39.23552897409407
  },
  "a7": {
    "x": 264.75667964223356,
    "y": 682.0368462768296,
    "width": 235.81227951395076,
    "height": 39.245030794996836
  },
  "a8": {
    "x": 264.75667964223356,
    "y": 722.4886861704023,
    "width": 235.81227951395076,
    "height": 39.24503079499697
  },
  "a9": {
    "x": 264.75667964223356,
    "y": 762.9500278848781,
    "width": 235.81227951395076,
    "height": 39.23553140671591
  },
  "a10": {
    "x": 264.75667964223356,
    "y": 803.4018702110728,
    "width": 235.81227951395076,
    "height": 39.23552897409394
  },
  "a11": {
    "x": 264.75667964223356,
    "y": 843.8537101046455,
    "width": 235.81227951395076,
    "height": 39.245033227618805
  },
  "a12": {
    "x": 264.75667964223356,
    "y": 884.3055499982182,
    "width": 235.81227951395076,
    "height": 39.24503322761895
  },
  "a13": {
    "x": 264.75667964223356,
    "y": 924.766894145316,
    "width": 235.81227951395076,
    "height": 39.23552897409394
  },
  "a14": {
    "x": 264.75667964223356,
    "y": 965.2187340388887,
    "width": 235.81227951395076,
    "height": 79.69687312119167
  },
  "a15": {
    "x": 264.75667964223356,
    "y": 1046.1224138260343,
    "width": 235.81227951395076,
    "height": 39.245033227618805
  },
  "a16": {
    "x": 264.75667964223356,
    "y": 1086.583757973132,
    "width": 235.81227951395076,
    "height": 39.23552897409394
  },
  "a17": {
    "x": 264.75667964223356,
    "y": 1127.0355978667046,
    "width": 235.81227951395076,
    "height": 39.23553140671591
  },
  "a18": {
    "x": 264.75667964223356,
    "y": 1167.4874401928994,
    "width": 235.81227951395076,
    "height": 39.24503079499697
  },
  "a19": {
    "x": 264.75667964223356,
    "y": 1207.939280086472,
    "width": 235.81227951395076,
    "height": 39.24503079499697
  },
  "c1": {
    "x": 691.0831587404531,
    "y": 317.9512762950029,
    "width": 211.54307448241443,
    "height": 79.6968731211916
  },
  "c2": {
    "x": 691.0831587404531,
    "y": 398.8644603356733,
    "width": 211.54307448241443,
    "height": 79.6873688676668
  },
  "c3": {
    "x": 691.0831587404531,
    "y": 479.7681401228189,
    "width": 211.54307448241443,
    "height": 39.245033227618805
  },
  "d1": {
    "x": 903.8425441423464,
    "y": 317.9512762950029,
    "width": 122.56233121191619,
    "height": 160.6005529083372
  },
  "e1": {
    "x": 1086.669279226502,
    "y": 317.9512762950029,
    "width": 211.5430769150364,
    "height": 79.6968731211916
  },
  "e2": {
    "x": 1086.669279226502,
    "y": 398.8644603356733,
    "width": 211.5430769150364,
    "height": 39.235528974094
  },
  "e3": {
    "x": 1086.669279226502,
    "y": 439.3163002292461,
    "width": 211.5430769150364,
    "height": 39.235528974094
  },
  "e4": {
    "x": 1086.669279226502,
    "y": 479.7681401228189,
    "width": 211.5430769150364,
    "height": 39.245033227618805
  },
  "e5": {
    "x": 1086.669279226502,
    "y": 520.2199800163917,
    "width": 211.5430769150364,
    "height": 39.245033227618805
  },
  "f1": {
    "x": 1299.4286670610174,
    "y": 317.9512762950029,
    "width": 122.55282695839131,
    "height": 79.6968731211916
  },
  "h1": {
    "x": 1541.3034950979343,
    "y": 317.9512762950029,
    "width": 211.54307691503655,
    "height": 79.6968731211916
  },
  "h2": {
    "x": 1541.3034950979343,
    "y": 398.8644603356733,
    "width": 211.54307691503655,
    "height": 120.1487130147644
  },
  "h3": {
    "x": 1541.3034950979343,
    "y": 520.2199800163917,
    "width": 211.54307691503655,
    "height": 79.6968731211916
  },
  "h4": {
    "x": 1541.3034950979343,
    "y": 601.1331640570621,
    "width": 211.54307691503655,
    "height": 79.6873713002887
  }
}