{
  "a1": {
    "x": 207.60094890261283,
    "y": 255.3919239904988,
    "width": 177.68171203800475,
    "height": 37.73871733966746
  },
  "a2": {
    "x": 207.60094890261283,
    "y": 294.2517802565321,
    "width": 177.68171203800475,
    "height": 31.258908579572445
  },
  "a3": {
    "x": 207.60094890261283,
    "y": 326.6318277624703,
    "width": 177.68171203800475,
    "height": 24.779097387173397
  },
  "a4": {
    "x": 207.60094890261283,
    "y": 352.541567087886,
    "width": 177.68171203800475,
    "height": 24.779097387173397
  },
  "a5": {
    "x": 207.60094890261283,
    "y": 378.45130641330167,
    "width": 177.68171203800475,
    "height": 28.152019610451305
  },
  "a6": {
    "x": 207.60094890261283,
    "y": 407.7339655296912,
    "width": 177.68171203800475,
    "height": 28.161522622327787
  },
  "a7": {
    "x": 207.60094890261283,
    "y": 437.01662707838483,
    "width": 177.68171203800475,
    "height": 24.779097387173397
  },
  "b1": {
    "x": 501.292160912114,
    "y": 255.3919239904988,
    "width": 332.5510682755345,
    "height": 854.061756503563
  },
  "c1": {
    "x": 929.5866989453682,
    "y": 255.3919239904988,
    "width": 142.2042761425179,
    "height": 37.73871733966746
  },
  "d1": {
    "x": 1206.3847980997625,
    "y": 255.3919239904988,
    "width": 181.06413240855116,
    "height": 879.9619952494062
  },
  "e1": {
    "x": 1388.5795724465559,
    "y": 255.3919239904988,
    "width": 110.37529630403807,
    "height": 96.0190011591449
  },
  "e2": {
    "x": 1388.5795724465559,
    "y": 352.541567087886,
    "width": 110.37529630403807,
    "height": 24.779097387173397
  },
  "e3": {
    "x": 1388.5795724465559,
    "y": 378.45130641330167,
    "width": 110.37529630403807,
    "height": 57.44418173871734
  },
  "e4": {
    "x": 1388.5795724465559,
    "y": 437.01662707838483,
    "width": 110.37529630403807,
    "height": 24.779097387173397
  },
  "f1": {
    "x": 1500.0855106888362,
    "y": 255.3919239904988,
    "width": 104.7505932161521,
    "height": 96.0190011591449
  },
  "g1": {
    "x": 1605.9572452636583,
    "y": 255.3919239904988,
    "width": 110.38479688361032,
    "height": 37.73871733966746
  },
  "g2": {
    "x": 1605.9572452636583,
    "y": 294.2517802565321,
    "width": 110.38479688361032,
    "height": 31.258908579572445
  },
  "h1": {
    "x": 1717.4726840855108,
    "y": 255.3919239904988,
    "width": 116.85510749643699,
    "height": 180.5035641615202
  },
  "h2": {
    "x": 1717.4726840855108,
    "y": 437.01662707838483,
    "width": 116.85510749643699,
    "height": 154.30878799049881
  }
}