{
  "a1": {
    "x": 326.11386346434807,
    "y": 202.5632796303555,
    "width": 292.6558089251565,
    "height": 20.838828749599113
  },
  "a2": {
    "x": 326.11386346434807,
    "y": 224.21931606266853,
    "width": 292.6558089251565,
    "height": 20.83882631697728
  },
  "a3": {
    "x": 326.11386346434807,
    "y": 245.87535249498154,
    "width": 292.6558089251565,
    "height": 19.622515397498486
  },
  "a4": {
    "x": 326.11386346434807,
    "y": 266.31507557519393,
    "width": 292.6558089251565,
    "height": 20.838828749599113
  },
  "a5": {
    "x": 326.11386346434807,
    "y": 287.9711120075069,
    "width": 292.6558089251565,
    "height": 20.83882631697728
  },
  "a6": {
    "x": 326.11386346434807,
    "y": 309.6271484398199,
    "width": 292.6558089251565,
    "height": 20.83882631697728
  },
  "a7": {
    "x": 326.11386346434807,
    "y": 331.28318487213295,
    "width": 292.6558089251565,
    "height": 20.83882631697728
  },
  "a8": {
    "x": 326.11386346434807,
    "y": 352.93922130444594,
    "width": 292.6558089251565,
    "height": 20.83882631697728
  },
  "a9": {
    "x": 326.11386346434807,
    "y": 374.59525530413714,
    "width": 292.6558089251565,
    "height": 20.838828749599113
  },
  "a10": {
    "x": 326.11386346434807,
    "y": 396.2512917364501,
    "width": 292.6558089251565,
    "height": 20.83882631697728
  },
  "a11": {
    "x": 326.11386346434807,
    "y": 417.9073281687631,
    "width": 292.6558089251565,
    "height": 20.848328137880248
  },
  "a12": {
    "x": 326.11386346434807,
    "y": 439.57286642197914,
    "width": 292.6558089251565,
    "height": 20.83882631697728
  },
  "a13": {
    "x": 326.11386346434807,
    "y": 461.2289004216703,
    "width": 292.6558089251565,
    "height": 20.838828749599113
  },
  "a14": {
    "x": 326.11386346434807,
    "y": 482.8849368539833,
    "width": 292.6558089251565,
    "height": 20.83882631697728
  },
  "a15": {
    "x": 326.11386346434807,
    "y": 504.5409732862963,
    "width": 292.6558089251565,
    "height": 20.83882631697728
  },
  "a16": {
    "x": 326.11386346434807,
    "y": 526.1970097186094,
    "width": 292.6558089251565,
    "height": 20.83882631697728
  },
  "a17": {
    "x": 326.11386346434807,
    "y": 547.8530461509223,
    "width": 292.6558089251565,
    "height": 20.83882631697728
  },
  "a18": {
    "x": 326.11386346434807,
    "y": 569.5090801506135,
    "width": 292.6558089251565,
    "height": 20.838828749599113
  },
  "a19": {
    "x": 326.11386346434807,
    "y": 591.1651165829265,
    "width": 292.6558089251565,
    "height": 20.848330570502082
  },
  "a20": {
    "x": 326.11386346434807,
    "y": 612.8306548361425,
    "width": 292.6558089251565,
    "height": 20.838826316977208
  },
  "a21": {
    "x": 326.11386346434807,
    "y": 634.4866912684554,
    "width": 292.6558089251565,
    "height": 20.838826316977347
  },
  "a22": {
    "x": 326.11386346434807,
    "y": 656.1427252681467,
    "width": 292.6558089251565,
    "height": 20.83882874959918
  },
  "a23": {
    "x": 326.11386346434807,
    "y": 677.7987617004597,
    "width": 292.6558089251565,
    "height": 20.838826316977208
  },
  "a24": {
    "x": 326.11386346434807,
    "y": 699.4547981327727,
    "width": 292.6558089251565,
    "height": 20.838826316977208
  },
  "a25": {
    "x": 326.11386346434807,
    "y": 721.1108345650856,
    "width": 292.6558089251565,
    "height": 20.838826316977347
  },
  "a26": {
    "x": 326.11386346434807,
    "y": 742.7668709973988,
    "width": 292.6558089251565,
    "height": 20.848328137880248
  },
  "a27": {
    "x": 326.11386346434807,
    "y": 764.4324092506147,
    "width": 292.6558089251565,
    "height": 20.838826316977347
  },
  "a28": {
    "x": 326.11386346434807,
    "y": 786.0884432503059,
    "width": 292.6558089251565,
    "height": 20.838828749599042
  },
  "a29": {
    "x": 326.11386346434807,
    "y": 807.7444796826189,
    "width": 292.6558089251565,
    "height": 20.838826316977208
  },
  "a30": {
    "x": 326.11386346434807,
    "y": 829.4005161149319,
    "width": 292.6558089251565,
    "height": 20.838826316977347
  },
  "a31": {
    "x": 326.11386346434807,
    "y": 851.0565501146231,
    "width": 292.6558089251565,
    "height": 20.83882874959918
  },
  "a32": {
    "x": 326.11386346434807,
    "y": 872.7125865469361,
    "width": 292.6558089251565,
    "height": 20.838826316977208
  },
  "a33": {
    "x": 326.11386346434807,
    "y": 894.368622979249,
    "width": 292.6558089251565,
    "height": 20.838826316977208
  },
  "a34": {
    "x": 326.11386346434807,
    "y": 916.024659411562,
    "width": 292.6558089251565,
    "height": 20.848328137880248
  },
  "a35": {
    "x": 326.11386346434807,
    "y": 937.690197664778,
    "width": 292.6558089251565,
    "height": 20.838826316977347
  },
  "a36": {
    "x": 326.11386346434807,
    "y": 959.346234097091,
    "width": 292.6558089251565,
    "height": 20.838826316977347
  },
  "a37": {
    "x": 326.11386346434807,
    "y": 981.0022680967824,
    "width": 292.6558089251565,
    "height": 20.838828749599042
  },
  "a38": {
    "x": 326.11386346434807,
    "y": 1002.6583045290953,
    "width": 292.6558089251565,
    "height": 20.838826316977208
  },
  "a39": {
    "x": 326.11386346434807,
    "y": 1024.314340961408,
    "width": 292.6558089251565,
    "height": 20.838826316977347
  },
  "a40": {
    "x": 326.11386346434807,
    "y": 1045.9703749610994,
    "width": 292.6558089251565,
    "height": 20.83882874959918
  },
  "a41": {
    "x": 326.11386346434807,
    "y": 1067.6264113934126,
    "width": 292.6558089251565,
    "height": 20.838826316977208
  },
  "a42": {
    "x": 326.11386346434807,
    "y": 1089.2919496466286,
    "width": 292.6558089251565,
    "height": 20.838826316977208
  },
  "a43": {
    "x": 326.11386346434807,
    "y": 1110.9479860789415,
    "width": 292.6558089251565,
    "height": 20.838826316977208
  },
  "a44": {
    "x": 326.11386346434807,
    "y": 1132.6040225112545,
    "width": 292.6558089251565,
    "height": 20.838826316977347
  },
  "a45": {
    "x": 326.11386346434807,
    "y": 1154.2600589435674,
    "width": 292.6558089251565,
    "height": 20.838826316977347
  },
  "a46": {
    "x": 326.11386346434807,
    "y": 1175.9160929432587,
    "width": 292.6558089251565,
    "height": 20.838828749599042
  },
  "a47": {
    "x": 326.11386346434807,
    "y": 1197.5721293755716,
    "width": 292.6558089251565,
    "height": 20.838826316977208
  },
  "a48": {
    "x": 326.11386346434807,
    "y": 1219.2281658078846,
    "width": 292.6558089251565,
    "height": 20.838826316977347
  },
  "a49": {
    "x": 326.11386346434807,
    "y": 1240.884199807576,
    "width": 292.6558089251565,
    "height": 20.848330570502082
  },
  "c1": {
    "x": 787.2192329164143,
    "y": 202.5632796303555,
    "width": 223.74419582605805,
    "height": 20.838828749599113
  },
  "c2": {
    "x": 787.2192329164143,
    "y": 224.21931606266853,
    "width": 223.74419582605805,
    "height": 20.83882631697728
  },
  "c3": {
    "x": 787.2192329164143,
    "y": 245.87535249498154,
    "width": 223.74419582605805,
    "height": 19.622515397498486
  },
  "c4": {
    "x": 787.2192329164143,
    "y": 266.31507557519393,
    "width": 223.74419582605805,
    "height": 20.838828749599113
  },
  "c5": {
    "x": 787.2192329164143,
    "y": 287.9711120075069,
    "width": 223.74419582605805,
    "height": 20.83882631697728
  },
  "c6": {
    "x": 787.2192329164143,
    "y": 309.6271484398199,
    "width": 223.74419582605805,
    "height": 20.83882631697728
  },
  "c7": {
    "x": 787.2192329164143,
    "y": 331.28318487213295,
    "width": 223.74419582605805,
    "height": 20.83882631697728
  },
  "c8": {
    "x": 787.2192329164143,
    "y": 352.93922130444594,
    "width": 223.74419582605805,
    "height": 20.83882631697728
  },
  "c9": {
    "x": 787.2192329164143,
    "y": 374.59525530413714,
    "width": 223.74419582605805,
    "height": 20.838828749599113
  },