{
  "a1": {
    "x": 137.98574882660333,
    "y": 304.9311176057007,
    "width": 159.25890614726842,
    "height": 762.1282648171021
  },
  "b1": {
    "x": 298.6128259952494,
    "y": 304.9311176057007,
    "width": 343.1163913729216,
    "height": 71.20189902137768
  },
  "b2": {
    "x": 298.6128259952494,
    "y": 377.5011876484561,
    "width": 343.1163913729216,
    "height": 66.04275595249406
  },
  "b3": {
    "x": 298.6128259952494,
    "y": 444.90261161045134,
    "width": 343.1163913729216,
    "height": 66.04275595249406
  },
  "c1": {
    "x": 706.8598568741093,
    "y": 304.9311176057007,
    "width": 141.6437054631829,
    "height": 54.34679334916865
  },
  "c2": {
    "x": 706.8598568741093,
    "y": 360.64608197624705,
    "width": 141.6437054631829,
    "height": 49.187647847981005
  },
  "c3": {
    "x": 706.8598568741093,
    "y": 411.20190084560573,
    "width": 141.6437054631829,
    "height": 49.187647847981005
  },
  "c4": {
    "x": 706.8598568741093,
    "y": 461.75771971496437,
    "width": 141.6437054631829,
    "height": 49.187647847981005
  },
  "d1": {
    "x": 849.8717333586698,
    "y": 304.9311176057007,
    "width": 203.2874109263658,
    "height": 762.1282648171021
  },
  "e1": {
    "x": 1118.289786223278,
    "y": 304.9311176057007,
    "width": 132.8361039049882,
    "height": 104.90261221852732
  },
  "e2": {
    "x": 1118.289786223278,
    "y": 411.20190084560573,
    "width": 132.8361039049882,
    "height": 66.04275595249406
  },
  "e3": {
    "x": 1118.289786223278,
    "y": 478.61282781947745,
    "width": 132.8361039049882,
    "height": 66.04275352019003
  },
  "e4": {
    "x": 1118.289786223278,
    "y": 546.0142517814727,
    "width": 132.8361039049882,
    "height": 66.04275595249406
  },
  "f1": {
    "x": 1252.4940611496438,
    "y": 304.9311176057007,
    "width": 159.2589085795723,
    "height": 172.31353919239905
  },
  "f2": {
    "x": 1252.4940611496438,
    "y": 478.61282781947745,
    "width": 159.2589085795723,
    "height": 133.44417991448933
  },
  "h1": {
    "x": 1540.6460801520188,
    "y": 304.9311176057007,
    "width": 132.84560691686474,
    "height": 104.90261221852732
  },
  "h2": {
    "x": 1540.6460801520188,
    "y": 411.20190084560573,
    "width": 132.84560691686474,
    "height": 99.74346671733967
  },
  "h3": {
    "x": 1540.6460801520188,
    "y": 512.313538584323,
    "width": 132.84560691686474,
    "height": 99.7434691496437
  },
  "h4": {
    "x": 1540.6460801520188,
    "y": 613.4251787553444,
    "width": 164.72208965320672,
    "height": 99.7434667173396
  }
}
