{
  "a1": {
    "x": 130.6413313824228,
    "y": 350.5558194774347,
    "width": 254.52731530641333,
    "height": 26.337292161520192
  },
  "a2": {
    "x": 130.6413313824228,
    "y": 378.30878799049884,
    "width": 254.52731530641333,
    "height": 26.327791581947743
  },
  "a3": {
    "x": 130.6413313824228,
    "y": 406.0522559239905,
    "width": 254.52731530641333,
    "height": 26.327791581947743
  },
  "a4": {
    "x": 130.6413313824228,
    "y": 433.7957238574822,
    "width": 254.52731530641333,
    "height": 26.327791581947743
  },
  "a5": {
    "x": 130.6413313824228,
    "y": 461.5391917909739,
    "width": 254.52731530641333,
    "height": 26.337292161520192
  },
  "a6": {
    "x": 130.6413313824228,
    "y": 489.292160304038,
    "width": 254.52731530641333,
    "height": 248.29453864133023
  },
  "b1": {
    "x": 386.58432304038007,
    "y": 350.5558194774347,
    "width": 175.24940556769596,
    "height": 81.82422802850357
  },
  "b2": {
    "x": 386.58432304038007,
    "y": 433.7957238574822,
    "width": 175.24940556769596,
    "height": 303.79097508788607
  },
  "c1": {
    "x": 628.9406175771971,
    "y": 350.5558194774347,
    "width": 245.46318350593833,
    "height": 26.337292161520192
  },
  "c2": {
    "x": 628.9406175771971,
    "y": 378.30878799049884,
    "width": 245.46318350593833,
    "height": 26.327791581947743
  },
  "c3": {
    "x": 628.9406175771971,
    "y": 406.0522559239905,
    "width": 245.46318350593833,
    "height": 54.07125951543943
  },
  "c4": {
    "x": 628.9406175771971,
    "y": 461.5391917909739,
    "width": 245.46318350593833,
    "height": 54.080760095011875
  },
  "c5": {
    "x": 628.9406175771971,
    "y": 517.0356282375297,
    "width": 245.46318350593833,
    "height": 26.327791581947743
  },
  "c6": {
    "x": 628.9406175771971,
    "y": 544.7790961710214,
    "width": 245.46318350593833,
    "height": 26.327791581947743
  },
  "c7": {
    "x": 628.9406175771971,
    "y": 572.5225641045131,
    "width": 245.46318350593833,
    "height": 26.337294593824222
  },
  "c8": {
    "x": 628.9406175771971,
    "y": 600.2755350498812,
    "width": 245.46318350593833,
    "height": 26.327791581947743
  },
  "c9": {
    "x": 628.9406175771971,
    "y": 628.0190029833728,
    "width": 245.46318350593833,
    "height": 26.327791581947814
  },
  "c10": {
    "x": 628.9406175771971,
    "y": 655.7624709168646,
    "width": 245.46318350593833,
    "height": 26.327791581947814
  },
  "c11": {
    "x": 628.9406175771971,
    "y": 683.5059388503563,
    "width": 245.46318350593833,
    "height": 26.33729216152033
  },
  "c12": {
    "x": 628.9406175771971,
    "y": 711.2589073634205,
    "width": 245.46318350593833,
    "height": 26.327791581947814
  },
  "d1": {
    "x": 875.8194774346794,
    "y": 350.5558194774347,
    "width": 175.2494055676959,
    "height": 387.0308794679336
  },
  "e1": {
    "x": 1118.166271391924,
    "y": 350.5558194774347,
    "width": 136.75059321615197,
    "height": 109.56769596199526
  },
  "e2": {
    "x": 1118.166271391924,
    "y": 461.5391917909739,
    "width": 136.75059321615197,
    "height": 81.82422802850357
  },
  "e3": {
    "x": 1118.166271391924,
    "y": 544.7790961710214,
    "width": 136.75059321615197,
    "height": 26.327791581947743
  },
  "e4": {
    "x": 1118.166271391924,
    "y": 572.5225641045131,
    "width": 136.75059321615197,
    "height": 165.0641348408552
  },
  "f1": {
    "x": 1256.33254095962,
    "y": 350.5558194774347,
    "width": 159.3919239904988,
    "height": 109.56769596199526
  },
  "f2": {
    "x": 1256.33254095962,
    "y": 461.5391917909739,
    "width": 159.3919239904988,
    "height": 276.0475071543944
  },
  "h1": {
    "x": 1548.5130635249407,
    "y": 350.5558194774347,
    "width": 171.84798160570065,
    "height": 137.3206644750594
  },
  "h2": {
    "x": 1548.5130635249407,
    "y": 489.292160304038,
    "width": 171.84798160570065,
    "height": 248.29453864133023
  }
}