{
  "a1": {
    "x": 139.8004738432304,
    "y": 260.7030884940618,
    "width": 236.29453803325416,
    "height": 63.50593824228029
  },
  "a2": {
    "x": 139.8004738432304,
    "y": 325.9287410926366,
    "width": 236.29453803325416,
    "height": 162.47980936817103
  },
  "a3": {
    "x": 139.8004738432304,
    "y": 490.12826481710215,
    "width": 236.29453803325416,
    "height": 635.9239911068884
  },
  "b1": {
    "x": 377.8147262327791,
    "y": 260.7030884940618,
    "width": 276.34204214726844,
    "height": 195.09738595724465
  },
  "b2": {
    "x": 377.8147262327791,
    "y": 457.52018880760096,
    "width": 276.34204214726844,
    "height": 161.33966928266034
  },
  "b3": {
    "x": 377.8147262327791,
    "y": 620.5700718669834,
    "width": 276.34204214726844,
    "height": 505.4821840570071
  },
  "c1": {
    "x": 655.8669845890737,
    "y": 260.7030884940618,
    "width": 228.57007065083144,
    "height": 260.3230409881235
  },
  "c2": {
    "x": 655.8669845890737,
    "y": 522.7363408266034,
    "width": 228.57007065083144,
    "height": 259.1828984703087
  },
  "c3": {
    "x": 655.8669845890737,
    "y": 783.6294530736342,
    "width": 228.57007065083144,
    "height": 30.897862232779097
  },
  "d1": {
    "x": 886.1567695961995,
    "y": 260.7030884940618,
    "width": 231.14489311163896,
    "height": 63.50593824228029
  },
  "d2": {
    "x": 886.1567695961995,
    "y": 325.9287410926366,
    "width": 231.14489311163896,
    "height": 227.7054643990499
  },
  "e1": {
    "x": 1119.0118764845606,
    "y": 260.7030884940618,
    "width": 173.07363420427555,
    "height": 128.73159084085512
  },
  "e2": {
    "x": 1119.0118764845606,
    "y": 391.14489311163896,
    "width": 173.07363420427555,
    "height": 30.897862232779097
  },
  "e3": {
    "x": 1119.0118764845606,
    "y": 423.7624697007126,
    "width": 173.07363420427555,
    "height": 32.03800475059383
  },
  "e4": {
    "x": 1119.0118764845606,
    "y": 457.52018880760096,
    "width": 173.07363420427555,
    "height": 30.88836165320665
  },
  "f1": {
    "x": 1293.8052250451308,
    "y": 260.7030884940618,
    "width": 188.80760095011877,
    "height": 128.73159084085512
  },
  "f2": {
    "x": 1293.8052250451308,
    "y": 391.14489311163896,
    "width": 188.80760095011877,
    "height": 129.88123637054633
  },
  "f3": {
    "x": 1293.8052250451308,
    "y": 522.7363408266034,
    "width": 188.80760095011877,
    "height": 30.89786466508313
  },
  "h1": {
    "x": 1550.4038004750594,
    "y": 260.7030884940618,
    "width": 183.65795846080775,
    "height": 128.73159084085512
  },
  "h2": {
    "x": 1550.4038004750594,
    "y": 391.14489311163896,
    "width": 183.65795846080775,
    "height": 734.9073628123515
  }
}