{
  "a1": {
    "x": 209.7482185273159,
    "y": 263.71496437054634,
    "width": 183.86698337292162,
    "height": 22.014251173396676
  },
  "a2": {
    "x": 209.7482185273159,
    "y": 286.87885864133017,
    "width": 183.86698337292162,
    "height": 32.88361227553444
  },
  "a3": {
    "x": 209.7482185273159,
    "y": 320.9026134346793,
    "width": 183.86698337292162,
    "height": 30.308787382422807
  },
  "a4": {
    "x": 209.7482185273159,
    "y": 352.3610463467934,
    "width": 183.86698337292162,
    "height": 21.444179914489315
  },
  "a5": {
    "x": 209.7482185273159,
    "y": 374.9453687790974,
    "width": 183.86698337292162,
    "height": 31.173396066508317
  },
  "a6": {
    "x": 209.7482185273159,
    "y": 407.25890736342046,
    "width": 183.86698337292162,
    "height": 22.023754185273155
  },
  "a7": {
    "x": 209.7482185273159,
    "y": 430.4228040665083,
    "width": 183.86698337292162,
    "height": 22.023751752969126
  },
  "a8": {
    "x": 209.7482185273159,
    "y": 453.5866983372922,
    "width": 183.86698337292162,
    "height": 35.458432304038006
  },
  "a9": {
    "x": 209.7482185273159,
    "y": 490.1852731591449,
    "width": 183.86698337292162,
    "height": 32.88360984323041
  },
  "a10": {
    "x": 209.7482185273159,
    "y": 524.2185285320666,
    "width": 183.86698337292162,
    "height": 32.028501738717345
  },
  "a11": {
    "x": 209.7482185273159,
    "y": 557.3871727885986,
    "width": 183.86698337292162,
    "height": 22.01425360570071
  },
  "a12": {
    "x": 209.7482185273159,
    "y": 580.5510694916865,
    "width": 183.86698337292162,
    "height": 32.028501738717345
  },
  "a13": {
    "x": 209.7482185273159,
    "y": 613.7197137482185,
    "width": 183.86698337292162,
    "height": 22.014253605700777
  },
  "a14": {
    "x": 209.7482185273159,
    "y": 636.8836104513065,
    "width": 183.86698337292162,
    "height": 22.01425117339661
  },
  "a15": {
    "x": 209.7482185273159,
    "y": 660.0475071543943,
    "width": 183.86698337292162,
    "height": 31.163895486935868
  },
  "a16": {
    "x": 209.7482185273159,
    "y": 692.351545159145,
    "width": 183.86698337292162,
    "height": 31.173396066508385
  },
  "a17": {
    "x": 209.7482185273159,
    "y": 724.665083743468,
    "width": 183.86698337292162,
    "height": 31.173396066508246
  },
  "a18": {
    "x": 209.7482185273159,
    "y": 756.978622327791,
    "width": 183.86698337292162,
    "height": 31.173396066508246
  },
  "a19": {
    "x": 209.7482185273159,
    "y": 789.292160912114,
    "width": 183.86698337292162,
    "height": 32.88361227553451
  },
  "a20": {
    "x": 209.7482185273159,
    "y": 823.3254162850355,
    "width": 183.86698337292162,
    "height": 22.014251173396747
  },
  "a21": {
    "x": 209.7482185273159,
    "y": 846.4798099762471,
    "width": 183.86698337292162,
    "height": 22.023751752969126
  },
  "a22": {
    "x": 209.7482185273159,
    "y": 869.6437042470309,
    "width": 183.86698337292162,
    "height": 22.023754185273155
  },
  "a23": {
    "x": 209.7482185273159,
    "y": 892.8076009501189,
    "width": 183.86698337292162,
    "height": 22.01425117339661
  },
  "a24": {
    "x": 209.7482185273159,
    "y": 915.9714976532067,
    "width": 183.86698337292162,
    "height": 22.014251173396747
  },
  "a25": {
    "x": 209.7482185273159,
    "y": 939.1353919239906,
    "width": 183.86698337292162,
    "height": 22.01425117339661
  },
  "a26": {
    "x": 209.7482185273159,
    "y": 962.2897856152018,
    "width": 183.86698337292162,
    "height": 22.023754185273294
  },
  "a27": {
    "x": 209.7482185273159,
    "y": 985.4536823182899,
    "width": 183.86698337292162,
    "height": 22.023751752968987
  },
  "a28": {
    "x": 209.7482185273159,
    "y": 1008.6175765890736,
    "width": 183.86698337292162,
    "height": 22.014251173396747
  },
  "a29": {
    "x": 209.7482185273159,
    "y": 1031.7814732921615,
    "width": 183.86698337292162,
    "height": 22.01425117339661
  },
  "a30": {
    "x": 209.7482185273159,
    "y": 1054.9453675629454,
    "width": 183.86698337292162,
    "height": 22.014253605700777
  },
  "a31": {
    "x": 209.7482185273159,
    "y": 1078.0997636864608,
    "width": 183.86698337292162,
    "height": 22.023751752969126
  },
  "a32": {
    "x": 209.7482185273159,
    "y": 1101.2636579572447,
    "width": 183.86698337292162,
    "height": 21.444179914489244
  },
  "a33": {
    "x": 209.7482185273159,
    "y": 1123.8574834014253,
    "width": 183.86698337292162,
    "height": 22.014251173396747
  },
  "a34": {
    "x": 209.7482185273159,
    "y": 1147.0213776722092,
    "width": 183.86698337292162,
    "height": 36.313537976247034
  },
  "a35": {
    "x": 209.7482185273159,
    "y": 1184.4750581662709,
    "width": 183.86698337292162,
    "height": 22.308791030878854
  },
  "a36": {
    "x": 209.7482185273159,
    "y": 1207.9239917149644,
    "width": 183.86698337292162,
    "height": 22.023751752969126
  },
  "b1": {
    "x": 492.2660338622328,
    "y": 263.71496437054634,
    "width": 191.86698215676955,
    "height": 524.4370540237529
  },
  "b2": {
    "x": 492.2660338622328,
    "y": 1231.0878859857482,
    "width": 191.86698215676955,
    "height": 21.444179914489382
  },
  "c1": {
    "x": 823.9714970451307,
    "y": 263.71496437054634,
    "width": 177.5676953539192,
    "height": 22.014251173396676
  },
  "c2": {
    "x": 823.9714970451307,
    "y": 286.87885864133017,
    "width": 177.5676953539192,
    "height": 32.88361227553444
  },
  "c3": {
    "x": 823.9714970451307,
    "y": 320.9026134346793,
    "width": 177.5676953539192,
    "height": 30.308787382422807
  },
  "c4": {
    "x": 823.9714970451307,
    "y": 352.3610463467934,
    "width": 177.5676953539192,
    "height": 21.444179914489315
  },
  "c5": {
    "x": 823.9714970451307,
    "y": 374.9453687790974,
    "width": 177.5676953539192,
    "height": 31.173396066508317
  },
  "c6": {
    "x": 823.9714970451307,
    "y": 407.25890736342046,
    "width": 177.5676953539192,
    "height": 22.023754185273155
  },
  "c7": {
    "x": 823.9714970451307,
    "y": 430.4228040665083,
    "width": 177.5676953539192,
    "height": 22.023751752969126
  },
  "c8": {
    "x": 823.9714970451307,
    "y": 453.5866983372922,
    "width": 177.5676953539192,
    "height": 35.458432304038006
  },
  "c9": {
    "x": 823.9714970451307,
    "y": 490.1852731591449,
    "width": 177.5676953539192,
    "height": 32.88360984323041
  },
  "c10": {
    "x": 823.9714970451307,
    "y": 524.2185285320666,
    "width": 177.5676953539192,
    "height": 32.028501738717345
  },
  "c11": {
    "x": 823.9714970451307,
    "y": 557.3871727885986,
    "width": 177.5676953539192,
    "height": 22.01425360570071
  },
  "c12": {
    "x": 823.9714970451307,
    "y": 580.5510694916865,
    "width": 177.5676953539192,
    "height": 32.028501738717345
  },
  "c13": {
    "x": 823.9714970451307,
    "y": 613.7197137482185,
    "width": 177.5676953539192,
    "height": 22.014253605700777
  },
  "c14": {
    "x": 823.9714970451307,
    "y": 636.8836104513065,
    "width": 177.5676953539192,
    "height": 22.01425117339661
  },
  "c15": {
    "x": 823.9714970451307,
    "y": 660.0475071543943,
    "width": 177.5676953539192,
    "height": 31.163895486935868
  },
  "c16": {
    "x": 823.9714970451307,
    "y": 692.351545159145,
    "width": 177.5676953539192,
    "height": 31.173396066508385
  },
  "c17": {
    "x": 823.9714970451307,
    "y": 724.665083743468,
    "width": 177.5676953539192,
    "height": 31.173396066508246
  },
  "c18": {
    "x": 823.9714970451307,
    "y": 756.978622327791,
    "width": 177.5676953539192,
    "height": 31.173396066508246
  },
  "d1": {
    "x": 1100.1995249406177,
    "y": 263.71496437054634,
    "width": 158.1282666413301,
    "height": 225.33016627078385
  },
  "d2": {
    "x": 1100.1995249406177,
    "y": 490.1852731591449,
    "width": 158.1282666413301,
    "height": 265.65320665083135
  },