{
  "a1": {
    "x": 136.70308788598575,
    "y": 350.6223283990499,
    "width": 254.60332480760096,
    "height": 26.337292161520192
  },
  "a2": {
    "x": 136.70308788598575,
    "y": 378.37529691211404,
    "width": 254.60332480760096,
    "height": 26.34679274109264
  },
  "a3": {
    "x": 136.70308788598575,
    "y": 406.13776600475063,
    "width": 254.60332480760096,
    "height": 26.337294593824222
  },
  "a4": {
    "x": 136.70308788598575,
    "y": 433.89073695011876,
    "width": 254.60332480760096,
    "height": 26.337292161520192
  },
  "a5": {
    "x": 136.70308788598575,
    "y": 461.6437054631829,
    "width": 254.60332480760096,
    "height": 26.337292161520192
  },
  "a6": {
    "x": 136.70308788598575,
    "y": 489.39667397624703,
    "width": 254.60332480760096,
    "height": 248.37054571021378
  },
  "b1": {
    "x": 392.7220914774347,
    "y": 350.6223283990499,
    "width": 175.3064114774347,
    "height": 81.85273219952494
  },
  "b2": {
    "x": 392.7220914774347,
    "y": 433.89073695011876,
    "width": 175.3064114774347,
    "height": 303.87648273634204
  },
  "c1": {
    "x": 635.1543930831352,
    "y": 350.6223283990499,
    "width": 212.68408733491708,
    "height": 26.337292161520192
  },
  "c2": {
    "x": 635.1543930831352,
    "y": 378.37529691211404,
    "width": 212.68408733491708,
    "height": 26.34679274109264
  },
  "c3": {
    "x": 635.1543930831352,
    "y": 406.13776600475063,
    "width": 212.68408733491708,
    "height": 54.09026310688836
  },
  "c4": {
    "x": 635.1543930831352,
    "y": 461.6437054631829,
    "width": 212.68408733491708,
    "height": 54.09026067458433
  },
  "c5": {
    "x": 635.1543930831352,
    "y": 517.1496449216153,
    "width": 212.68408733491708,
    "height": 26.33728972921616
  },
  "c6": {
    "x": 635.1543930831352,
    "y": 544.9026134346793,
    "width": 212.68408733491708,
    "height": 26.337292161520192
  },
  "c7": {
    "x": 635.1543930831352,
    "y": 572.6650825273159,
    "width": 212.68408733491708,
    "height": 26.337292161520192
  },
  "c8": {
    "x": 635.1543930831352,
    "y": 600.4180510403801,
    "width": 212.68408733491708,
    "height": 26.337294593824222
  },
  "c9": {
    "x": 635.1543930831352,
    "y": 628.1710219857482,
    "width": 212.68408733491708,
    "height": 26.33729216152033
  },
  "c10": {
    "x": 635.1543930831352,
    "y": 655.9239904988124,
    "width": 212.68408733491708,
    "height": 26.337292161520192
  },
  "c11": {
    "x": 635.1543930831352,
    "y": 683.6769590118764,
    "width": 212.68408733491708,
    "height": 26.337292161520192
  },
  "c12": {
    "x": 635.1543930831352,
    "y": 711.4299299572447,
    "width": 212.68408733491708,
    "height": 26.33728972921616
  },
  "d1": {
    "x": 882.1092624418052,
    "y": 350.6223283990499,
    "width": 175.30641390973878,
    "height": 387.1448912874109
  },
  "e1": {
    "x": 1124.5320659002375,
    "y": 350.6223283990499,
    "width": 136.78859796674578,
    "height": 109.60570071258908
  },
  "e2": {
    "x": 1124.5320659002375,
    "y": 461.6437054631829,
    "width": 136.78859796674578,
    "height": 81.84322918764846
  },
  "e3": {
    "x": 1124.5320659002375,
    "y": 544.9026134346793,
    "width": 136.78859796674578,
    "height": 26.337292161520192
  },
  "e4": {
    "x": 1124.5320659002375,
    "y": 572.6650825273159,
    "width": 136.78859796674578,
    "height": 165.1021371591449
  },
  "f1": {
    "x": 1262.7363426508314,
    "y": 350.6223283990499,
    "width": 159.4489299002377,
    "height": 109.60570071258908
  },
  "f2": {
    "x": 1262.7363426508314,
    "y": 461.6437054631829,
    "width": 159.4489299002377,
    "height": 276.12351422327794
  },
  "h1": {
    "x": 1555.0118758764847,
    "y": 350.6223283990499,
    "width": 171.90498994774353,
    "height": 137.35866922565322
  },
  "h2": {
    "x": 1555.0118758764847,
    "y": 489.39667397624703,
    "width": 171.90498994774353,
    "height": 248.37054571021378
  }
}
