{
  "a1": {
    "x": 176.3040380047506,
    "y": 269.81472805700713,
    "width": 231.50593702612827,
    "height": 62.22327730166271
  },
  "a2": {
    "x": 176.3040380047506,
    "y": 333.7102143847981,
    "width": 231.50593702612827,
    "height": 159.20190023752969
  },
  "a3": {
    "x": 176.3040380047506,
    "y": 494.59382422802855,
    "width": 231.50593702612827,
    "height": 623.0783854061758
  },
  "b1": {
    "x": 409.5011876484561,
    "y": 269.81472805700713,
    "width": 270.7458432304038,
    "height": 191.14489189548695
  },
  "b2": {
    "x": 409.5011876484561,
    "y": 462.6413295581948,
    "width": 270.7458432304038,
    "height": 158.0807613111639
  },
  "b3": {
    "x": 409.5011876484561,
    "y": 622.4038004750594,
    "width": 270.7458432304038,
    "height": 495.268409159145
  },
  "c1": {
    "x": 681.9287404845605,
    "y": 269.81472805700713,
    "width": 223.9524946698338,
    "height": 255.04987880285037
  },
  "c2": {
    "x": 681.9287404845605,
    "y": 526.5463188978623,
    "width": 223.9524946698338,
    "height": 253.93824045605703
  },
  "c3": {
    "x": 681.9287404845605,
    "y": 782.166271391924,
    "width": 223.9524946698338,
    "height": 30.270782631828844
  },
  "d1": {
    "x": 907.562944760095,
    "y": 269.81472805700713,
    "width": 226.47030878859857,
    "height": 62.22327730166271
  },
  "d2": {
    "x": 907.562944760095,
    "y": 333.7102143847981,
    "width": 226.47030878859857,
    "height": 223.10688714489314
  },
  "e1": {
    "x": 1135.7149655866983,
    "y": 269.81472805700713,
    "width": 169.5676941377673,
    "height": 126.1187636294537
  },
  "e2": {
    "x": 1135.7149655866983,
    "y": 397.61520129216154,
    "width": 169.5676941377673,
    "height": 30.28028564370546
  },
  "e3": {
    "x": 1135.7149655866983,
    "y": 429.56769596199524,
    "width": 169.5676941377673,
    "height": 31.391923990498814
  },
  "e4": {
    "x": 1135.7149655866983,
    "y": 462.6413295581948,
    "width": 169.5676941377673,
    "height": 30.270785064133015
  },
  "f1": {
    "x": 1306.9643717624706,
    "y": 269.81472805700713,
    "width": 184.98812229928728,
    "height": 126.1187636294537
  },
  "f2": {
    "x": 1306.9643717624706,
    "y": 397.61520129216154,
    "width": 184.98812229928728,
    "height": 127.24940556769597
  },
  "f3": {
    "x": 1306.9643717624706,
    "y": 526.5463188978623,
    "width": 184.98812229928728,
    "height": 30.270782631828983
  },
  "h1": {
    "x": 1558.37529752019,
    "y": 269.81472805700713,
    "width": 179.9429934821855,
    "height": 126.1187636294537
  },
  "h2": {
    "x": 1558.37529752019,
    "y": 397.61520129216154,
    "width": 179.9429934821855,
    "height": 720.0570083420429
  }
}