{
  "a1": {
    "x": 300.7981003705463,
    "y": 327.0498824513064,
    "width": 230.7268408551069,
    "height": 38.39429867933492
  },
  "a2": {
    "x": 300.7981003705463,
    "y": 366.63182897862237,
    "width": 230.7268408551069,
    "height": 38.39429867933492
  },
  "a3": {
    "x": 300.7981003705463,
    "y": 406.21377550593826,
    "width": 230.7268408551069,
    "height": 77.97624763895487
  },
  "a4": {
    "x": 300.7981003705463,
    "y": 485.37767342517816,
    "width": 230.7268408551069,
    "height": 117.5581941662708
  },
  "a5": {
    "x": 300.7981003705463,
    "y": 604.12351543943,
    "width": 230.7268408551069,
    "height": 38.39429867933485
  },
  "a6": {
    "x": 300.7981003705463,
    "y": 643.7054643990499,
    "width": 230.7268408551069,
    "height": 38.39429867933499
  },
  "a7": {
    "x": 300.7981003705463,
    "y": 683.2874109263659,
    "width": 230.7268408551069,
    "height": 38.39429867933485
  },
  "a8": {
    "x": 300.7981003705463,
    "y": 722.8693574536816,
    "width": 230.7268408551069,
    "height": 38.39430111163916
  },
  "a9": {
    "x": 300.7981003705463,
    "y": 762.4513064133017,
    "width": 230.7268408551069,
    "height": 38.39429867933485
  },
  "a10": {
    "x": 300.7981003705463,
    "y": 802.0332553729216,
    "width": 230.7268408551069,
    "height": 38.39429867933499
  },
  "a11": {
    "x": 300.7981003705463,
    "y": 841.6152019002376,
    "width": 230.7268408551069,
    "height": 38.39429867933485
  },
  "a12": {
    "x": 300.7981003705463,
    "y": 881.1971484275533,
    "width": 230.7268408551069,
    "height": 38.39430111163916
  },
  "a13": {
    "x": 300.7981003705463,
    "y": 920.7790973871735,
    "width": 230.7268408551069,
    "height": 38.39429867933485
  },
  "a14": {
    "x": 300.7981003705463,
    "y": 960.3610463467934,
    "width": 230.7268408551069,
    "height": 77.97624520665077
  },
  "a15": {
    "x": 300.7981003705463,
    "y": 1039.5249394014252,
    "width": 230.7268408551069,
    "height": 38.38479809976261
  },
  "a16": {
    "x": 300.7981003705463,
    "y": 1079.097387781473,
    "width": 230.7268408551069,
    "height": 38.39429867933485
  },
  "a17": {
    "x": 300.7981003705463,
    "y": 1118.6793343087886,
    "width": 230.7268408551069,
    "height": 38.40380169121154
  },
  "a18": {
    "x": 300.7981003705463,
    "y": 1158.2612832684088,
    "width": 230.7268408551069,
    "height": 38.39429867933485
  },
  "a19": {
    "x": 300.7981003705463,
    "y": 1197.8432297957245,
    "width": 230.7268408551069,
    "height": 38.39429867933499
  },
  "c1": {
    "x": 717.9192392969121,
    "y": 327.0498824513064,
    "width": 206.98337231353926,
    "height": 77.97624520665084
  },
  "c2": {
    "x": 717.9192392969121,
    "y": 406.21377550593826,
    "width": 206.98337231353926,
    "height": 77.97624763895487
  },
  "c3": {
    "x": 717.9192392969121,
    "y": 485.37767342517816,
    "width": 206.98337231353926,
    "height": 38.39429867933492
  },
  "d1": {
    "x": 926.0902618907364,
    "y": 327.0498824513064,
    "width": 119.91448870308783,
    "height": 157.14014069358672
  },
  "e1": {
    "x": 1104.978622935867,
    "y": 327.0498824513064,
    "width": 206.98337231353926,
    "height": 77.97624520665084
  },
  "e2": {
    "x": 1104.978622935867,
    "y": 406.21377550593826,
    "width": 206.98337231353926,
    "height": 38.39430111163895
  },
  "e3": {
    "x": 1104.978622935867,
    "y": 445.79572446555824,
    "width": 206.98337231353926,
    "height": 38.39429867933492
  },
  "e4": {
    "x": 1104.978622935867,
    "y": 485.37767342517816,
    "width": 206.98337231353926,
    "height": 38.39429867933492
  },
  "e5": {
    "x": 1104.978622935867,
    "y": 524.9596199524941,
    "width": 206.98337231353926,
    "height": 38.39429867933492
  },
  "f1": {
    "x": 1313.1496430973873,
    "y": 327.0498824513064,
    "width": 119.90498812351545,
    "height": 77.97624520665084
  },
  "h1": {
    "x": 1549.8052250451308,
    "y": 327.0498824513064,
    "width": 206.9833747458433,
    "height": 77.97624520665084
  },
  "h2": {
    "x": 1549.8052250451308,
    "y": 406.21377550593826,
    "width": 206.9833747458433,
    "height": 117.55819659857482
  },
  "h3": {
    "x": 1549.8052250451308,
    "y": 524.9596199524941,
    "width": 206.9833747458433,
    "height": 77.97624763895487
  },
  "h4": {
    "x": 1549.8052250451308,
    "y": 604.12351543943,
    "width": 206.9833747458433,
    "height": 77.97624763895494
  }
}