{
  "a1": {
    "x": 160.42755283610452,
    "y": 396.0190017672209,
    "width": 136.05700712589075,
    "height": 594.8408557149644
  },
  "b1": {
    "x": 297.67220780997627,
    "y": 396.0190017672209,
    "width": 190.83135574346792,
    "height": 91.10689018527316
  },
  "b2": {
    "x": 297.67220780997627,
    "y": 488.3135398004751,
    "width": 190.83135574346792,
    "height": 40.78859796674585
  },
  "b3": {
    "x": 297.67220780997627,
    "y": 530.2897856152019,
    "width": 190.83135574346792,
    "height": 40.78859796674585
  },
  "b4": {
    "x": 297.67220780997627,
    "y": 572.2660338622328,
    "width": 190.83135574346792,
    "height": 40.78859796674585
  },
  "b5": {
    "x": 297.67220780997627,
    "y": 614.2422796769597,
    "width": 190.83135574346792,
    "height": 40.788600399049876
  },
  "b6": {
    "x": 297.67220780997627,
    "y": 656.228028503563,
    "width": 190.83135574346792,
    "height": 40.7790973871734
  },
  "b7": {
    "x": 297.67220780997627,
    "y": 698.2042767505939,
    "width": 190.83135574346792,
    "height": 292.65558073159144
  },
  "c1": {
    "x": 581.396674584323,
    "y": 396.0190017672209,
    "width": 159.57244716389556,
    "height": 594.8408557149644
  },
  "d1": {
    "x": 1221.1781466603325,
    "y": 396.0190017672209,
    "width": 128.31353858432297,
    "height": 133.083136
  },
  "d2": {
    "x": 1221.1781466603325,
    "y": 530.2897856152019,
    "width": 128.31353858432297,
    "height": 460.57007186698337
  },
  "d3": {
    "x": 742.1567695961995,
    "y": 488.3135398004751,
    "width": 162.85035629453682,
    "height": 40.78859796674585
  },
  "d4": {
    "x": 742.1567695961995,
    "y": 530.2897856152019,
    "width": 162.85035629453682,
    "height": 460.57007186698337
  },
  "e1": {
    "x": 997.9002369216153,
    "y": 396.0190017672209,
    "width": 222.0902618907363,
    "height": 91.10689018527316
  },
  "e2": {
    "x": 997.9002369216153,
    "y": 488.3135398004751,
    "width": 222.0902618907363,
    "height": 40.78859796674585
  },
  "e3": {
    "x": 997.9002369216153,
    "y": 530.2897856152019,
    "width": 222.0902618907363,
    "height": 40.78859796674585
  },
  "e4": {
    "x": 997.9002369216153,
    "y": 572.2660338622328,
    "width": 222.0902618907363,
    "height": 40.78859796674585
  },
  "e5": {
    "x": 997.9002369216153,
    "y": 614.2422796769597,
    "width": 222.0902618907363,
    "height": 40.788600399049876
  },
  "e6": {
    "x": 997.9002369216153,
    "y": 656.228028503563,
    "width": 222.0902618907363,
    "height": 334.63182897862237
  },
  "h1": {
    "x": 1534.080761311164,
    "y": 396.0190017672209,
    "width": 142.8978622327791,
    "height": 175.05938181472686
  },
  "h2": {
    "x": 1534.080761311164,
    "y": 572.2660338622328,
    "width": 142.8978622327791,
    "height": 82.76484621377672
  },
  "h3": {
    "x": 1534.080761311164,
    "y": 656.228028503563,
    "width": 142.8978622327791,
    "height": 334.63182897862237
  }
}