{
  "a1": {
    "x": 145.9287417007126,
    "y": 364.10451184798103,
    "width": 168.11401303562945,
    "height": 737.8622352114014
  },
  "b1": {
    "x": 315.21140142517817,
    "y": 364.10451184798103,
    "width": 168.12351604750594,
    "height": 226.49881295961995
  },
  "b2": {
    "x": 315.21140142517817,
    "y": 591.7624709168647,
    "width": 168.12351604750594,
    "height": 510.2042761425178
  },
  "c1": {
    "x": 551.0498824513064,
    "y": 364.10451184798103,
    "width": 219.4964358384798,
    "height": 30.35629514489311
  },
  "c2": {
    "x": 551.0498824513064,
    "y": 395.62945368171023,
    "width": 219.4964358384798,
    "height": 30.35629514489311
  },
  "c3": {
    "x": 551.0498824513064,
    "y": 427.14489250356297,
    "width": 219.4964358384798,
    "height": 30.35629514489311
  },
  "c4": {
    "x": 551.0498824513064,
    "y": 458.6698343372922,
    "width": 219.4964358384798,
    "height": 30.35629514489311
  },
  "c5": {
    "x": 551.0498824513064,
    "y": 490.19477373871734,
    "width": 219.4964358384798,
    "height": 61.8812345463183
  },
  "c6": {
    "x": 551.0498824513064,
    "y": 553.2351543942993,
    "width": 219.4964358384798,
    "height": 37.36817041330167
  },
  "c7": {
    "x": 551.0498824513064,
    "y": 591.7624709168647,
    "width": 219.4964358384798,
    "height": 37.36817041330167
  },
  "c8": {
    "x": 551.0498824513064,
    "y": 630.2992880190025,
    "width": 219.4964358384798,
    "height": 30.346792133016493
  },
  "c9": {
    "x": 551.0498824513064,
    "y": 661.8147268408551,
    "width": 219.4964358384798,
    "height": 30.35629514489318
  },
  "c10": {
    "x": 551.0498824513064,
    "y": 693.3396686745845,
    "width": 219.4964358384798,
    "height": 61.881234546318225
  },
  "c11": {
    "x": 551.0498824513064,
    "y": 756.3895474774347,
    "width": 219.4964358384798,
    "height": 30.346794565320664
  },
  "d1": {
    "x": 771.7054643990499,
    "y": 364.10451184798103,
    "width": 168.12351361520183,
    "height": 737.8622352114014
  },
  "e1": {
    "x": 1007.5439429928741,
    "y": 364.10451184798103,
    "width": 168.123516047506,
    "height": 93.39667580047507
  },
  "e2": {
    "x": 1007.5439429928741,
    "y": 458.6698343372922,
    "width": 168.123516047506,
    "height": 30.35629514489311
  },
  "e3": {
    "x": 1007.5439429928741,
    "y": 490.19477373871734,
    "width": 168.123516047506,
    "height": 61.8812345463183
  },
  "e4": {
    "x": 1007.5439429928741,
    "y": 553.2351543942993,
    "width": 168.123516047506,
    "height": 75.89548693586698
  },
  "e5": {
    "x": 1007.5439429928741,
    "y": 630.2992880190025,
    "width": 168.123516047506,
    "height": 30.346792133016493
  },
  "f1": {
    "x": 1176.8361057292163,
    "y": 364.10451184798103,
    "width": 168.1140130356293,
    "height": 93.39667580047507
  },
  "f2": {
    "x": 1176.8361057292163,
    "y": 458.6698343372922,
    "width": 168.1140130356293,
    "height": 233.50118764845612
  },
  "h1": {
    "x": 1479.2114020332544,
    "y": 364.10451184798103,
    "width": 168.1235160475059,
    "height": 737.8622352114014
  }
}