{
  "a1": {
    "x": 133.13064133016627,
    "y": 335.68646141567694,
    "width": 152.91211279809977,
    "height": 46.85035690261283
  },
  "a2": {
    "x": 133.13064133016627,
    "y": 383.686461415677,
    "width": 152.91211279809977,
    "height": 46.850354470308794
  },
  "b1": {
    "x": 287.19239965795725,
    "y": 335.68646141567694,
    "width": 279.3634210356295,
    "height": 574.2612820522565
  },
  "b2": {
    "x": 287.19239965795725,
    "y": 911.0973865653207,
    "width": 279.3634210356295,
    "height": 94.8503569026129
  },
  "b3": {
    "x": 287.19239965795725,
    "y": 1007.0973865653207,
    "width": 279.3634210356295,
    "height": 142.84085632304053
  },
  "c1": {
    "x": 634.3847974916864,
    "y": 335.68646141567694,
    "width": 219.5914489311164,
    "height": 46.85035690261283
  },
  "c2": {
    "x": 634.3847974916864,
    "y": 383.686461415677,
    "width": 219.5914489311164,
    "height": 46.850354470308794
  },
  "c3": {
    "x": 634.3847974916864,
    "y": 431.686461415677,
    "width": 219.5914489311164,
    "height": 46.85035690261283
  },
  "c4": {
    "x": 634.3847974916864,
    "y": 479.686461415677,
    "width": 219.5914489311164,
    "height": 46.84085389073635
  },
  "c5": {
    "x": 634.3847974916864,
    "y": 527.6769584038005,
    "width": 219.5914489311164,
    "height": 46.85035690261283
  },
  "c6": {
    "x": 634.3847974916864,
    "y": 575.6769608361045,
    "width": 219.5914489311164,
    "height": 46.28028321140143
  },
  "c7": {
    "x": 634.3847974916864,
    "y": 623.1068895771972,
    "width": 219.5914489311164,
    "height": 46.85035447030872
  },
  "c8": {
    "x": 634.3847974916864,
    "y": 671.106887144893,
    "width": 219.5914489311164,
    "height": 46.850356902612894
  },
  "c9": {
    "x": 634.3847974916864,
    "y": 719.1068895771972,
    "width": 219.5914489311164,
    "height": 46.84085389073635
  },
  "c10": {
    "x": 634.3847974916864,
    "y": 767.0973865653207,
    "width": 219.5914489311164,
    "height": 46.850356902612894
  },
  "c11": {
    "x": 634.3847974916864,
    "y": 815.0973865653207,
    "width": 219.5914489311164,
    "height": 46.850356902612894
  },
  "c12": {
    "x": 634.3847974916864,
    "y": 863.0973865653207,
    "width": 219.5914489311164,
    "height": 46.850356902612894
  },
  "c13": {
    "x": 634.3847974916864,
    "y": 911.0973865653207,
    "width": 219.5914489311164,
    "height": 46.850356902612894
  },
  "c14": {
    "x": 634.3847974916864,
    "y": 959.0973865653207,
    "width": 219.5914489311164,
    "height": 46.850356902612894
  },
  "c15": {
    "x": 634.3847974916864,
    "y": 1007.0973865653207,
    "width": 219.5914489311164,
    "height": 46.84085632304052
  },
  "c16": {
    "x": 634.3847974916864,
    "y": 1055.0878859857482,
    "width": 219.5914489311164,
    "height": 46.850356902612894
  },
  "c17": {
    "x": 634.3847974916864,
    "y": 1103.0878859857482,
    "width": 219.5914489311164,
    "height": 46.850356902612894
  },
  "d1": {
    "x": 855.12588952019,
    "y": 335.68646141567694,
    "width": 168.99762531116397,
    "height": 814.2517814726841
  },
  "e1": {
    "x": 1091.9619946413302,
    "y": 335.68646141567694,
    "width": 151.75296912114015,
    "height": 142.85035690261284
  },
  "e2": {
    "x": 1091.9619946413302,
    "y": 479.686461415677,
    "width": 151.75296912114015,
    "height": 46.84085389073635
  },
  "e3": {
    "x": 1091.9619946413302,
    "y": 527.6769584038005,
    "width": 151.75296912114015,
    "height": 46.85035690261283
  },
  "e4": {
    "x": 1091.9619946413302,
    "y": 575.6769608361045,
    "width": 151.75296912114015,
    "height": 46.28028321140143
  },
  "e5": {
    "x": 1091.9619946413302,
    "y": 623.1068895771972,
    "width": 151.75296912114015,
    "height": 46.85035447030872
  },
  "f1": {
    "x": 1244.8646092921615,
    "y": 335.68646141567694,
    "width": 172.44655460332555,
    "height": 142.85035690261284
  },
  "f2": {
    "x": 1244.8646092921615,
    "y": 479.686461415677,
    "width": 172.44655460332555,
    "height": 670.2517814726841
  },
  "h1": {
    "x": 1551.8289774061757,
    "y": 335.68646141567694,
    "width": 163.24940739192414,
    "height": 814.2517814726841
  }
}