{
  "a1": {
    "x": 142.88836165320666,
    "y": 377.71971557244655,
    "width": 139.02137767220904,
    "height": 890.2802838194776
  },
  "b1": {
    "x": 283.73396735391924,
    "y": 377.71971557244655,
    "width": 159.0498812351544,
    "height": 398.8503569026128
  },
  "b2": {
    "x": 283.73396735391924,
    "y": 778.3943005035629,
    "width": 159.0498812351544,
    "height": 489.60569888836113
  },
  "d1": {
    "x": 637.3491680380049,
    "y": 377.71971557244655,
    "width": 247.9905006365795,
    "height": 204.5890730261283
  },
  "d2": {
    "x": 637.3491680380049,
    "y": 584.123516047506,
    "width": 247.9905006365795,
    "height": 140.23752969121148
  },
  "e1": {
    "x": 970.9453681710214,
    "y": 377.71971557244655,
    "width": 161.48218527315916,
    "height": 101.99524758194775
  },
  "e2": {
    "x": 970.9453681710214,
    "y": 481.52969060332543,
    "width": 161.48218527315916,
    "height": 45.52969121140143
  },
  "e3": {
    "x": 970.9453681710214,
    "y": 528.8836098432304,
    "width": 161.48218527315916,
    "height": 53.42517875534442
  },
  "e4": {
    "x": 970.9453681710214,
    "y": 584.123516047506,
    "width": 161.48218527315916,
    "height": 45.5296912114015
  },
  "e5": {
    "x": 970.9453681710214,
    "y": 631.477435287411,
    "width": 161.48218527315916,
    "height": 45.5391917909738
  },
  "e6": {
    "x": 970.9453681710214,
    "y": 678.831354527316,
    "width": 161.48218527315916,
    "height": 45.52969121140143
  },
  "f1": {
    "x": 1134.2422808931117,
    "y": 377.71971557244655,
    "width": 194.86935745368172,
    "height": 101.99524758194775
  },
  "f2": {
    "x": 1134.2422808931117,
    "y": 481.52969060332543,
    "width": 194.86935745368172,
    "height": 148.12351665558202
  },
  "h1": {
    "x": 1490.5938236199527,
    "y": 377.71971557244655,
    "width": 152.38004872209012,
    "height": 299.2969115059383
  },
  "h2": {
    "x": 1490.5938236199527,
    "y": 678.831354527316,
    "width": 152.38004872209012,
    "height": 223.4014245700712
  },
  "h3": {
    "x": 1490.5938236199527,
    "y": 904.0570071258908,
    "width": 152.38004872209012,
    "height": 76.4940623657958
  },
  "h4": {
    "x": 1490.5938236199527,
    "y": 982.3752975201901,
    "width": 152.38004872209012,
    "height": 80.12351483135386
  },
  "h5": {
    "x": 1490.5938236199527,
    "y": 1064.3230403800476,
    "width": 152.38004872209012,
    "height": 87.4204269453681
  }
}