{
  "a1": {
    "x": 399.0023759049881,
    "y": 288.9406181852732,
    "width": 161.7482185273159,
    "height": 153.3206644750594
  },
  "a2": {
    "x": 399.0023759049881,
    "y": 444.0665070973872,
    "width": 161.7482185273159,
    "height": 864.019003591449
  },
  "b1": {
    "x": 562.5463182897862,
    "y": 288.9406181852732,
    "width": 184.58907363420428,
    "height": 49.90023752969121
  },
  "b2": {
    "x": 562.5463182897862,
    "y": 340.646080152019,
    "width": 184.58907363420428,
    "height": 967.4394305368171
  },
  "c1": {
    "x": 807.8669833729216,
    "y": 288.9406181852732,
    "width": 136.4845599619952,
    "height": 1019.144892503563
  },
  "d1": {
    "x": 946.1567702042755,
    "y": 288.9406181852732,
    "width": 201.42517814726855,
    "height": 1019.144892503563
  },
  "e1": {
    "x": 1209.5106882280286,
    "y": 288.9406181852732,
    "width": 111.23990498812353,
    "height": 127.46793349168647
  },
  "e2": {
    "x": 1209.5106882280286,
    "y": 418.2042755344418,
    "width": 111.23990498812353,
    "height": 24.05700712589074
  },
  "e3": {
    "x": 1209.5106882280286,
    "y": 444.0665070973872,
    "width": 111.23990498812353,
    "height": 49.90023996199525
  },
  "e4": {
    "x": 1209.5106882280286,
    "y": 495.77197149643706,
    "width": 111.23990498812353,
    "height": 812.313539192399
  },
  "f1": {
    "x": 1322.5463195059385,
    "y": 288.9406181852732,
    "width": 132.88360923515427,
    "height": 101.60569949643707
  },
  "f2": {
    "x": 1322.5463195059385,
    "y": 392.3515445510689,
    "width": 132.88360923515427,
    "height": 915.7339661377673
  },
  "h1": {
    "x": 1575.0783841900236,
    "y": 288.9406181852732,
    "width": 179.78147390023767,
    "height": 153.3206644750594
  },
  "h2": {
    "x": 1575.0783841900236,
    "y": 444.0665070973872,
    "width": 179.78147390023767,
    "height": 864.019003591449
  }
}