{
  "a1": {
    "x": 125.84322979572447,
    "y": 350.0997624703088,
    "width": 192.16152201425177,
    "height": 64.60807600950119
  },
  "a2": {
    "x": 125.84322979572447,
    "y": 416.09501066033255,
    "width": 192.16152201425177,
    "height": 64.60807600950119
  },
  "a3": {
    "x": 125.84322979572447,
    "y": 482.0902612826604,
    "width": 192.16152201425177,
    "height": 64.60807600950119
  },
  "a4": {
    "x": 125.84322979572447,
    "y": 548.0855119049882,
    "width": 192.16152201425177,
    "height": 64.60807600950119
  },
  "a5": {
    "x": 125.84322979572447,
    "y": 614.0807600950119,
    "width": 192.16152201425177,
    "height": 460.5605688551069
  },
  "b1": {
    "x": 319.3919239904988,
    "y": 350.0997624703088,
    "width": 275.3349174726841,
    "height": 64.60807600950119
  },
  "b2": {
    "x": 319.3919239904988,
    "y": 416.09501066033255,
    "width": 275.3349174726841,
    "height": 64.60807600950119
  },
  "b3": {
    "x": 319.3919239904988,
    "y": 482.0902612826604,
    "width": 275.3349174726841,
    "height": 64.60807600950119
  },
  "b4": {
    "x": 319.3919239904988,
    "y": 548.0855119049882,
    "width": 275.3349174726841,
    "height": 526.5558170451307
  },
  "c1": {
    "x": 656.5605706793349,
    "y": 350.0997624703088,
    "width": 192.16151958194783,
    "height": 64.60807600950119
  },
  "c2": {
    "x": 656.5605706793349,
    "y": 416.09501066033255,
    "width": 192.16151958194783,
    "height": 64.60807600950119
  },
  "c3": {
    "x": 656.5605706793349,
    "y": 482.0902612826604,
    "width": 192.16151958194783,
    "height": 64.60807600950119
  },
  "c4": {
    "x": 656.5605706793349,
    "y": 548.0855119049882,
    "width": 192.16151958194783,
    "height": 64.60807600950119
  },
  "c5": {
    "x": 656.5605706793349,
    "y": 614.0807600950119,
    "width": 192.16151958194783,
    "height": 64.60807600950119
  },
  "c6": {
    "x": 656.5605706793349,
    "y": 680.0665077054631,
    "width": 192.16151958194783,
    "height": 394.57482124465565
  },
  "d1": {
    "x": 850.1092624418053,
    "y": 350.0997624703088,
    "width": 275.3444204845606,
    "height": 64.60807600950119
  },
  "d2": {
    "x": 850.1092624418053,
    "y": 416.09501066033255,
    "width": 275.3444204845606,
    "height": 64.60807600950119
  },
  "d3": {
    "x": 850.1092624418053,
    "y": 482.0902612826604,
    "width": 275.3444204845606,
    "height": 64.60807600950119
  },
  "d4": {
    "x": 850.1092624418053,
    "y": 548.0855119049882,
    "width": 275.3444204845606,
    "height": 64.60807600950119
  },
  "d5": {
    "x": 850.1092624418053,
    "y": 614.0807600950119,
    "width": 275.3444204845606,
    "height": 460.5605688551069
  },
  "e1": {
    "x": 1225.8242268123515,
    "y": 350.0997624703088,
    "width": 131.70546439904987,
    "height": 97.60570010451308
  },
  "e2": {
    "x": 1225.8242268123515,
    "y": 449.09263718764845,
    "width": 131.70546439904987,
    "height": 97.60570010451308
  },
  "e3": {
    "x": 1187.2874097102138,
    "y": 548.0855119049882,
    "width": 170.24228150118765,
    "height": 64.60807600950119
  },
  "e4": {
    "x": 1187.2874097102138,
    "y": 614.0807600950119,
    "width": 170.24228150118765,
    "height": 64.60807600950119
  },
  "e5": {
    "x": 1187.2874097102138,
    "y": 680.0665077054631,
    "width": 170.24228150118765,
    "height": 394.57482124465565
  },
  "f1": {
    "x": 1358.916863391924,
    "y": 350.0997624703088,
    "width": 142.2517839049884,
    "height": 196.59857482185274
  },
  "f2": {
    "x": 1358.916863391924,
    "y": 548.0855119049882,
    "width": 142.2517839049884,
    "height": 64.60807600950119
  },
  "f3": {
    "x": 1358.916863391924,
    "y": 614.0807600950119,
    "width": 142.2517839049884,
    "height": 460.5605688551069
  },
  "h1": {
    "x": 1563.00237408076,
    "y": 350.0997624703088,
    "width": 145.29216395249435,
    "height": 394.57482124465554
  },
  "h2": {
    "x": 1563.00237408076,
    "y": 746.0617583277909,
    "width": 145.29216395249435,
    "height": 328.5795706223279
  }
}
