{
  "a1": {
    "x": 160.24702966270786,
    "y": 395.99050002850356,
    "width": 136.07601071733967,
    "height": 594.8883586128267
  },
  "b1": {
    "x": 297.5106882280285,
    "y": 395.99050002850356,
    "width": 190.85035690261284,
    "height": 91.10688775296913
  },
  "b2": {
    "x": 297.5106882280285,
    "y": 488.29453620902615,
    "width": 190.85035690261284,
    "height": 40.788600399049876
  },
  "b3": {
    "x": 297.5106882280285,
    "y": 530.2707844560571,
    "width": 190.85035690261284,
    "height": 40.78859796674585
  },
  "b4": {
    "x": 297.5106882280285,
    "y": 572.2565332826604,
    "width": 190.85035690261284,
    "height": 40.78859796674585
  },
  "b5": {
    "x": 297.5106882280285,
    "y": 614.2327790973872,
    "width": 190.85035690261284,
    "height": 40.79810097862233
  },
  "b6": {
    "x": 297.5106882280285,
    "y": 656.2185279239905,
    "width": 190.85035690261284,
    "height": 40.78859796674592
  },
  "b7": {
    "x": 297.5106882280285,
    "y": 698.2042767505939,
    "width": 190.85035690261284,
    "height": 292.67458189073636
  },
  "c1": {
    "x": 581.2636567410926,
    "y": 395.99050002850356,
    "width": 159.58195017577196,
    "height": 594.8883586128267
  },
  "d1": {
    "x": 742.0427553444181,
    "y": 395.99050002850356,
    "width": 162.8598568741092,
    "height": 40.78859796674585
  },
  "d2": {
    "x": 742.0427553444181,
    "y": 437.9762464228029,
    "width": 162.8598568741092,
    "height": 49.12114135866983
  },
  "d3": {
    "x": 742.0427553444181,
    "y": 488.29453620902615,
    "width": 162.8598568741092,
    "height": 40.788600399049876
  },
  "d4": {
    "x": 742.0427553444181,
    "y": 530.2707844560571,
    "width": 162.8598568741092,
    "height": 460.6080741852732
  },
  "e1": {
    "x": 997.8052262612827,
    "y": 395.99050002850356,
    "width": 222.10926304988132,
    "height": 91.10688775296913
  },
  "e2": {
    "x": 997.8052262612827,
    "y": 488.29453620902615,
    "width": 222.10926304988132,
    "height": 40.788600399049876
  },
  "e3": {
    "x": 997.8052262612827,
    "y": 530.2707844560571,
    "width": 222.10926304988132,
    "height": 40.78859796674585
  },
  "e4": {
    "x": 997.8052262612827,
    "y": 572.2565332826604,
    "width": 222.10926304988132,
    "height": 40.78859796674585
  },
  "e5": {
    "x": 997.8052262612827,
    "y": 614.2327790973872,
    "width": 222.10926304988132,
    "height": 40.79810097862233
  },
  "e6": {
    "x": 997.8052262612827,
    "y": 656.2185279239905,
    "width": 222.10926304988132,
    "height": 334.6603307173398
  },
  "f1": {
    "x": 1221.1116377387175,
    "y": 395.99050002850356,
    "width": 128.32304159619952,
    "height": 133.09263657957246
  },
  "f2": {
    "x": 1221.1116377387175,
    "y": 530.2707844560571,
    "width": 128.32304159619952,
    "height": 460.6080741852732
  },
  "h1": {
    "x": 1534.0332535486937,
    "y": 395.99050002850356,
    "width": 142.9168658242279,
    "height": 175.0688823942993
  },
  "h2": {
    "x": 1534.0332535486937,
    "y": 572.2565332826604,
    "width": 142.9168658242279,
    "height": 82.77434679334917
  },
  "h3": {
    "x": 1534.0332535486937,
    "y": 656.2185279239905,
    "width": 142.9168658242279,
    "height": 334.6603307173398
  }
}