{
  "a1": {
    "x": 126.6603331496437,
    "y": 363.581948351544,
    "width": 244.8836092351544,
    "height": 132.7980991543943
  },
  "a2": {
    "x": 126.6603331496437,
    "y": 497.8432316199525,
    "width": 244.8836092351544,
    "height": 132.79809915439438
  },
  "a3": {
    "x": 126.6603331496437,
    "y": 632.1045124560571,
    "width": 244.8836092351544,
    "height": 65.67220902612813
  },
  "b1": {
    "x": 373.00712649881234,
    "y": 363.581948351544,
    "width": 234.08075948693588,
    "height": 132.7980991543943
  },
  "b2": {
    "x": 373.00712649881234,
    "y": 497.8432316199525,
    "width": 234.08075948693588,
    "height": 199.93348986223273
  },
  "c1": {
    "x": 608.5510676674585,
    "y": 363.581948351544,
    "width": 263.56294780047506,
    "height": 32.10451367220902
  },
  "c2": {
    "x": 608.5510676674585,
    "y": 397.14014312589075,
    "width": 263.56294780047506,
    "height": 32.11401425178148
  },
  "c3": {
    "x": 608.5510676674585,
    "y": 430.70783847981,
    "width": 263.56294780047506,
    "height": 32.10451367220902
  },
  "c4": {
    "x": 608.5510676674585,
    "y": 464.27553383372924,
    "width": 263.56294780047506,
    "height": 32.10451367220902
  },
  "c5": {
    "x": 608.5510676674585,
    "y": 497.8432316199525,
    "width": 263.56294780047506,
    "height": 32.104511239904994
  },
  "c6": {
    "x": 608.5510676674585,
    "y": 531.4109269738717,
    "width": 263.56294780047506,
    "height": 32.10451367220902
  },
  "c7": {
    "x": 608.5510676674585,
    "y": 564.9691217482185,
    "width": 263.56294780047506,
    "height": 32.11401425178148
  },
  "c8": {
    "x": 608.5510676674585,
    "y": 598.5368171021378,
    "width": 263.56294780047506,
    "height": 32.104513672209094
  },
  "c9": {
    "x": 608.5510676674585,
    "y": 632.1045124560571,
    "width": 263.56294780047506,
    "height": 32.10451367220896
  },
  "c10": {
    "x": 608.5510676674585,
    "y": 665.6722102422804,
    "width": 263.56294780047506,
    "height": 32.10451123990492
  },
  "c11": {
    "x": 608.5510676674585,
    "y": 699.2399055961995,
    "width": 263.56294780047506,
    "height": 32.104513672209094
  },
  "c12": {
    "x": 608.5510676674585,
    "y": 732.7981003705463,
    "width": 263.56294780047506,
    "height": 32.11401425178161
  },
  "c13": {
    "x": 608.5510676674585,
    "y": 766.3657957244656,
    "width": 263.56294780047506,
    "height": 32.104513672209094
  },
  "d1": {
    "x": 873.5771971496438,
    "y": 363.581948351544,
    "width": 234.95486875059376,
    "height": 233.50118764845607
  },
  "d2": {
    "x": 873.5771971496438,
    "y": 598.5368171021378,
    "width": 234.95486875059376,
    "height": 132.80760216627078
  },
  "d3": {
    "x": 873.5771971496438,
    "y": 732.7981003705463,
    "width": 234.95486875059376,
    "height": 132.80759973396675
  },
  "d4": {
    "x": 873.5771971496438,
    "y": 867.0688842185273,
    "width": 234.95486875059376,
    "height": 132.79809915439438
  },
  "e1": {
    "x": 1109.9952500142517,
    "y": 363.581948351544,
    "width": 199.05938059857476,
    "height": 132.7980991543943
  },
  "e2": {
    "x": 1109.9952500142517,
    "y": 497.8432316199525,
    "width": 199.05938059857476,
    "height": 32.104511239904994
  },
  "e3": {
    "x": 1109.9952500142517,
    "y": 531.4109269738717,
    "width": 199.05938059857476,
    "height": 32.10451367220902
  },
  "e4": {
    "x": 1109.9952500142517,
    "y": 564.9691217482185,
    "width": 199.05938059857476,
    "height": 32.11401425178148
  },
  "f1": {
    "x": 1310.517814726841,
    "y": 363.581948351544,
    "width": 199.0593830308788,
    "height": 132.7980991543943
  },
  "f2": {
    "x": 1310.517814726841,
    "y": 497.8432316199525,
    "width": 199.0593830308788,
    "height": 132.79809915439438
  },
  "h1": {
    "x": 1602.9738711258906,
    "y": 363.581948351544,
    "width": 199.05938303087908,
    "height": 132.7980991543943
  },
  "h2": {
    "x": 1602.9738711258906,
    "y": 497.8432316199525,
    "width": 199.05938303087908,
    "height": 132.79809915439438
  }
}
