{
  "a1": {
    "x": 149.78622266983373,
    "y": 323.79097447980996,
    "width": 258.1852743752969,
    "height": 135.25890736342043
  },
  "a2": {
    "x": 149.78622266983373,
    "y": 461.00712528266035,
    "width": 258.1852743752969,
    "height": 122.37529691211402
  },
  "a3": {
    "x": 149.78622266983373,
    "y": 585.3396680665084,
    "width": 258.1852743752969,
    "height": 78.12826664133017
  },
  "a4": {
    "x": 149.78622266983373,
    "y": 665.4251781472684,
    "width": 258.1852743752969,
    "height": 354.23277970546326
  },
  "b1": {
    "x": 409.9287404845606,
    "y": 323.79097447980996,
    "width": 175.85748400950118,
    "height": 135.25890736342043
  },
  "b2": {
    "x": 409.9287404845606,
    "y": 461.00712528266035,
    "width": 175.85748400950118,
    "height": 122.37529691211402
  },
  "b3": {
    "x": 409.9287404845606,
    "y": 585.3396680665084,
    "width": 175.85748400950118,
    "height": 78.12826664133017
  },
  "b4": {
    "x": 409.9287404845606,
    "y": 665.4251781472684,
    "width": 175.85748400950118,
    "height": 354.23277970546326
  },
  "c1": {
    "x": 670.0712582992875,
    "y": 323.79097447980996,
    "width": 127.41092758194775,
    "height": 135.25890736342043
  },
  "d1": {
    "x": 799.4489323325417,
    "y": 323.79097447980996,
    "width": 199.37292161520176,
    "height": 339.6769602280285
  },
  "d2": {
    "x": 799.4489323325417,
    "y": 665.4251781472684,
    "width": 199.37292161520176,
    "height": 354.23277970546326
  },
  "e1": {
    "x": 1083.1163907648458,
    "y": 323.79097447980996,
    "width": 136.08550886460787,
    "height": 222.34679213301663
  },
  "e2": {
    "x": 1083.1163907648458,
    "y": 548.0950124845606,
    "width": 136.08550886460787,
    "height": 35.28740971021378
  },
  "e3": {
    "x": 1083.1163907648458,
    "y": 585.3396680665084,
    "width": 136.08550886460787,
    "height": 78.12826664133017
  },
  "e4": {
    "x": 1083.1163907648458,
    "y": 665.4251781472684,
    "width": 136.08550886460787,
    "height": 35.287412142517816
  },
  "f1": {
    "x": 1221.1686460807603,
    "y": 323.79097447980996,
    "width": 152.33254095962002,
    "height": 222.34679213301663
  },
  "h1": {
    "x": 1540.1140136437052,
    "y": 323.79097447980996,
    "width": 140.5700718669836,
    "height": 222.34679213301663
  },
  "h2": {
    "x": 1540.1140136437052,
    "y": 548.0950124845606,
    "width": 140.5700718669836,
    "height": 471.5629453681711
  }
}