{
  "a1": {
    "x": 61.582031,
    "y": 133.121094,
    "width": 106.148438,
    "height": 55.609375
  },
  "a2": {
    "x": 61.582031,
    "y": 189.535156,
    "width": 106.148438,
    "height": 50.3125
  },
  "a3": {
    "x": 61.582031,
    "y": 240.652344,
    "width": 106.148438,
    "height": 32.121094
  },
  "a4": {
    "x": 61.582031,
    "y": 273.578125,
    "width": 106.148438,
    "height": 145.63671900000003
  },
  "b1": {
    "x": 168.535156,
    "y": 133.121094,
    "width": 72.300782,
    "height": 55.609375
  },
  "b2": {
    "x": 168.535156,
    "y": 189.535156,
    "width": 72.300782,
    "height": 50.3125
  },
  "b3": {
    "x": 168.535156,
    "y": 240.652344,
    "width": 72.300782,
    "height": 32.121094
  },
  "b4": {
    "x": 168.535156,
    "y": 273.578125,
    "width": 72.300782,
    "height": 145.63671900000003
  },
  "c1": {
    "x": 275.48828100000003,
    "y": 133.121094,
    "width": 52.382813,
    "height": 55.609375
  },
  "d1": {
    "x": 328.67968800000006,
    "y": 133.121094,
    "width": 81.96874999999994,
    "height": 139.652344
  },
  "d2": {
    "x": 328.67968800000006,
    "y": 273.578125,
    "width": 81.96874999999994,
    "height": 145.63671900000003
  },
  "e1": {
    "x": 445.30468800000006,
    "y": 133.121094,
    "width": 55.94921799999992,
    "height": 91.414062
  },
  "e2": {
    "x": 445.30468800000006,
    "y": 225.339844,
    "width": 55.94921799999992,
    "height": 14.507812000000001
  },
  "e3": {
    "x": 445.30468800000006,
    "y": 240.652344,
    "width": 55.94921799999992,
    "height": 32.121094
  },
  "e4": {
    "x": 445.30468800000006,
    "y": 273.578125,
    "width": 55.94921799999992,
    "height": 14.507812999999999
  },
  "f1": {
    "x": 502.0625,
    "y": 133.121094,
    "width": 62.62890600000003,
    "height": 91.414062
  },
  "h1": {
    "x": 633.1914059999999,
    "y": 133.121094,
    "width": 57.792969000000085,
    "height": 91.414062
  },
  "h2": {
    "x": 633.1914059999999,
    "y": 225.339844,
    "width": 57.792969000000085,
    "height": 193.87500000000003
  }
}
