{
  "a1": {
    "x": 146.09026128266035,
    "y": 353.17814726840857,
    "width": 289.1591436769596,
    "height": 470.9738729501188
  },
  "a2": {
    "x": 146.09026128266035,
    "y": 826.2422790688837,
    "width": 289.1591436769596,
    "height": 40.37054814251788
  },
  "a3": {
    "x": 146.09026128266035,
    "y": 868.7030884940618,
    "width": 289.1591436769596,
    "height": 190.18527255106883
  },
  "b1": {
    "x": 437.3491692541568,
    "y": 353.17814726840857,
    "width": 118.10926426603326,
    "height": 705.7102137767221
  },
  "c1": {
    "x": 640.0855100807601,
    "y": 353.17814726840857,
    "width": 139.3444192684087,
    "height": 141.44418113064134
  },
  "c2": {
    "x": 640.0855100807601,
    "y": 496.71258968171026,
    "width": 139.3444192684087,
    "height": 144.4370534156769
  },
  "c3": {
    "x": 640.0855100807601,
    "y": 643.2399043800475,
    "width": 139.3444192684087,
    "height": 58.308790422802915
  },
  "c4": {
    "x": 640.0855100807601,
    "y": 703.6484566650831,
    "width": 139.3444192684087,
    "height": 355.2399043800476
  },
  "d1": {
    "x": 781.5296912114014,
    "y": 353.17814726840857,
    "width": 154.29928741092638,
    "height": 705.7102137767221
  },
  "e1": {
    "x": 1020.4560576152019,
    "y": 353.17814726840857,
    "width": 160.8741092636581,
    "height": 348.3705475344418
  },
  "e2": {
    "x": 1020.4560576152019,
    "y": 703.6484566650831,
    "width": 160.8741092636581,
    "height": 50.5273146983373
  },
  "e3": {
    "x": 1020.4560576152019,
    "y": 756.2755356579572,
    "width": 160.8741092636581,
    "height": 25.41567513539186
  },
  "e4": {
    "x": 1020.4560576152019,
    "y": 783.7814720760094,
    "width": 160.8741092636581,
    "height": 275.1068889691212
  },
  "f1": {
    "x": 1183.4299287410927,
    "y": 353.17814726840857,
    "width": 165.6532072589073,
    "height": 348.3705475344418
  },
  "f2": {
    "x": 1183.4299287410927,
    "y": 703.6484566650831,
    "width": 165.6532072589073,
    "height": 355.2399043800476
  },
  "h1": {
    "x": 1516.247030270784,
    "y": 353.17814726840857,
    "width": 136.35154455106883,
    "height": 705.7102137767221
  }
}
