{
  "a1": {
    "x": 142.1567683800475,
    "y": 342.19477434679334,
    "width": 176.00000243230403,
    "height": 49.615203116389544
  },
  "a2": {
    "x": 142.1567683800475,
    "y": 393.27315914489316,
    "width": 176.00000243230403,
    "height": 129.00712467458433
  },
  "a3": {
    "x": 142.1567683800475,
    "y": 523.7339673539193,
    "width": 176.00000243230403,
    "height": 215.99049820427555
  },
  "a4": {
    "x": 142.1567683800475,
    "y": 741.187647239905,
    "width": 176.00000243230403,
    "height": 279.03087885985747
  },
  "b1": {
    "x": 319.61995249406175,
    "y": 342.19477434679334,
    "width": 222.9928753254157,
    "height": 136.58907363420428
  },
  "b2": {
    "x": 319.61995249406175,
    "y": 480.24702966270786,
    "width": 222.9928753254157,
    "height": 539.9714964370546
  },
  "c1": {
    "x": 665.7862220617577,
    "y": 342.19477434679334,
    "width": 176.00000243230403,
    "height": 678.0237517529691
  },
  "d1": {
    "x": 843.2399055961995,
    "y": 342.19477434679334,
    "width": 135.42992752494064,
    "height": 678.0237517529691
  },
  "e1": {
    "x": 1100.6745855391925,
    "y": 342.19477434679334,
    "width": 124.63657835629455,
    "height": 180.0855094726841
  },
  "e2": {
    "x": 1100.6745855391925,
    "y": 523.7339673539193,
    "width": 124.63657835629455,
    "height": 42.0332541567696
  },
  "e3": {
    "x": 1100.6745855391925,
    "y": 567.2304031923991,
    "width": 124.63657835629455,
    "height": 42.02375357719715
  },
  "e4": {
    "x": 1100.6745855391925,
    "y": 610.7173408836105,
    "width": 124.63657835629455,
    "height": 42.0332541567696
  },
  "e5": {
    "x": 1100.6745855391925,
    "y": 654.2042761425178,
    "width": 124.63657835629455,
    "height": 366.0142499572448
  },
  "f1": {
    "x": 1226.7648449976248,
    "y": 342.19477434679334,
    "width": 120.25653389073655,
    "height": 180.0855094726841
  },
  "f2": {
    "x": 1226.7648449976248,
    "y": 523.7339673539193,
    "width": 148.85510749643714,
    "height": 496.48455874584323
  },
  "h1": {
    "x": 1520.6840855106889,
    "y": 342.19477434679334,
    "width": 119.08788476959607,
    "height": 678.0237517529691
  }
}