{
  "a1": {
    "x": 136.37054571021378,
    "y": 327.7244649501188,
    "width": 143.05938181472686,
    "height": 44.49406236579573
  },
  "a2": {
    "x": 136.37054571021378,
    "y": 373.9097375011877,
    "width": 143.05938181472686,
    "height": 347.50593885035624
  },
  "b1": {
    "x": 281.11163956294536,
    "y": 327.7244649501188,
    "width": 284.98812412351543,
    "height": 44.49406236579573
  },
  "b2": {
    "x": 281.11163956294536,
    "y": 373.9097375011877,
    "width": 284.98812412351543,
    "height": 347.50593885035624
  },
  "c1": {
    "x": 626.3657951163897,
    "y": 327.7244649501188,
    "width": 154.32779158194768,
    "height": 393.6912114014251
  },
  "d1": {
    "x": 782.375296304038,
    "y": 327.7244649501188,
    "width": 202.7648474299288,
    "height": 44.49406236579573
  },
  "d2": {
    "x": 782.375296304038,
    "y": 373.9097375011877,
    "width": 202.7648474299288,
    "height": 23.087887201900237
  },
  "d3": {
    "x": 782.375296304038,
    "y": 398.68883488836104,
    "width": 202.7648474299288,
    "height": 47.876485168646084
  },
  "d4": {
    "x": 782.375296304038,
    "y": 448.2565326745843,
    "width": 202.7648474299288,
    "height": 47.8669821567696
  },
  "d5": {
    "x": 782.375296304038,
    "y": 497.81472744893114,
    "width": 202.7648474299288,
    "height": 223.60094890261277
  },
  "e1": {
    "x": 1047.6579560285036,
    "y": 327.7244649501188,
    "width": 173.47268530166272,
    "height": 118.84085510688837
  },
  "e2": {
    "x": 1047.6579560285036,
    "y": 448.2565326745843,
    "width": 173.47268530166272,
    "height": 23.087884769596204
  },
  "e3": {
    "x": 1047.6579560285036,
    "y": 473.03563006175773,
    "width": 173.47268530166272,
    "height": 72.65558012351545
  },
  "e4": {
    "x": 1047.6579560285036,
    "y": 547.3824228028503,
    "width": 173.47268530166272,
    "height": 74.34679274109264
  },
  "e5": {
    "x": 1047.6579560285036,
    "y": 623.4109275819478,
    "width": 173.47268530166272,
    "height": 21.976246422802923
  },
  "e6": {
    "x": 1047.6579560285036,
    "y": 647.0688836104513,
    "width": 173.47268530166272,
    "height": 74.34679274109257
  },
  "f1": {
    "x": 1222.8218539477434,
    "y": 327.7244649501188,
    "width": 172.34204093111646,
    "height": 118.84085510688837
  },
  "f2": {
    "x": 1222.8218539477434,
    "y": 448.2565326745843,
    "width": 172.34204093111646,
    "height": 23.087884769596204
  },
  "f3": {
    "x": 1222.8218539477434,
    "y": 473.03563006175773,
    "width": 172.34204093111646,
    "height": 148.69358548218528
  },
  "f4": {
    "x": 1222.8218539477434,
    "y": 623.4109275819478,
    "width": 172.34204093111646,
    "height": 98.00474876959613
  },
  "h1": {
    "x": 1523.0118758764847,
    "y": 327.7244649501188,
    "width": 185.8717345748218,
    "height": 168.39904988123516
  },
  "h2": {
    "x": 1523.0118758764847,
    "y": 497.81472744893114,
    "width": 185.8717345748218,
    "height": 147.57244655581954
  },
  "h3": {
    "x": 1523.0118758764847,
    "y": 647.0688836104513,
    "width": 185.8717345748218,
    "height": 74.34679274109257
  }
}
