{
  "a1": {
    "x": 54.710938,
    "y": 141.539062,
    "width": 117.210937,
    "height": 17.269531999999998
  },
  "a2": {
    "x": 54.710938,
    "y": 159.5,
    "width": 117.210937,
    "height": 17.273438
  },
  "a3": {
    "x": 54.710938,
    "y": 177.464844,
    "width": 117.210937,
    "height": 8.289062000000001
  },
  "a4": {
    "x": 54.710938,
    "y": 186.445312,
    "width": 117.210937,
    "height": 17.269531999999998
  },
  "a5": {
    "x": 54.710938,
    "y": 204.40625,
    "width": 117.210937,
    "height": 8.289062000000001
  },
  "a6": {
    "x": 54.710938,
    "y": 213.386719,
    "width": 117.210937,
    "height": 26.253906
  },
  "b1": {
    "x": 172.613281,
    "y": 141.539062,
    "width": 72.308594,
    "height": 26.253906999999998
  },
  "b2": {
    "x": 172.613281,
    "y": 168.480469,
    "width": 72.308594,
    "height": 26.253906
  },
  "b3": {
    "x": 172.613281,
    "y": 195.425781,
    "width": 72.308594,
    "height": 26.25
  },
  "b4": {
    "x": 172.613281,
    "y": 222.367188,
    "width": 72.308594,
    "height": 26.253906
  },
  "b5": {
    "x": 172.613281,
    "y": 249.308594,
    "width": 72.308594,
    "height": 134.02343699999997
  },
  "c1": {
    "x": 301.57031199999994,
    "y": 141.539062,
    "width": 78.87109400000003,
    "height": 8.289062999999999
  },
  "c2": {
    "x": 301.57031199999994,
    "y": 150.519531,
    "width": 78.87109400000003,
    "height": 8.289062999999999
  },
  "c3": {
    "x": 301.57031199999994,
    "y": 159.5,
    "width": 78.87109400000003,
    "height": 8.292969
  },
  "c4": {
    "x": 301.57031199999994,
    "y": 168.480469,
    "width": 78.87109400000003,
    "height": 8.292969
  },
  "c5": {
    "x": 301.57031199999994,
    "y": 177.464844,
    "width": 78.87109400000003,
    "height": 8.289062000000001
  },
  "c6": {
    "x": 301.57031199999994,
    "y": 186.445312,
    "width": 78.87109400000003,
    "height": 8.289062999999999
  },
  "c7": {
    "x": 301.57031199999994,
    "y": 195.425781,
    "width": 78.87109400000003,
    "height": 8.289062999999999
  },
  "c8": {
    "x": 301.57031199999994,
    "y": 204.40625,
    "width": 78.87109400000003,
    "height": 8.289062000000001
  },
  "c9": {
    "x": 301.57031199999994,
    "y": 213.386719,
    "width": 78.87109400000003,
    "height": 8.289062000000001
  },
  "c10": {
    "x": 301.57031199999994,
    "y": 222.367188,
    "width": 78.87109400000003,
    "height": 8.289062000000001
  },
  "c11": {
    "x": 301.57031199999994,
    "y": 231.347656,
    "width": 78.87109400000003,
    "height": 8.292969
  },
  "c12": {
    "x": 301.57031199999994,
    "y": 240.328125,
    "width": 78.87109400000003,
    "height": 8.292969
  },
  "c13": {
    "x": 301.57031199999994,
    "y": 249.308594,
    "width": 78.87109400000003,
    "height": 8.292968000000002
  },
  "c14": {
    "x": 301.57031199999994,
    "y": 258.292969,
    "width": 78.87109400000003,
    "height": 8.289061999999944
  },
  "c15": {
    "x": 301.57031199999994,
    "y": 267.273438,
    "width": 78.87109400000003,
    "height": 8.289062000000001
  },
  "c16": {
    "x": 301.57031199999994,
    "y": 276.253906,
    "width": 78.87109400000003,
    "height": 8.289063000000056
  },
  "c17": {
    "x": 301.57031199999994,
    "y": 285.234375,
    "width": 78.87109400000003,
    "height": 8.289062999999999
  },
  "c18": {
    "x": 301.57031199999994,
    "y": 294.21484399999997,
    "width": 78.87109400000003,
    "height": 8.289062000000001
  },
  "c19": {
    "x": 301.57031199999994,
    "y": 303.19531199999994,
    "width": 78.87109400000003,
    "height": 8.289063000000056
  },
  "c20": {
    "x": 301.57031199999994,
    "y": 312.175781,
    "width": 78.87109400000003,
    "height": 8.292969000000028
  },
  "c21": {
    "x": 301.57031199999994,
    "y": 321.15625,
    "width": 78.87109400000003,
    "height": 8.292969000000028
  },
  "c22": {
    "x": 301.57031199999994,
    "y": 330.140625,
    "width": 78.87109400000003,
    "height": 8.289062999999999
  },
  "c23": {
    "x": 301.57031199999994,
    "y": 339.12109399999997,
    "width": 78.87109400000003,
    "height": 8.289062000000001
  },
  "c24": {
    "x": 301.57031199999994,
    "y": 348.10156199999994,
    "width": 78.87109400000003,
    "height": 8.289063000000056
  },
  "c25": {
    "x": 301.57031199999994,
    "y": 357.082031,
    "width": 78.87109400000003,
    "height": 8.289063000000056
  },
  "c26": {
    "x": 301.57031199999994,
    "y": 366.0625,
    "width": 78.87109400000003,
    "height": 8.289062000000001
  },
  "c27": {
    "x": 301.57031199999994,
    "y": 375.042969,
    "width": 78.87109400000003,
    "height": 8.289061999999944
  },
  "e1": {
    "x": 439.625,
    "y": 141.539062,
    "width": 58.71875,
    "height": 35.234376
  },
  "e2": {
    "x": 439.625,
    "y": 177.464844,
    "width": 58.71875,
    "height": 8.289062000000001
  },
  "e3": {
    "x": 439.625,
    "y": 186.445312,
    "width": 58.71875,
    "height": 17.269531999999998
  },
  "e4": {
    "x": 439.625,
    "y": 204.40625,
    "width": 58.71875,
    "height": 17.269531
  },
  "f1": {
    "x": 499.035156,
    "y": 141.539062,
    "width": 56.76562500000006,
    "height": 35.234376
  },
  "f2": {
    "x": 499.035156,
    "y": 177.464844,
    "width": 56.76562500000006,
    "height": 8.289062000000001
  },
  "f3": {
    "x": 499.035156,
    "y": 186.445312,
    "width": 56.76562500000006,
    "height": 17.269531999999998
  },
  "f4": {
    "x": 499.035156,
    "y": 204.40625,
    "width": 56.76562500000006,
    "height": 8.289062000000001
  },
  "f5": {
    "x": 499.035156,
    "y": 213.386719,
    "width": 56.76562500000006,
    "height": 8.289062000000001
  },
  "h1": {
    "x": 614.980469,
    "y": 141.539062,
    "width": 59.75781200000006,
    "height": 35.234376
  },
  "h2": {
    "x": 614.980469,
    "y": 177.464844,
    "width": 59.75781200000006,
    "height": 17.269531
  },
  "h3": {
    "x": 614.980469,
    "y": 195.425781,
    "width": 59.75781200000006,
    "height": 187.90624999999997
  }
}