{
  "a1": {
    "x": 189.1496437054632,
    "y": 330.01425299762474,
    "width": 282.2422815011877,
    "height": 459.70546318289786
  },
  "a2": {
    "x": 189.1496437054632,
    "y": 791.7624697007126,
    "width": 282.2422815011877,
    "height": 39.40142578622335
  },
  "a3": {
    "x": 189.1496437054632,
    "y": 833.2066514394301,
    "width": 282.2422815011877,
    "height": 185.6342030593823
  },
  "b1": {
    "x": 473.4346787268409,
    "y": 330.01425299762474,
    "width": 115.28741214251782,
    "height": 688.8266015011876
  },
  "c1": {
    "x": 671.3254150688837,
    "y": 330.01425299762474,
    "width": 136.0190023752968,
    "height": 138.0522553159145
  },
  "c2": {
    "x": 671.3254150688837,
    "y": 470.1092642660333,
    "width": 136.0190023752968,
    "height": 140.97862111163897
  },
  "c3": {
    "x": 671.3254150688837,
    "y": 613.1306413301663,
    "width": 136.0190023752968,
    "height": 56.921615809976316
  },
  "c4": {
    "x": 671.3254150688837,
    "y": 672.0950106603326,
    "width": 136.0190023752968,
    "height": 346.74584383847974
  },
  "d1": {
    "x": 809.3871733966746,
    "y": 330.01425299762474,
    "width": 150.60332602375306,
    "height": 688.8266015011876
  },
  "e1": {
    "x": 1042.5938236199524,
    "y": 330.01425299762474,
    "width": 157.02612887410933,
    "height": 340.0380041425179
  },
  "e2": {
    "x": 1042.5938236199524,
    "y": 672.0950106603326,
    "width": 157.02612887410933,
    "height": 49.32066569121133
  },
  "e3": {
    "x": 1042.5938236199524,
    "y": 723.4584323040381,
    "width": 157.02612887410933,
    "height": 24.817102137767222
  },
  "e4": {
    "x": 1042.5938236199524,
    "y": 750.3182903942994,
    "width": 157.02612887410933,
    "height": 268.5225641045129
  },
  "f1": {
    "x": 1201.662708446556,
    "y": 330.01425299762474,
    "width": 161.70071319714972,
    "height": 340.0380041425179
  },
  "f2": {
    "x": 1201.662708446556,
    "y": 672.0950106603326,
    "width": 161.70071319714972,
    "height": 346.74584383847974
  },
  "h1": {
    "x": 1526.5273165225653,
    "y": 330.01425299762474,
    "width": 133.09263657957246,
    "height": 688.8266015011876
  }
}
