{
  "a1": {
    "x": 136.2565314584323,
    "y": 341.6532072589074,
    "width": 243.57244655581948,
    "height": 132.09501248456058
  },
  "a2": {
    "x": 136.2565314584323,
    "y": 475.20190084560573,
    "width": 243.57244655581948,
    "height": 132.09501248456058
  },
  "a3": {
    "x": 136.2565314584323,
    "y": 608.7410938527316,
    "width": 243.57244655581948,
    "height": 65.33016383847982
  },
  "b1": {
    "x": 381.2826591163896,
    "y": 341.6532072589074,
    "width": 232.83610572921617,
    "height": 132.09501248456058
  },
  "b2": {
    "x": 381.2826591163896,
    "y": 475.20190084560573,
    "width": 232.83610572921617,
    "height": 198.86935684560572
  },
  "c1": {
    "x": 615.5724459477435,
    "y": 341.6532072589074,
    "width": 262.15676959619947,
    "height": 31.9334910783848
  },
  "c2": {
    "x": 615.5724459477435,
    "y": 375.04037943942996,
    "width": 262.15676959619947,
    "height": 31.9334910783848
  },
  "c3": {
    "x": 615.5724459477435,
    "y": 408.42755405225654,
    "width": 262.15676959619947,
    "height": 31.9334910783848
  },
  "c4": {
    "x": 615.5724459477435,
    "y": 441.8147262327791,
    "width": 262.15676959619947,
    "height": 31.933493510688834
  },
  "c5": {
    "x": 615.5724459477435,
    "y": 475.20190084560573,
    "width": 262.15676959619947,
    "height": 31.9334910783848
  },
  "c6": {
    "x": 615.5724459477435,
    "y": 508.5890730261283,
    "width": 262.15676959619947,
    "height": 31.9334910783848
  },
  "c7": {
    "x": 615.5724459477435,
    "y": 541.9667446270784,
    "width": 262.15676959619947,
    "height": 31.94299409026128
  },
  "c8": {
    "x": 615.5724459477435,
    "y": 575.3634198194775,
    "width": 262.15676959619947,
    "height": 31.933493510688834
  },
  "c9": {
    "x": 615.5724459477435,
    "y": 608.7410938527316,
    "width": 262.15676959619947,
    "height": 31.94299165795725
  },
  "c10": {
    "x": 615.5724459477435,
    "y": 642.1377666128266,
    "width": 262.15676959619947,
    "height": 31.93349107838487
  },
  "c11": {
    "x": 615.5724459477435,
    "y": 675.5249412256533,
    "width": 262.15676959619947,
    "height": 31.933491078384733
  },
  "c12": {
    "x": 615.5724459477435,
    "y": 708.9026128266033,
    "width": 262.15676959619947,
    "height": 31.94299409026128
  },
  "c13": {
    "x": 615.5724459477435,
    "y": 742.2992880190023,
    "width": 262.15676959619947,
    "height": 31.93349107838487
  },
  "d1": {
    "x": 879.1828990783848,
    "y": 341.6532072589074,
    "width": 233.71021256057008,
    "height": 232.2565314584323
  },
  "d2": {
    "x": 879.1828990783848,
    "y": 575.3634198194775,
    "width": 233.71021256057008,
    "height": 132.09501248456058
  },
  "d3": {
    "x": 879.1828990783848,
    "y": 708.9026128266033,
    "width": 233.71021256057008,
    "height": 132.10451306413302
  },
  "d4": {
    "x": 879.1828990783848,
    "y": 842.4513064133017,
    "width": 233.71021256057008,
    "height": 132.10451306413302
  },
  "e1": {
    "x": 1114.3372921615203,
    "y": 341.6532072589074,
    "width": 198.00475059382424,
    "height": 132.09501248456058
  },
  "e2": {
    "x": 1114.3372921615203,
    "y": 475.20190084560573,
    "width": 198.00475059382424,
    "height": 31.9334910783848
  },
  "e3": {
    "x": 1114.3372921615203,
    "y": 508.5890730261283,
    "width": 198.00475059382424,
    "height": 31.9334910783848
  },
  "e4": {
    "x": 1114.3372921615203,
    "y": 541.9667446270784,
    "width": 198.00475059382424,
    "height": 31.94299409026128
  },
  "f1": {
    "x": 1313.7957238574822,
    "y": 341.6532072589074,
    "width": 197.99525001425172,
    "height": 132.09501248456058
  },
  "f2": {
    "x": 1313.7957238574822,
    "y": 475.20190084560573,
    "width": 197.99525001425172,
    "height": 132.09501248456058
  },
  "h1": {
    "x": 1604.684084902613,
    "y": 341.6532072589074,
    "width": 198.00475059382424,
    "height": 132.09501248456058
  },
  "h2": {
    "x": 1604.684084902613,
    "y": 475.20190084560573,
    "width": 198.00475059382424,
    "height": 132.09501248456058
  }
}
