{
  "a1": {
    "x": 205.24465436579572,
    "y": 250.51781533491686,
    "width": 178.67933613301662,
    "height": 37.94774225178148
  },
  "a2": {
    "x": 205.24465436579572,
    "y": 289.59619952494063,
    "width": 178.67933613301662,
    "height": 31.42992874109264
  },
  "a3": {
    "x": 205.24465436579572,
    "y": 322.1567702042756,
    "width": 178.67933613301662,
    "height": 24.921613377672216
  },
  "a4": {
    "x": 205.24465436579572,
    "y": 348.20902552019004,
    "width": 178.67933613301662,
    "height": 24.921615809976245
  },
  "a5": {
    "x": 205.24465436579572,
    "y": 374.2612832684086,
    "width": 178.67933613301662,
    "height": 24.921615809976245
  },
  "a6": {
    "x": 205.24465436579572,
    "y": 400.31353858432306,
    "width": 178.67933613301662,
    "height": 24.9121152304038
  },
  "a7": {
    "x": 205.24465436579572,
    "y": 426.3657963325416,
    "width": 178.67933613301662,
    "height": 24.912112798099766
  },
  "b1": {
    "x": 493.21615262707843,
    "y": 250.51781533491686,
    "width": 334.41330105463186,
    "height": 878.0807588788598
  },
  "c1": {
    "x": 923.9049875154395,
    "y": 250.51781533491686,
    "width": 142.99287532541567,
    "height": 37.94774225178148
  },
  "d1": {
    "x": 1202.251780864608,
    "y": 250.51781533491686,
    "width": 182.06175893586698,
    "height": 878.0807588788598
  },
  "e1": {
    "x": 1385.4536823182898,
    "y": 250.51781533491686,
    "width": 110.99287289311178,
    "height": 96.56056824703089
  },
  "e2": {
    "x": 1385.4536823182898,
    "y": 348.20902552019004,
    "width": 110.99287289311178,
    "height": 24.921615809976245
  },
  "e3": {
    "x": 1385.4536823182898,
    "y": 374.2612832684086,
    "width": 110.99287289311178,
    "height": 50.96437054631829
  },
  "e4": {
    "x": 1385.4536823182898,
    "y": 426.3657963325416,
    "width": 110.99287289311178,
    "height": 24.912112798099766
  },
  "f1": {
    "x": 1497.5771971496438,
    "y": 250.51781533491686,
    "width": 105.33966806650825,
    "height": 96.56056824703089
  },
  "g1": {
    "x": 1604.0475047220903,
    "y": 250.51781533491686,
    "width": 110.99287532541582,
    "height": 37.94774225178148
  },
  "g2": {
    "x": 1604.0475047220903,
    "y": 289.59619952494063,
    "width": 110.99287532541582,
    "height": 31.42992874109264
  },
  "h1": {
    "x": 1716.1805225653206,
    "y": 250.51781533491686,
    "width": 117.51068883610452,
    "height": 174.70783847981
  },
  "h2": {
    "x": 1716.1805225653206,
    "y": 426.3657963325416,
    "width": 117.51068883610452,
    "height": 155.1638960950119
  }
}