{
  "b1": {
    "x": 257.85273219952495,
    "y": 314.19477373871734,
    "width": 199.94299287410928,
    "height": 300.9121146223278
  },
  "b2": {
    "x": 257.85273219952495,
    "y": 616.5320652921615,
    "width": 199.94299287410928,
    "height": 251.4299293491686
  },
  "c1": {
    "x": 553.0451306413302,
    "y": 314.19477373871734,
    "width": 158.7458432304038,
    "height": 785.748218527316
  },
  "d1": {
    "x": 713.2256538147269,
    "y": 314.19477373871734,
    "width": 198.79334977672204,
    "height": 380.9976247030878
  },
  "d2": {
    "x": 713.2256538147269,
    "y": 696.6270783847981,
    "width": 198.79334977672204,
    "height": 171.334916256532
  },
  "d3": {
    "x": 713.2256538147269,
    "y": 869.3871740047506,
    "width": 198.79334977672204,
    "height": 177.34916742992874
  },
  "e1": {
    "x": 1007.2684091591449,
    "y": 314.19477373871734,
    "width": 133.58669833729232,
    "height": 171.3349186888361
  },
  "e2": {
    "x": 1007.2684091591449,
    "y": 486.95486935866984,
    "width": 133.58669833729232,
    "height": 41.76722090261283
  },
  "e3": {
    "x": 1007.2684091591449,
    "y": 530.1472696247031,
    "width": 133.58669833729232,
    "height": 41.7672184703088
  },
  "e4": {
    "x": 1007.2684091591449,
    "y": 573.3396674584324,
    "width": 133.58669833729232,
    "height": 41.76722090261283
  },
  "e5": {
    "x": 1007.2684091591449,
    "y": 616.5320652921615,
    "width": 133.58669833729232,
    "height": 483.4109269738717
  },
  "f1": {
    "x": 1142.2802844275536,
    "y": 314.19477373871734,
    "width": 151.8859869643704,
    "height": 171.3349186888361
  },
  "f2": {
    "x": 1142.2802844275536,
    "y": 486.95486935866984,
    "width": 151.8859869643704,
    "height": 41.76722090261283
  },
  "f3": {
    "x": 1142.2802844275536,
    "y": 530.1472696247031,
    "width": 151.8859869643704,
    "height": 41.7672184703088
  },
  "f4": {
    "x": 1142.2802844275536,
    "y": 573.3396674584324,
    "width": 151.8859869643704,
    "height": 41.76722090261283
  },
  "f5": {
    "x": 1142.2802844275536,
    "y": 616.5320652921615,
    "width": 151.8859869643704,
    "height": 483.4109269738717
  },
  "h1": {
    "x": 1483.2399055961996,
    "y": 314.19477373871734,
    "width": 211.38242280285036,
    "height": 84.9501181567696
  },
  "h2": {
    "x": 1483.2399055961996,
    "y": 400.5700712589074,
    "width": 211.38242280285036,
    "height": 128.1520190023753
  },
  "h3": {
    "x": 1483.2399055961996,
    "y": 530.1472696247031,
    "width": 211.38242280285036,
    "height": 84.95961873634205
  },
  "h4": {
    "x": 1483.2399055961996,
    "y": 616.5320652921615,
    "width": 211.38242280285036,
    "height": 121.85273341567704
  }
}
