{
  "a1": {
    "x": 134.30878859857484,
    "y": 330.8978628408551,
    "width": 254.4418052256532,
    "height": 26.318288570071264
  },
  "a2": {
    "x": 134.30878859857484,
    "y": 358.6318277624703,
    "width": 254.4418052256532,
    "height": 26.318291002375297
  },
  "a3": {
    "x": 134.30878859857484,
    "y": 386.36579511638956,
    "width": 254.4418052256532,
    "height": 26.327791581947743
  },
  "a4": {
    "x": 134.30878859857484,
    "y": 414.10926304988124,
    "width": 254.4418052256532,
    "height": 26.318291002375297
  },
  "a5": {
    "x": 134.30878859857484,
    "y": 441.8432304038005,
    "width": 254.4418052256532,
    "height": 26.318288570071264
  },
  "a6": {
    "x": 134.30878859857484,
    "y": 469.5771977577197,
    "width": 254.4418052256532,
    "height": 248.2185267078385
  },
  "b2": {
    "x": 390.166270175772,
    "y": 330.8978628408551,
    "width": 175.19239965795725,
    "height": 81.79572385748219
  },
  "b3": {
    "x": 390.166270175772,
    "y": 414.10926304988124,
    "width": 175.19239965795725,
    "height": 303.68646141567694
  },
  "c1": {
    "x": 632.437054631829,
    "y": 330.8978628408551,
    "width": 245.37767342517816,
    "height": 26.318288570071264
  },
  "c2": {
    "x": 632.437054631829,
    "y": 358.6318277624703,
    "width": 245.37767342517816,
    "height": 26.318291002375297
  },
  "c3": {
    "x": 632.437054631829,
    "y": 386.36579511638956,
    "width": 245.37767342517816,
    "height": 54.06175893586698
  },
  "c4": {
    "x": 632.437054631829,
    "y": 441.8432304038005,
    "width": 245.37767342517816,
    "height": 54.061756503562954
  },
  "c5": {
    "x": 632.437054631829,
    "y": 497.32066569121145,
    "width": 245.37767342517816,
    "height": 26.318288570071264
  },
  "c6": {
    "x": 632.437054631829,
    "y": 525.0546330451307,
    "width": 245.37767342517816,
    "height": 26.318288570071264
  },
  "c7": {
    "x": 632.437054631829,
    "y": 552.7885979667459,
    "width": 245.37767342517816,
    "height": 26.318291002375297
  },
  "c8": {
    "x": 632.437054631829,
    "y": 580.5225653206651,
    "width": 245.37767342517816,
    "height": 26.318291002375297
  },
  "c9": {
    "x": 632.437054631829,
    "y": 608.2565326745844,
    "width": 245.37767342517816,
    "height": 26.327791581947743
  },
  "c10": {
    "x": 632.437054631829,
    "y": 636.000000608076,
    "width": 245.37767342517816,
    "height": 26.318288570071264
  },
  "c11": {
    "x": 632.437054631829,
    "y": 663.7339655296911,
    "width": 245.37767342517816,
    "height": 26.31829100237543
  },
  "c12": {
    "x": 632.437054631829,
    "y": 691.4679328836104,
    "width": 245.37767342517816,
    "height": 26.327791581947814
  },
  "d1": {
    "x": 879.2304044085511,
    "y": 330.8978628408551,
    "width": 175.19239722565328,
    "height": 386.8978616247031
  },
  "e1": {
    "x": 1121.5011888646081,
    "y": 330.8978628408551,
    "width": 136.70308545368158,
    "height": 109.52969121140143
  },
  "e2": {
    "x": 1121.5011888646081,
    "y": 441.8432304038005,
    "width": 136.70308545368158,
    "height": 81.79572385748219
  },
  "e3": {
    "x": 1121.5011888646081,
    "y": 525.0546330451307,
    "width": 136.70308545368158,
    "height": 26.318288570071264
  },
  "e4": {
    "x": 1121.5011888646081,
    "y": 552.7885979667459,
    "width": 136.70308545368158,
    "height": 165.00712649881237
  },
  "f1": {
    "x": 1259.6199531021377,
    "y": 330.8978628408551,
    "width": 159.34441622802845,
    "height": 109.52969121140143
  },
  "f2": {
    "x": 1259.6199531021377,
    "y": 441.8432304038005,
    "width": 159.34441622802845,
    "height": 275.9524940617577
  },
  "h1": {
    "x": 1551.6959619952495,
    "y": 330.8978628408551,
    "width": 171.80047627553458,
    "height": 137.26365613301664
  },
  "h2": {
    "x": 1551.6959619952495,
    "y": 469.5771977577197,
    "width": 171.80047627553458,
    "height": 248.2185267078385
  }
}