{
  "a1": {
    "x": 142.926034859661,
    "y": 367.01231813182244,
    "width": 290.19468162349,
    "height": 48.766465927852806
  },
  "a2": {
    "x": 142.926034859661,
    "y": 417.3656878879664,
    "width": 290.19468162349,
    "height": 48.76646836047464
  },
  "a3": {
    "x": 142.926034859661,
    "y": 467.7190600767321,
    "width": 290.19468162349,
    "height": 48.766465927852806
  },
  "a4": {
    "x": 142.926034859661,
    "y": 518.0724322654979,
    "width": 290.19468162349,
    "height": 48.766465927852806
  },
  "a5": {
    "x": 142.926034859661,
    "y": 568.4258044542636,
    "width": 290.19468162349,
    "height": 48.775967748755775
  },
  "a6": {
    "x": 142.926034859661,
    "y": 618.7791766430294,
    "width": 290.19468162349,
    "height": 48.775967748755846
  },
  "a7": {
    "x": 142.926034859661,
    "y": 669.1420482200763,
    "width": 290.19468162349,
    "height": 48.76646836047464
  },
  "a8": {
    "x": 142.926034859661,
    "y": 719.4954204088419,
    "width": 290.19468162349,
    "height": 48.766465927852806
  },
  "a9": {
    "x": 142.926034859661,
    "y": 769.8487925976077,
    "width": 290.19468162349,
    "height": 48.766465927852806
  },
  "a10": {
    "x": 142.926034859661,
    "y": 820.2021647863736,
    "width": 290.19468162349,
    "height": 48.766465927852806
  },
  "a11": {
    "x": 142.926034859661,
    "y": 870.5555369751394,
    "width": 290.19468162349,
    "height": 48.76646349523084
  },
  "a12": {
    "x": 142.926034859661,
    "y": 920.9089067312833,
    "width": 290.19468162349,
    "height": 48.76646592785267
  },
  "a13": {
    "x": 142.926034859661,
    "y": 971.262278920049,
    "width": 290.19468162349,
    "height": 48.766465927852806
  },
  "a14": {
    "x": 142.926034859661,
    "y": 1021.6156511088147,
    "width": 290.19468162349,
    "height": 48.766465927852806
  },
  "a15": {
    "x": 142.926034859661,
    "y": 1071.9690208649586,
    "width": 290.19468162349,
    "height": 48.77597018137768
  },
  "c1": {
    "x": 639.2664112603784,
    "y": 367.01231813182244,
    "width": 237.46570338642815,
    "height": 99.11983811661855
  },
  "c2": {
    "x": 639.2664112603784,
    "y": 467.7190600767321,
    "width": 237.46570338642815,
    "height": 99.11983811661855
  },
  "c3": {
    "x": 639.2664112603784,
    "y": 568.4258044542636,
    "width": 237.46570338642815,
    "height": 48.775967748755775
  },
  "e1": {
    "x": 1082.877811856656,
    "y": 367.01231813182244,
    "width": 237.4657009538062,
    "height": 99.11983811661855
  }
}