{
  "a1": {
    "x": 136.1330166270784,
    "y": 355.83847980997626,
    "width": 151.0688836104513,
    "height": 70.47981119239905
  },
  "a2": {
    "x": 136.1330166270784,
    "y": 427.7624715249406,
    "width": 151.0688836104513,
    "height": 22.52731409026129
  },
  "a3": {
    "x": 136.1330166270784,
    "y": 451.73396613776725,
    "width": 151.0688836104513,
    "height": 22.52731652256532
  },
  "a4": {
    "x": 136.1330166270784,
    "y": 475.70546318289786,
    "width": 151.0688836104513,
    "height": 22.536817102137768
  },
  "a5": {
    "x": 136.1330166270784,
    "y": 499.68646080760095,
    "width": 151.0688836104513,
    "height": 22.52731652256532
  },
  "a6": {
    "x": 136.1330166270784,
    "y": 523.6579578527317,
    "width": 151.0688836104513,
    "height": 22.536817102137768
  },
  "a7": {
    "x": 136.1330166270784,
    "y": 547.6389554774347,
    "width": 151.0688836104513,
    "height": 22.52731409026129
  },
  "b1": {
    "x": 288.646080760095,
    "y": 355.83847980997626,
    "width": 176.49406175771972,
    "height": 118.4228028503563
  },
  "b2": {
    "x": 288.646080760095,
    "y": 475.70546318289786,
    "width": 176.49406175771972,
    "height": 70.4893117719715
  },
  "b3": {
    "x": 288.646080760095,
    "y": 547.6389554774347,
    "width": 176.49406175771972,
    "height": 148.47505755819478
  },
  "c1": {
    "x": 528.978622935867,
    "y": 355.83847980997626,
    "width": 167.24940678384797,
    "height": 22.52731652256532
  },
  "c2": {
    "x": 528.978622935867,
    "y": 379.8099768551069,
    "width": 167.24940678384797,
    "height": 22.52731409026129
  },
  "c3": {
    "x": 528.978622935867,
    "y": 403.7814714679335,
    "width": 167.24940678384797,
    "height": 22.5368195344418
  },
  "c4": {
    "x": 528.978622935867,
    "y": 427.7624715249406,
    "width": 167.24940678384797,
    "height": 22.52731409026129
  },
  "c5": {
    "x": 528.978622935867,
    "y": 451.73396613776725,
    "width": 167.24940678384797,
    "height": 22.52731652256532
  },
  "d1": {
    "x": 697.6722102422804,
    "y": 355.83847980997626,
    "width": 211.16389487885994,
    "height": 46.49881113539193
  },
  "d2": {
    "x": 697.6722102422804,
    "y": 403.7814714679335,
    "width": 211.16389487885994,
    "height": 22.5368195344418
  },
  "d3": {
    "x": 697.6722102422804,
    "y": 427.7624715249406,
    "width": 211.16389487885994,
    "height": 22.52731409026129
  },
  "d4": {
    "x": 697.6722102422804,
    "y": 451.73396613776725,
    "width": 211.16389487885994,
    "height": 22.52731652256532
  },
  "e1": {
    "x": 972.6745855391924,
    "y": 355.83847980997626,
    "width": 213.46318107363416,
    "height": 94.45130580522566
  },
  "e2": {
    "x": 972.6745855391924,
    "y": 451.73396613776725,
    "width": 213.46318107363416,
    "height": 22.52731652256532
  },
  "e3": {
    "x": 972.6745855391924,
    "y": 475.70546318289786,
    "width": 213.46318107363416,
    "height": 22.536817102137768
  },
  "e4": {
    "x": 972.6745855391924,
    "y": 499.68646080760095,
    "width": 213.46318107363416,
    "height": 22.52731652256532
  },
  "f1": {
    "x": 1187.5819471353918,
    "y": 355.83847980997626,
    "width": 227.33491747268417,
    "height": 94.45130580522566
  },
  "f2": {
    "x": 1187.5819471353918,
    "y": 451.73396613776725,
    "width": 227.33491747268417,
    "height": 22.52731652256532
  },
  "f3": {
    "x": 1187.5819471353918,
    "y": 475.70546318289786,
    "width": 227.33491747268417,
    "height": 22.536817102137768
  },
  "f4": {
    "x": 1187.5819471353918,
    "y": 499.68646080760095,
    "width": 227.33491747268417,
    "height": 22.52731652256532
  },
  "f5": {
    "x": 1187.5819471353918,
    "y": 523.6579578527317,
    "width": 227.33491747268417,
    "height": 22.536817102137768
  },
  "f6": {
    "x": 1187.5819471353918,
    "y": 547.6389554774347,
    "width": 227.33491747268417,
    "height": 22.52731409026129
  },
  "h1": {
    "x": 1541.1496449216154,
    "y": 355.83847980997626,
    "width": 205.37767220902614,
    "height": 70.47981119239905
  },
  "h2": {
    "x": 1541.1496449216154,
    "y": 427.7624715249406,
    "width": 205.37767220902614,
    "height": 142.40379804275537
  },
  "h3": {
    "x": 1541.1496449216154,
    "y": 571.6104500902613,
    "width": 205.37767220902614,
    "height": 70.48931177197143
  },
  "h4": {
    "x": 1541.1496449216154,
    "y": 643.543942384798,
    "width": 205.37767220902614,
    "height": 52.570070650831425
  }
}