{
  "a1": {
    "x": 143.9334910783848,
    "y": 348.71259028978625,
    "width": 147.895488152019,
    "height": 44.779096779097394
  },
  "a2": {
    "x": 143.9334910783848,
    "y": 394.9358675914489,
    "width": 147.895488152019,
    "height": 21.66270783847981
  },
  "a3": {
    "x": 143.9334910783848,
    "y": 418.0427559524941,
    "width": 147.895488152019,
    "height": 21.66270783847981
  },
  "a4": {
    "x": 143.9334910783848,
    "y": 441.1496443135392,
    "width": 147.895488152019,
    "height": 21.66270783847981
  },
  "a5": {
    "x": 143.9334910783848,
    "y": 464.2565326745843,
    "width": 147.895488152019,
    "height": 21.66270783847981
  },
  "a6": {
    "x": 143.9334910783848,
    "y": 487.3634210356295,
    "width": 147.895488152019,
    "height": 21.67220841805226
  },
  "b1": {
    "x": 293.27315975296915,
    "y": 348.71259028978625,
    "width": 171.8669827648456,
    "height": 114.09976186223278
  },
  "b2": {
    "x": 293.27315975296915,
    "y": 464.2565326745843,
    "width": 171.8669827648456,
    "height": 67.88598514014252
  },
  "b3": {
    "x": 293.27315975296915,
    "y": 533.5866983372922,
    "width": 171.8669827648456,
    "height": 91.5724477719715
  },
  "c1": {
    "x": 527.2494055676959,
    "y": 348.71259028978625,
    "width": 162.63182837054632,
    "height": 21.66270783847981
  },
  "c2": {
    "x": 527.2494055676959,
    "y": 371.81947865083134,
    "width": 162.63182837054632,
    "height": 21.67220841805226
  },
  "c3": {
    "x": 527.2494055676959,
    "y": 394.9358675914489,
    "width": 162.63182837054632,
    "height": 21.66270783847981
  },
  "c4": {
    "x": 527.2494055676959,
    "y": 418.0427559524941,
    "width": 162.63182837054632,
    "height": 21.66270783847981
  },
  "c5": {
    "x": 527.2494055676959,
    "y": 441.1496443135392,
    "width": 162.63182837054632,
    "height": 21.66270783847981
  },
  "d1": {
    "x": 691.3159138812352,
    "y": 348.71259028978625,
    "width": 205.67220963420422,
    "height": 44.779096779097394
  },
  "d2": {
    "x": 691.3159138812352,
    "y": 394.9358675914489,
    "width": 205.67220963420422,
    "height": 21.66270783847981
  },
  "d3": {
    "x": 691.3159138812352,
    "y": 418.0427559524941,
    "width": 205.67220963420422,
    "height": 21.66270783847981
  },
  "d4": {
    "x": 691.3159138812352,
    "y": 441.1496443135392,
    "width": 205.67220963420422,
    "height": 21.66270783847981
  },
  "e1": {
    "x": 959.0973865653207,
    "y": 348.71259028978625,
    "width": 209.7102137767221,
    "height": 90.99287350118766
  },
  "e2": {
    "x": 959.0973865653207,
    "y": 441.1496443135392,
    "width": 209.7102137767221,
    "height": 21.66270783847981
  },
  "e3": {
    "x": 959.0973865653207,
    "y": 464.2565326745843,
    "width": 209.7102137767221,
    "height": 21.66270783847981
  },
  "e4": {
    "x": 959.0973865653207,
    "y": 487.3634210356295,
    "width": 209.7102137767221,
    "height": 21.67220841805226
  },
  "f1": {
    "x": 1170.251780864608,
    "y": 348.71259028978625,
    "width": 232.24703087886002,
    "height": 90.99287350118766
  },
  "f2": {
    "x": 1170.251780864608,
    "y": 441.1496443135392,
    "width": 232.24703087886002,
    "height": 21.66270783847981
  },
  "f3": {
    "x": 1170.251780864608,
    "y": 464.2565326745843,
    "width": 232.24703087886002,
    "height": 21.66270783847981
  },
  "f4": {
    "x": 1170.251780864608,
    "y": 487.3634210356295,
    "width": 232.24703087886002,
    "height": 21.67220841805226
  },
  "f5": {
    "x": 1170.251780864608,
    "y": 510.47980997624705,
    "width": 232.24703087886002,
    "height": 21.66270783847981
  },
  "f6": {
    "x": 1170.251780864608,
    "y": 533.5866983372922,
    "width": 232.24703087886002,
    "height": 21.66270783847981
  },
  "h1": {
    "x": 1525.263659173397,
    "y": 348.71259028978625,
    "width": 207.68645898337286,
    "height": 67.88598514014252
  },
  "h2": {
    "x": 1525.263659173397,
    "y": 418.0427559524941,
    "width": 207.68645898337286,
    "height": 137.2066502232779
  },
  "h3": {
    "x": 1525.263659173397,
    "y": 556.6935866983373,
    "width": 207.68645898337286,
    "height": 68.46555941092636
  }
}