{
  "a1": {
    "x": 134.12826542517814,
    "y": 323.66745721615206,
    "width": 147.7244655581948,
    "height": 682.3943005035629
  },
  "b1": {
    "x": 283.34441926840856,
    "y": 323.66745721615206,
    "width": 218.2897843990499,
    "height": 132.1710219857482
  },
  "b2": {
    "x": 283.34441926840856,
    "y": 457.33966806650835,
    "width": 218.2897843990499,
    "height": 548.7220896532067
  },
  "c1": {
    "x": 579.686460807601,
    "y": 323.66745721615206,
    "width": 192.57007125890738,
    "height": 682.3943005035629
  },
  "d1": {
    "x": 773.7577209311164,
    "y": 323.66745721615206,
    "width": 255.3729203990499,
    "height": 682.3943005035629
  },
  "e1": {
    "x": 1107.1733954584322,
    "y": 323.66745721615206,
    "width": 142.3372939857483,
    "height": 132.1710219857482
  },
  "e2": {
    "x": 1107.1733954584322,
    "y": 457.33966806650835,
    "width": 142.3372939857483,
    "height": 43.059382422802855
  },
  "e3": {
    "x": 1107.1733954584322,
    "y": 501.89073634204277,
    "width": 142.3372939857483,
    "height": 43.0688830023753
  },
  "e4": {
    "x": 1107.1733954584322,
    "y": 546.4513051971496,
    "width": 142.3372939857483,
    "height": 43.059384855106885
  },
  "e5": {
    "x": 1107.1733954584322,
    "y": 591.0023759049882,
    "width": 142.3372939857483,
    "height": 43.05938242280292
  },
  "f1": {
    "x": 1251.002375296912,
    "y": 323.66745721615206,
    "width": 150.1187648456057,
    "height": 132.1710219857482
  },
  "f2": {
    "x": 1251.002375296912,
    "y": 457.33966806650835,
    "width": 150.1187648456057,
    "height": 176.72209026128274
  },
  "h1": {
    "x": 1479.163894270784,
    "y": 323.66745721615206,
    "width": 218.28978683135387,
    "height": 682.3943005035629
  }
}