{
  "a1": {
    "x": 149.12114075059384,
    "y": 303.08788598574824,
    "width": 258.26128144418055,
    "height": 135.29691211401425
  },
  "a2": {
    "x": 149.12114075059384,
    "y": 440.3420415391924,
    "width": 258.26128144418055,
    "height": 122.41330409501188
  },
  "a3": {
    "x": 149.12114075059384,
    "y": 564.7125890736343,
    "width": 258.26128144418055,
    "height": 78.15677081235154
  },
  "a4": {
    "x": 149.12114075059384,
    "y": 644.8266033254157,
    "width": 258.26128144418055,
    "height": 354.3372909453682
  },
  "b1": {
    "x": 409.33966806650835,
    "y": 303.08788598574824,
    "width": 175.90498690736342,
    "height": 135.29691211401425
  },
  "b2": {
    "x": 409.33966806650835,
    "y": 440.3420415391924,
    "width": 175.90498690736342,
    "height": 122.41330409501188
  },
  "b3": {
    "x": 409.33966806650835,
    "y": 564.7125890736343,
    "width": 175.90498690736342,
    "height": 78.15677081235154
  },
  "b4": {
    "x": 409.33966806650835,
    "y": 644.8266033254157,
    "width": 175.90498690736342,
    "height": 354.3372909453682
  },
  "c1": {
    "x": 669.5581953824228,
    "y": 303.08788598574824,
    "width": 127.44892990023754,
    "height": 135.29691211401425
  },
  "d1": {
    "x": 798.9643711543943,
    "y": 303.08788598574824,
    "width": 199.43942810451315,
    "height": 339.78147390023753
  },
  "d2": {
    "x": 798.9643711543943,
    "y": 644.8266033254157,
    "width": 199.43942810451315,
    "height": 354.3372909453682
  },
  "e1": {
    "x": 1082.7173396674584,
    "y": 303.08788598574824,
    "width": 136.1330166270784,
    "height": 222.41330105463183
  },
  "e2": {
    "x": 1082.7173396674584,
    "y": 527.4584329121141,
    "width": 136.1330166270784,
    "height": 35.29691272209026
  },
  "e3": {
    "x": 1082.7173396674584,
    "y": 564.7125890736343,
    "width": 136.1330166270784,
    "height": 78.15677081235154
  },
  "e4": {
    "x": 1082.7173396674584,
    "y": 644.8266033254157,
    "width": 136.1330166270784,
    "height": 35.287412142517816
  },
  "f1": {
    "x": 1220.8171027458434,
    "y": 303.08788598574824,
    "width": 152.37054571021372,
    "height": 222.41330105463183
  },
  "h1": {
    "x": 1539.857483401425,
    "y": 303.08788598574824,
    "width": 140.60807418527338,
    "height": 222.41330105463183
  },
  "h2": {
    "x": 1539.857483401425,
    "y": 527.4584329121141,
    "width": 140.60807418527338,
    "height": 471.7054613586699
  }
}