{
  "a1": {
    "x": 176.31353858432306,
    "y": 269.81472805700713,
    "width": 231.51544003800475,
    "height": 62.22327730166271
  },
  "a2": {
    "x": 176.31353858432306,
    "y": 333.71971496437055,
    "width": 231.51544003800475,
    "height": 159.20190023752969
  },
  "a3": {
    "x": 176.31353858432306,
    "y": 494.603324807601,
    "width": 231.51544003800475,
    "height": 623.0688848266035
  },
  "b1": {
    "x": 409.5011876484561,
    "y": 269.81472805700713,
    "width": 270.7553438099762,
    "height": 191.15439247505938
  },
  "b2": {
    "x": 409.5011876484561,
    "y": 462.65083257007126,
    "width": 270.7553438099762,
    "height": 158.08075887885985
  },
  "b3": {
    "x": 409.5011876484561,
    "y": 622.4133010546318,
    "width": 270.7553438099762,
    "height": 495.25890857957256
  },
  "c1": {
    "x": 681.938243496437,
    "y": 269.81472805700713,
    "width": 223.94299165795726,
    "height": 255.05938181472686
  },
  "c2": {
    "x": 681.938243496437,
    "y": 526.5558194774347,
    "width": 223.94299165795726,
    "height": 253.93824288836112
  },
  "c3": {
    "x": 681.938243496437,
    "y": 782.1757719714965,
    "width": 223.94299165795726,
    "height": 30.270785064133015
  },
  "d1": {
    "x": 907.562944760095,
    "y": 269.81472805700713,
    "width": 226.47030878859857,
    "height": 62.22327730166271
  },
  "d2": {
    "x": 907.562944760095,
    "y": 333.71971496437055,
    "width": 226.47030878859857,
    "height": 223.10688957719717
  },
  "e1": {
    "x": 1135.7149655866983,
    "y": 269.81472805700713,
    "width": 169.5676941377673,
    "height": 126.12826420902614
  },
  "e2": {
    "x": 1135.7149655866983,
    "y": 397.624701871734,
    "width": 169.5676941377673,
    "height": 30.270785064133015
  },
  "e3": {
    "x": 1135.7149655866983,
    "y": 429.57719654156773,
    "width": 169.5676941377673,
    "height": 31.391923990498814
  },
  "e4": {
    "x": 1135.7149655866983,
    "y": 462.65083257007126,
    "width": 169.5676941377673,
    "height": 30.270782631828983
  },
  "f1": {
    "x": 1306.973872342043,
    "y": 269.81472805700713,
    "width": 184.98812229928728,
    "height": 126.12826420902614
  },
  "f2": {
    "x": 1306.973872342043,
    "y": 397.624701871734,
    "width": 184.98812229928728,
    "height": 127.249408
  },
  "f3": {
    "x": 1306.973872342043,
    "y": 526.5558194774347,
    "width": 184.98812229928728,
    "height": 30.270785064133015
  },
  "h1": {
    "x": 1558.3847980997625,
    "y": 269.81472805700713,
    "width": 179.94299348218522,
    "height": 126.12826420902614
  },
  "h2": {
    "x": 1558.3847980997625,
    "y": 397.624701871734,
    "width": 179.94299348218522,
    "height": 720.0475077624704
  }
}