{
  "a1": {
    "x": 136.2565314584323,
    "y": 315.77197210451305,
    "width": 243.57244655581948,
    "height": 132.09501005225655
  },
  "a2": {
    "x": 136.2565314584323,
    "y": 449.3111626793349,
    "width": 243.57244655581948,
    "height": 132.09501248456058
  },
  "a3": {
    "x": 136.2565314584323,
    "y": 582.8598562660333,
    "width": 243.57244655581948,
    "height": 65.33016870308788
  },
  "b1": {
    "x": 381.2826591163896,
    "y": 315.77197210451305,
    "width": 232.83610572921617,
    "height": 132.09501005225655
  },
  "b2": {
    "x": 381.2826591163896,
    "y": 449.3111626793349,
    "width": 232.83610572921617,
    "height": 198.8788622897862
  },
  "c1": {
    "x": 615.5724459477435,
    "y": 315.77197210451305,
    "width": 262.15676959619947,
    "height": 31.9334910783848
  },
  "c2": {
    "x": 615.5724459477435,
    "y": 349.15914428503567,
    "width": 262.15676959619947,
    "height": 31.933493510688834
  },
  "c3": {
    "x": 615.5724459477435,
    "y": 382.54631889786225,
    "width": 262.15676959619947,
    "height": 31.9334910783848
  },
  "c4": {
    "x": 615.5724459477435,
    "y": 415.9334910783848,
    "width": 262.15676959619947,
    "height": 31.9334910783848
  },
  "c5": {
    "x": 615.5724459477435,
    "y": 449.3111626793349,
    "width": 262.15676959619947,
    "height": 31.94299409026128
  },
  "c6": {
    "x": 615.5724459477435,
    "y": 482.69833729216157,
    "width": 262.15676959619947,
    "height": 31.94299409026128
  },
  "c7": {
    "x": 615.5724459477435,
    "y": 516.0855119049882,
    "width": 262.15676959619947,
    "height": 31.94299165795725
  },
  "c8": {
    "x": 615.5724459477435,
    "y": 549.4726840855108,
    "width": 262.15676959619947,
    "height": 31.9334910783848
  },
  "c9": {
    "x": 615.5724459477435,
    "y": 582.8598562660333,
    "width": 262.15676959619947,
    "height": 31.94299409026128
  },
  "c10": {
    "x": 615.5724459477435,
    "y": 616.2470308788598,
    "width": 262.15676959619947,
    "height": 31.94299409026128
  },
  "c11": {
    "x": 615.5724459477435,
    "y": 649.6437060712589,
    "width": 262.15676959619947,
    "height": 31.93349107838487
  },
  "c12": {
    "x": 615.5724459477435,
    "y": 683.021377672209,
    "width": 262.15676959619947,
    "height": 31.94299165795725
  },
  "c13": {
    "x": 615.5724459477435,
    "y": 716.4085498527317,
    "width": 262.15676959619947,
    "height": 31.94299409026128
  },
  "d1": {
    "x": 879.1828990783848,
    "y": 315.77197210451305,
    "width": 233.71021256057008,
    "height": 265.63420305938246
  },
  "d2": {
    "x": 879.1828990783848,
    "y": 582.8598562660333,
    "width": 233.71021256057008,
    "height": 132.10451306413302
  },
  "d3": {
    "x": 879.1828990783848,
    "y": 716.4085498527317,
    "width": 233.71021256057008,
    "height": 132.0950124845605
  },
  "d4": {
    "x": 879.1828990783848,
    "y": 849.9572434394298,
    "width": 233.71021256057008,
    "height": 65.32066569121147
  },
  "e1": {
    "x": 1114.3372921615203,
    "y": 315.77197210451305,
    "width": 198.00475059382424,
    "height": 132.09501005225655
  },
  "e2": {
    "x": 1114.3372921615203,
    "y": 449.3111626793349,
    "width": 198.00475059382424,
    "height": 31.94299409026128
  },
  "e3": {
    "x": 1114.3372921615203,
    "y": 482.69833729216157,
    "width": 198.00475059382424,
    "height": 31.94299409026128
  },
  "e4": {
    "x": 1114.3372921615203,
    "y": 516.0855119049882,
    "width": 198.00475059382424,
    "height": 31.94299165795725
  },
  "f1": {
    "x": 1313.7957238574822,
    "y": 315.77197210451305,
    "width": 197.99525001425172,
    "height": 132.09501005225655
  },
  "f2": {
    "x": 1313.7957238574822,
    "y": 449.3111626793349,
    "width": 197.99525001425172,
    "height": 132.09501248456058
  },
  "h1": {
    "x": 1604.684084902613,
    "y": 315.77197210451305,
    "width": 198.00475059382424,
    "height": 132.09501005225655
  },
  "h2": {
    "x": 1604.684084902613,
    "y": 449.3111626793349,
    "width": 198.00475059382424,
    "height": 132.09501248456058
  }
}