{
  "b1": {
    "x": 402.82185212351544,
    "y": 313.8812351543943,
    "width": 160.76959802375296,
    "height": 189.22565320665083
  },
  "b2": {
    "x": 402.82185212351544,
    "y": 504.5320677244656,
    "width": 160.76959802375296,
    "height": 322.10926244180524
  },
  "c1": {
    "x": 642.4037998669834,
    "y": 313.8812351543943,
    "width": 160.77909860332556,
    "height": 67.4394311448931
  },
  "d1": {
    "x": 804.5985748218528,
    "y": 313.8812351543943,
    "width": 160.76959559144888,
    "height": 189.22565320665083
  },
  "d2": {
    "x": 804.5985748218528,
    "y": 504.5320677244656,
    "width": 160.76959559144888,
    "height": 192.35154333491695
  },
  "d3": {
    "x": 804.5985748218528,
    "y": 698.3087879904989,
    "width": 160.76959559144888,
    "height": 258.08076070308783
  },
  "e1": {
    "x": 1044.190023144893,
    "y": 313.8812351543943,
    "width": 160.76959802375305,
    "height": 97.88123393824229
  },
  "e2": {
    "x": 1044.190023144893,
    "y": 413.18764845605705,
    "width": 160.76959802375305,
    "height": 29.026128874109265
  },
  "e3": {
    "x": 1044.190023144893,
    "y": 443.63895426128266,
    "width": 160.76959802375305,
    "height": 29.016628294536815
  },
  "e4": {
    "x": 1044.190023144893,
    "y": 474.0807594869359,
    "width": 160.76959802375305,
    "height": 29.026128874109265
  },
  "e5": {
    "x": 1044.190023144893,
    "y": 504.5320677244656,
    "width": 160.76959802375305,
    "height": 29.016625862232782
  },
  "f1": {
    "x": 1206.3847980997625,
    "y": 313.8812351543943,
    "width": 160.76959559144902,
    "height": 97.88123393824229
  },
  "f2": {
    "x": 1206.3847980997625,
    "y": 413.18764845605705,
    "width": 160.76959559144902,
    "height": 29.026128874109265
  },
  "f3": {
    "x": 1206.3847980997625,
    "y": 443.63895426128266,
    "width": 160.76959559144902,
    "height": 29.016628294536815
  },
  "f4": {
    "x": 1206.3847980997625,
    "y": 474.0807594869359,
    "width": 160.76959559144902,
    "height": 29.026128874109265
  },
  "f5": {
    "x": 1206.3847980997625,
    "y": 504.5320677244656,
    "width": 160.76959559144902,
    "height": 29.016625862232782
  },
  "h1": {
    "x": 1523.3729222232782,
    "y": 313.8812351543943,
    "width": 160.76959559144873,
    "height": 67.4394311448931
  },
  "h2": {
    "x": 1523.3729222232782,
    "y": 382.7363426508314,
    "width": 160.76959559144873,
    "height": 89.91923990498813
  },
  "h3": {
    "x": 1523.3729222232782,
    "y": 474.0807594869359,
    "width": 160.76959559144873,
    "height": 59.46793409976247
  },
  "h4": {
    "x": 1523.3729222232782,
    "y": 534.9738705178147,
    "width": 160.76959559144873,
    "height": 131.45843473634204
  }
}
