{
  "a1": {
    "x": 129.30166209976247,
    "y": 322.375295695962,
    "width": 176.80760034204278,
    "height": 49.84323161995249
  },
  "a2": {
    "x": 129.30166209976247,
    "y": 373.6817089976247,
    "width": 176.80760034204278,
    "height": 129.6057025368171
  },
  "a3": {
    "x": 129.30166209976247,
    "y": 504.76009622802854,
    "width": 176.80760034204278,
    "height": 216.97862171971505
  },
  "a4": {
    "x": 129.30166209976247,
    "y": 723.2114026413303,
    "width": 176.80760034204278,
    "height": 280.32304038004736
  },
  "b1": {
    "x": 307.58194713539194,
    "y": 322.375295695962,
    "width": 224.01900359144895,
    "height": 137.22565381472685
  },
  "b2": {
    "x": 307.58194713539194,
    "y": 461.0641336247031,
    "width": 224.01900359144895,
    "height": 542.4703093966746
  },
  "c1": {
    "x": 655.3444186603326,
    "y": 322.375295695962,
    "width": 176.8076003420427,
    "height": 681.1591473254157
  },
  "d1": {
    "x": 833.6247036959621,
    "y": 322.375295695962,
    "width": 136.0475041140142,
    "height": 681.1591473254157
  },
  "e1": {
    "x": 1092.247031486936,
    "y": 322.375295695962,
    "width": 125.1971490356294,
    "height": 180.91211583847982
  },
  "e2": {
    "x": 1092.247031486936,
    "y": 504.76009622802854,
    "width": 125.1971490356294,
    "height": 42.22327547743469
  },
  "e3": {
    "x": 1092.247031486936,
    "y": 548.4465558194775,
    "width": 125.1971490356294,
    "height": 42.22327790973872
  },
  "e4": {
    "x": 1092.247031486936,
    "y": 592.1330154109264,
    "width": 125.1971490356294,
    "height": 42.22328034204275
  },
  "e5": {
    "x": 1092.247031486936,
    "y": 635.8289780142518,
    "width": 125.1971490356294,
    "height": 367.70546500712595
  },
  "f1": {
    "x": 1218.9168652161522,
    "y": 322.375295695962,
    "width": 120.80760155819485,
    "height": 180.91211583847982
  },
  "f2": {
    "x": 1218.9168652161522,
    "y": 504.76009622802854,
    "width": 149.53919300712596,
    "height": 498.7743467933492
  },
  "h1": {
    "x": 1514.1947737387172,
    "y": 322.375295695962,
    "width": 119.62945428978644,
    "height": 681.1591473254157
  }
}