{
  "a1": {
    "x": 141.69121079334917,
    "y": 322.5083135391924,
    "width": 283.7149661947744,
    "height": 41.805225653206655
  },
  "a2": {
    "x": 141.69121079334917,
    "y": 365.9857482185273,
    "width": 283.7149661947744,
    "height": 41.805225653206655
  },
  "a3": {
    "x": 141.69121079334917,
    "y": 409.4631828978622,
    "width": 283.7149661947744,
    "height": 41.805225653206655
  },
  "a4": {
    "x": 141.69121079334917,
    "y": 452.94061757719714,
    "width": 283.7149661947744,
    "height": 20.06650831353919
  },
  "a5": {
    "x": 141.69121079334917,
    "y": 474.6793349168646,
    "width": 283.7149661947744,
    "height": 63.543942992874115
  },
  "a6": {
    "x": 141.69121079334917,
    "y": 539.895486935867,
    "width": 283.7149661947744,
    "height": 20.06650831353919
  },
  "b1": {
    "x": 427.08788659382424,
    "y": 322.5083135391924,
    "width": 175.02137706413302,
    "height": 63.543942992874115
  },
  "b2": {
    "x": 427.08788659382424,
    "y": 387.72446555819477,
    "width": 175.02137706413302,
    "height": 63.543942992874115
  },
  "b3": {
    "x": 427.08788659382424,
    "y": 452.94061757719714,
    "width": 175.02137706413302,
    "height": 63.543942992874115
  },
  "b4": {
    "x": 427.08788659382424,
    "y": 518.1567695961995,
    "width": 175.02137706413302,
    "height": 63.543942992874115
  },
  "b5": {
    "x": 427.08788659382424,
    "y": 583.3824221947743,
    "width": 126.25178147268409,
    "height": 324.4085510688836
  },
  "c1": {
    "x": 739.2399043800475,
    "y": 322.5083135391924,
    "width": 190.90736281235164,
    "height": 20.06650831353919
  },
  "c2": {
    "x": 739.2399043800475,
    "y": 344.24703087885985,
    "width": 190.90736281235164,
    "height": 20.06650831353919
  },
  "c3": {
    "x": 739.2399043800475,
    "y": 365.9857482185273,
    "width": 190.90736281235164,
    "height": 20.06650831353919
  },
  "c4": {
    "x": 739.2399043800475,
    "y": 387.72446555819477,
    "width": 190.90736281235164,
    "height": 20.06650831353919
  },
  "c5": {
    "x": 739.2399043800475,
    "y": 409.4631828978622,
    "width": 190.90736281235164,
    "height": 20.06650831353919
  },
  "c6": {
    "x": 739.2399043800475,
    "y": 431.2019002375297,
    "width": 190.90736281235164,
    "height": 20.06650831353919
  },
  "c7": {
    "x": 739.2399043800475,
    "y": 452.94061757719714,
    "width": 190.90736281235164,
    "height": 20.06650831353919
  },
  "c8": {
    "x": 739.2399043800475,
    "y": 474.6793349168646,
    "width": 190.90736281235164,
    "height": 20.06650831353919
  },
  "c9": {
    "x": 739.2399043800475,
    "y": 496.41805225653206,
    "width": 190.90736281235164,
    "height": 20.06650831353919
  },
  "c10": {
    "x": 739.2399043800475,
    "y": 518.1567695961995,
    "width": 190.90736281235164,
    "height": 20.06650831353919
  },
  "c11": {
    "x": 739.2399043800475,
    "y": 539.895486935867,
    "width": 190.90736281235164,
    "height": 20.06650831353919
  },
  "c12": {
    "x": 739.2399043800475,
    "y": 561.6342042755344,
    "width": 190.90736281235164,
    "height": 20.06650831353919
  },
  "c13": {
    "x": 739.2399043800475,
    "y": 583.3824221947743,
    "width": 190.90736281235164,
    "height": 20.06650831353919
  },
  "c14": {
    "x": 739.2399043800475,
    "y": 605.1116389548694,
    "width": 190.90736281235164,
    "height": 20.06650831353919
  },
  "c15": {
    "x": 739.2399043800475,
    "y": 626.8598568741093,
    "width": 190.90736281235164,
    "height": 20.06650831353919
  },
  "c16": {
    "x": 739.2399043800475,
    "y": 648.5985742137767,
    "width": 190.90736281235164,
    "height": 20.06650831353919
  },
  "c17": {
    "x": 739.2399043800475,
    "y": 670.3372915534442,
    "width": 190.90736281235164,
    "height": 20.06650831353919
  },
  "c18": {
    "x": 739.2399043800475,
    "y": 692.0760088931116,
    "width": 190.90736281235164,
    "height": 20.06650831353919
  },
  "c19": {
    "x": 739.2399043800475,
    "y": 713.8147262327791,
    "width": 190.90736281235164,
    "height": 20.06650831353919
  },
  "c20": {
    "x": 739.2399043800475,
    "y": 735.5534435724466,
    "width": 190.90736281235164,
    "height": 20.06650831353919
  },
  "c21": {
    "x": 739.2399043800475,
    "y": 757.292160912114,
    "width": 190.90736281235164,
    "height": 20.06650831353919
  },
  "c22": {
    "x": 739.2399043800475,
    "y": 779.0308782517815,
    "width": 190.90736281235164,
    "height": 20.06650831353919
  },
  "c23": {
    "x": 739.2399043800475,
    "y": 800.7695955914489,
    "width": 190.90736281235164,
    "height": 20.06650831353919
  },
  "c24": {
    "x": 739.2399043800475,
    "y": 822.5083129311164,
    "width": 190.90736281235164,
    "height": 20.06650831353919
  },
  "c25": {
    "x": 739.2399043800475,
    "y": 844.2470302707839,
    "width": 190.90736281235164,
    "height": 20.06650831353919
  },
  "c26": {
    "x": 739.2399043800475,
    "y": 865.9857476104513,
    "width": 190.90736281235164,
    "height": 20.06650831353919
  },
  "c27": {
    "x": 739.2399043800475,
    "y": 887.7244649501188,
    "width": 190.90736281235164,
    "height": 20.06650831353919
  },
  "e1": {
    "x": 1073.4061757719714,
    "y": 322.5083135391924,
    "width": 142.13776722090262,
    "height": 85.28266033254157
  },
  "e2": {
    "x": 1073.4061757719714,
    "y": 409.4631828978622,
    "width": 142.13776722090262,
    "height": 20.06650831353919
  },
  "e3": {
    "x": 1073.4061757719714,
    "y": 431.2019002375297,
    "width": 142.13776722090262,
    "height": 41.805225653206655
  },
  "e4": {
    "x": 1073.4061757719714,
    "y": 474.6793349168646,
    "width": 142.13776722090262,
    "height": 41.805225653206655
  },
  "f1": {
    "x": 1217.2161520190025,
    "y": 322.5083135391924,
    "width": 137.40617698812366,
    "height": 85.28266033254157
  },
  "f2": {
    "x": 1217.2161520190025,
    "y": 409.4631828978622,
    "width": 137.40617698812366,
    "height": 20.06650831353919
  },
  "f3": {
    "x": 1217.2161520190025,
    "y": 431.2019002375297,
    "width": 137.40617698812366,
    "height": 41.805225653206655
  },
  "f4": {
    "x": 1217.2161520190025,
    "y": 474.6793349168646,
    "width": 137.40617698812366,
    "height": 20.06650831353919
  },
  "f5": {
    "x": 1217.2161520190025,
    "y": 496.41805225653206,
    "width": 137.40617698812366,
    "height": 20.06650831353919
  },
  "h1": {
    "x": 1497.8717345748219,
    "y": 322.5083135391924,
    "width": 144.65558133966755,
    "height": 85.28266033254157
  },
  "h2": {
    "x": 1497.8717345748219,
    "y": 409.4631828978622,
    "width": 144.65558133966755,
    "height": 41.805225653206655
  },
  "h3": {
    "x": 1497.8717345748219,
    "y": 452.94061757719714,
    "width": 96.98812351543944,
    "height": 454.8503556864608
  }
}
