{
  "a1": {
    "x": 183.86698337292162,
    "y": 332.68408611876487,
    "width": 134.7268408551069,
    "height": 801.6532054346792
  },
  "b1": {
    "x": 320.40855167695963,
    "y": 332.68408611876487,
    "width": 154.1377653966746,
    "height": 482.7553432019002
  },
  "b2": {
    "x": 320.40855167695963,
    "y": 817.2636573491686,
    "width": 154.1377653966746,
    "height": 317.07363420427555
  },
  "d1": {
    "x": 663.581946527316,
    "y": 332.68408611876487,
    "width": 240.61757902137774,
    "height": 149.5961989168646
  },
  "d2": {
    "x": 663.581946527316,
    "y": 484.0950124845606,
    "width": 240.61757902137774,
    "height": 89.20665022327792
  },
  "e1": {
    "x": 987.3444192684086,
    "y": 332.68408611876487,
    "width": 156.87410743942988,
    "height": 98.0142517814727
  },
  "e2": {
    "x": 987.3444192684086,
    "y": 432.5130629168646,
    "width": 156.87410743942988,
    "height": 49.76722211876484
  },
  "e3": {
    "x": 987.3444192684086,
    "y": 484.0950124845606,
    "width": 156.87410743942988,
    "height": 43.69596260332542
  },
  "e4": {
    "x": 987.3444192684086,
    "y": 529.6152031163896,
    "width": 156.87410743942988,
    "height": 43.68645959144894
  },
  "e5": {
    "x": 987.3444192684086,
    "y": 575.1258907363421,
    "width": 156.87410743942988,
    "height": 43.69596260332542
  },
  "e6": {
    "x": 987.3444192684086,
    "y": 620.6365783562945,
    "width": 156.87410743942988,
    "height": 43.69596260332535
  },
  "f1": {
    "x": 1146.0332541567695,
    "y": 332.68408611876487,
    "width": 190.2517814726841,
    "height": 98.0142517814727
  },
  "f2": {
    "x": 1146.0332541567695,
    "y": 432.5130629168646,
    "width": 190.2517814726841,
    "height": 140.78859979097388
  },
  "h1": {
    "x": 1492.855107496437,
    "y": 332.68408611876487,
    "width": 159.29691089786238,
    "height": 286.1377672209026
  },
  "h2": {
    "x": 1492.855107496437,
    "y": 620.6365783562945,
    "width": 159.29691089786238,
    "height": 219.99050002850356
  },
  "h3": {
    "x": 1492.855107496437,
    "y": 842.4418058337293,
    "width": 159.29691089786238,
    "height": 73.73871673159138
  },
  "h4": {
    "x": 1492.855107496437,
    "y": 918.0047505938243,
    "width": 159.29691089786238,
    "height": 73.729216152019
  },
  "h5": {
    "x": 1492.855107496437,
    "y": 993.5486941947745,
    "width": 159.29691089786238,
    "height": 83.75296729691205
  }
}