{
  "a1": {
    "x": 258.1377666128266,
    "y": 324.90261282660333,
    "width": 129.83372860807603,
    "height": 955.3919245985747
  },
  "b1": {
    "x": 389.7767220902613,
    "y": 324.90261282660333,
    "width": 148.45605639904988,
    "height": 522.3277915819478
  },
  "b2": {
    "x": 389.7767220902613,
    "y": 849.0356288456059,
    "width": 148.45605639904988,
    "height": 431.25890857957233
  },
  "d1": {
    "x": 719.752967904988,
    "y": 324.90261282660333,
    "width": 231.41092879809992,
    "height": 147.2684085510689
  },
  "d2": {
    "x": 719.752967904988,
    "y": 473.9667452351544,
    "width": 231.41092879809992,
    "height": 87.15439369121141
  },
  "e1": {
    "x": 1031.1163889406178,
    "y": 324.90261282660333,
    "width": 150.8598586983373,
    "height": 95.57244716389549
  },
  "e2": {
    "x": 1031.1163889406178,
    "y": 422.28028442755345,
    "width": 150.8598586983373,
    "height": 49.890736950118765
  },
  "e3": {
    "x": 1031.1163889406178,
    "y": 473.9667452351544,
    "width": 150.8598586983373,
    "height": 42.67933491686461
  },
  "e4": {
    "x": 1031.1163889406178,
    "y": 518.4513070213777,
    "width": 150.8598586983373,
    "height": 42.66983190498813
  },
  "e5": {
    "x": 1031.1163889406178,
    "y": 562.9263657957245,
    "width": 150.8598586983373,
    "height": 42.67933491686461
  },
  "e6": {
    "x": 1031.1163889406178,
    "y": 607.4109251496437,
    "width": 150.8598586983373,
    "height": 42.669834337292095
  },
  "f1": {
    "x": 1183.7814720760095,
    "y": 324.90261282660333,
    "width": 184.22802971971484,
    "height": 95.57244716389549
  },
  "f2": {
    "x": 1183.7814720760095,
    "y": 422.28028442755345,
    "width": 184.22802971971484,
    "height": 138.84085449881235
  },
  "h1": {
    "x": 1518.8693580617578,
    "y": 324.90261282660333,
    "width": 144.56057067933486,
    "height": 280.7030878859858
  },
  "h2": {
    "x": 1518.8693580617578,
    "y": 607.4109251496437,
    "width": 144.56057067933486,
    "height": 215.18289786223278
  },
  "h3": {
    "x": 1518.8693580617578,
    "y": 824.3895493016628,
    "width": 144.56057067933486,
    "height": 72.13301662707839
  },
  "h4": {
    "x": 1518.8693580617578,
    "y": 898.3182897862233,
    "width": 144.56057067933486,
    "height": 75.43942992874109
  },
  "h5": {
    "x": 1518.8693580617578,
    "y": 975.5629465843231,
    "width": 144.56057067933486,
    "height": 82.04275352018996
  }
}