{
  "a1": {
    "x": 138.48931116389548,
    "y": 344.9501175486936,
    "width": 139.08788659382424,
    "height": 923.8764857767221
  },
  "b1": {
    "x": 279.353918023753,
    "y": 344.9501175486936,
    "width": 158.84085632304038,
    "height": 467.68646080760095
  },
  "b2": {
    "x": 279.353918023753,
    "y": 814.4038004750594,
    "width": 158.84085632304038,
    "height": 454.42280285035633
  },
  "d1": {
    "x": 632.6935873064133,
    "y": 344.9501175486936,
    "width": 247.5439417767221,
    "height": 199.80997746318292
  },
  "d2": {
    "x": 632.6935873064133,
    "y": 546.5273146983374,
    "width": 247.5439417767221,
    "height": 91.35391984798093
  },
  "e1": {
    "x": 965.7007125890736,
    "y": 344.9501175486936,
    "width": 161.49168585273154,
    "height": 100.1995261567696
  },
  "e2": {
    "x": 965.7007125890736,
    "y": 446.91686582422807,
    "width": 161.49168585273154,
    "height": 44.798097938242286
  },
  "e3": {
    "x": 965.7007125890736,
    "y": 493.4821858812352,
    "width": 161.49168585273154,
    "height": 51.27790913064133
  },
  "e4": {
    "x": 965.7007125890736,
    "y": 546.5273146983374,
    "width": 161.49168585273154,
    "height": 44.78859979097387
  },
  "e5": {
    "x": 965.7007125890736,
    "y": 593.0926371876485,
    "width": 161.49168585273154,
    "height": 44.78859735866977
  },
  "e6": {
    "x": 965.7007125890736,
    "y": 639.6484566650831,
    "width": 161.49168585273154,
    "height": 44.798100370546386
  },
  "f1": {
    "x": 1128.95962056057,
    "y": 344.9501175486936,
    "width": 192.14251842280308,
    "height": 100.1995261567696
  },
  "f2": {
    "x": 1128.95962056057,
    "y": 446.91686582422807,
    "width": 192.14251842280308,
    "height": 144.39904866508314
  },
  "h1": {
    "x": 1482.593824836105,
    "y": 344.9501175486936,
    "width": 160.31353858432283,
    "height": 292.93111699762466
  },
  "h2": {
    "x": 1482.593824836105,
    "y": 639.6484566650831,
    "width": 160.31353858432283,
    "height": 224.26603325415692
  },
  "h3": {
    "x": 1482.593824836105,
    "y": 865.6817096057008,
    "width": 160.31353858432283,
    "height": 75.15439551543943
  },
  "h4": {
    "x": 1482.593824836105,
    "y": 942.6033248076011,
    "width": 160.31353858432283,
    "height": 75.14489493586692
  },
  "h5": {
    "x": 1482.593824836105,
    "y": 1019.5154394299287,
    "width": 160.31353858432283,
    "height": 75.14489250356289
  }
}