{
  "a1": {
    "x": 209.35867044180523,
    "y": 252.73159144893114,
    "width": 177.63420427553444,
    "height": 37.71971374821853
  },
  "a2": {
    "x": 209.35867044180523,
    "y": 291.58194713539194,
    "width": 177.63420427553444,
    "height": 31.249405567695966
  },
  "a3": {
    "x": 209.35867044180523,
    "y": 323.95249406175776,
    "width": 177.63420427553444,
    "height": 24.76959680760095
  },
  "a4": {
    "x": 209.35867044180523,
    "y": 349.85273280760094,
    "width": 177.63420427553444,
    "height": 24.76959437529692
  },
  "a5": {
    "x": 209.35867044180523,
    "y": 375.75296912114015,
    "width": 177.63420427553444,
    "height": 29.558195382422802
  },
  "a6": {
    "x": 209.35867044180523,
    "y": 406.43230342992877,
    "width": 177.63420427553444,
    "height": 29.558195382422802
  },
  "a7": {
    "x": 209.35867044180523,
    "y": 437.12114075059384,
    "width": 177.63420427553444,
    "height": 24.76959680760095
  },
  "b1": {
    "x": 501.5676971781473,
    "y": 252.73159144893114,
    "width": 332.4560551828978,
    "height": 856.6270783847981
  },
  "c1": {
    "x": 929.7387179477436,
    "y": 252.73159144893114,
    "width": 142.16626895961988,
    "height": 37.71971374821853
  },
  "d1": {
    "x": 1206.4608076009501,
    "y": 252.73159144893114,
    "width": 181.00712649881228,
    "height": 882.5273171306413
  },
  "e1": {
    "x": 1388.5985760380047,
    "y": 252.73159144893114,
    "width": 110.34679213301678,
    "height": 95.99049942042755
  },
  "e2": {
    "x": 1388.5985760380047,
    "y": 349.85273280760094,
    "width": 110.34679213301678,
    "height": 24.76959437529692
  },
  "e3": {
    "x": 1388.5985760380047,
    "y": 375.75296912114015,
    "width": 110.34679213301678,
    "height": 60.23752969121141
  },
  "e4": {
    "x": 1388.5985760380047,
    "y": 437.12114075059384,
    "width": 110.34679213301678,
    "height": 24.76959680760095
  },
  "f1": {
    "x": 1500.0760101092637,
    "y": 252.73159144893114,
    "width": 104.72208904513079,
    "height": 95.99049942042755
  },
  "g1": {
    "x": 1605.9192405130643,
    "y": 252.73159144893114,
    "width": 110.34679213301649,
    "height": 37.71971374821853
  },
  "g2": {
    "x": 1605.9192405130643,
    "y": 291.58194713539194,
    "width": 110.34679213301649,
    "height": 31.249405567695966
  },
  "h1": {
    "x": 1717.3966745843231,
    "y": 252.73159144893114,
    "width": 116.82660332541568,
    "height": 183.25890736342043
  },
  "h2": {
    "x": 1717.3966745843231,
    "y": 437.12114075059384,
    "width": 116.82660332541568,
    "height": 154.26128266033254
  }
}