{
  "a1": {
    "x": 182.29928801900238,
    "y": 329.11163956294536,
    "width": 135.05938059857482,
    "height": 809.4061745558193
  },
  "b1": {
    "x": 319.23040440855107,
    "y": 329.11163956294536,
    "width": 154.44180583372923,
    "height": 484.57957123040376
  },
  "b2": {
    "x": 319.23040440855107,
    "y": 815.5724471638955,
    "width": 154.44180583372923,
    "height": 322.94536695486937
  },
  "d1": {
    "x": 662.498812351544,
    "y": 329.11163956294536,
    "width": 240.73159084085506,
    "height": 145.69121018527318
  },
  "d2": {
    "x": 662.498812351544,
    "y": 476.6745831068884,
    "width": 240.73159084085506,
    "height": 90.66983433729216
  },
  "e1": {
    "x": 986.3847974916864,
    "y": 329.11163956294536,
    "width": 156.9406187933493,
    "height": 99.42042755344418
  },
  "e2": {
    "x": 986.3847974916864,
    "y": 430.4038004750594,
    "width": 156.9406187933493,
    "height": 44.39904927315915
  },
  "e3": {
    "x": 986.3847974916864,
    "y": 476.6745831068884,
    "width": 156.9406187933493,
    "height": 44.39905170546318
  },
  "e4": {
    "x": 986.3847974916864,
    "y": 522.9453681710214,
    "width": 156.9406187933493,
    "height": 44.39904927315915
  },
  "e5": {
    "x": 986.3847974916864,
    "y": 569.2161532351544,
    "width": 156.9406187933493,
    "height": 44.3895486935867
  },
  "e6": {
    "x": 986.3847974916864,
    "y": 615.4869358669833,
    "width": 156.9406187933493,
    "height": 44.3895486935867
  },
  "f1": {
    "x": 1145.206650223278,
    "y": 329.11163956294536,
    "width": 190.38479931591436,
    "height": 99.42042755344418
  },
  "f2": {
    "x": 1145.206650223278,
    "y": 430.4038004750594,
    "width": 190.38479931591436,
    "height": 136.94061696912115
  },
  "h1": {
    "x": 1492.54156647981,
    "y": 329.11163956294536,
    "width": 159.4394317529692,
    "height": 284.49406236579574
  },
  "h2": {
    "x": 1492.54156647981,
    "y": 615.4869358669833,
    "width": 159.4394317529692,
    "height": 223.83848041805234
  },
  "h3": {
    "x": 1492.54156647981,
    "y": 841.206650223278,
    "width": 159.4394317529692,
    "height": 75.0308782517814
  },
  "h4": {
    "x": 1492.54156647981,
    "y": 918.1092642660334,
    "width": 159.4394317529692,
    "height": 75.0308782517814
  },
  "h5": {
    "x": 1492.54156647981,
    "y": 995.0213788883611,
    "width": 159.4394317529692,
    "height": 85.34916682185268
  }
}