{
  "a1": {
    "x": 134.30878859857484,
    "y": 746.9453681710214,
    "width": 254.4418052256532,
    "height": 26.318288570071264
  },
  "a2": {
    "x": 134.30878859857484,
    "y": 774.6793355249407,
    "width": 254.4418052256532,
    "height": 26.327789149643642
  },
  "a3": {
    "x": 134.30878859857484,
    "y": 802.4228034584324,
    "width": 254.4418052256532,
    "height": 26.318288570071125
  },
  "a4": {
    "x": 134.30878859857484,
    "y": 830.1567708123516,
    "width": 254.4418052256532,
    "height": 26.318288570071264
  },
  "a5": {
    "x": 134.30878859857484,
    "y": 857.8907357339667,
    "width": 254.4418052256532,
    "height": 26.31829100237543
  },
  "a6": {
    "x": 134.30878859857484,
    "y": 885.624703087886,
    "width": 254.4418052256532,
    "height": 248.21852670783844
  },
  "b1": {
    "x": 390.166270175772,
    "y": 746.9453681710214,
    "width": 175.19239965795725,
    "height": 81.79572385748212
  },
  "b2": {
    "x": 390.166270175772,
    "y": 830.1567708123516,
    "width": 175.19239965795725,
    "height": 303.68645898337286
  },
  "c1": {
    "x": 632.437054631829,
    "y": 746.9453681710214,
    "width": 245.37767342517816,
    "height": 26.318288570071264
  },
  "c2": {
    "x": 632.437054631829,
    "y": 774.6793355249407,
    "width": 245.37767342517816,
    "height": 26.327789149643642
  },
  "c3": {
    "x": 632.437054631829,
    "y": 802.4228034584324,
    "width": 245.37767342517816,
    "height": 54.05225592399044
  },
  "c4": {
    "x": 632.437054631829,
    "y": 857.8907357339667,
    "width": 245.37767342517816,
    "height": 54.06175893586712
  },
  "c5": {
    "x": 632.437054631829,
    "y": 913.3681710213777,
    "width": 245.37767342517816,
    "height": 26.318291002375297
  },
  "c6": {
    "x": 632.437054631829,
    "y": 941.1021383752969,
    "width": 245.37767342517816,
    "height": 26.318288570071264
  },
  "c7": {
    "x": 632.437054631829,
    "y": 968.836103296912,
    "width": 245.37767342517816,
    "height": 26.327791581947814
  },
  "c8": {
    "x": 632.437054631829,
    "y": 996.5700706508313,
    "width": 245.37767342517816,
    "height": 26.327791581947814
  },
  "c9": {
    "x": 632.437054631829,
    "y": 1024.313538584323,
    "width": 245.37767342517816,
    "height": 26.31829100237543
  },
  "c10": {
    "x": 632.437054631829,
    "y": 1052.0475059382422,
    "width": 245.37767342517816,
    "height": 26.318288570071264
  },
  "c11": {
    "x": 632.437054631829,
    "y": 1079.7814732921615,
    "width": 245.37767342517816,
    "height": 26.327789149643642
  },
  "c12": {
    "x": 632.437054631829,
    "y": 1107.5249412256533,
    "width": 245.37767342517816,
    "height": 26.318288570071125
  },
  "d1": {
    "x": 879.2304044085511,
    "y": 746.9453681710214,
    "width": 175.19239722565328,
    "height": 386.897861624703
  },
  "e1": {
    "x": 1121.5011888646081,
    "y": 746.9453681710214,
    "width": 136.70308545368158,
    "height": 109.52969121140143
  },
  "e2": {
    "x": 1121.5011888646081,
    "y": 857.8907357339667,
    "width": 136.70308545368158,
    "height": 81.79572628978629
  },
  "e3": {
    "x": 1121.5011888646081,
    "y": 941.1021383752969,
    "width": 136.70308545368158,
    "height": 26.318288570071264
  },
  "e4": {
    "x": 1121.5011888646081,
    "y": 968.836103296912,
    "width": 136.70308545368158,
    "height": 165.00712649881243
  },
  "f1": {
    "x": 1259.6199531021377,
    "y": 746.9453681710214,
    "width": 159.34441622802845,
    "height": 109.52969121140143
  },
  "f2": {
    "x": 1259.6199531021377,
    "y": 857.8907357339667,
    "width": 159.34441622802845,
    "height": 275.9524940617577
  },
  "h1": {
    "x": 1551.6959619952495,
    "y": 746.9453681710214,
    "width": 171.80047627553458,
    "height": 137.26365856532072
  },
  "h2": {
    "x": 1551.6959619952495,
    "y": 885.624703087886,
    "width": 171.80047627553458,
    "height": 248.21852670783844
  }
}