{
  "a1": {
    "x": 145.65320543467934,
    "y": 345.87173457482186,
    "width": 289.6912126175772,
    "height": 48.68408551068884
  },
  "a2": {
    "x": 145.65320543467934,
    "y": 396.1330160190024,
    "width": 289.6912126175772,
    "height": 48.693586090261284
  },
  "a3": {
    "x": 145.65320543467934,
    "y": 446.4038004750594,
    "width": 289.6912126175772,
    "height": 48.693586090261284
  },
  "a4": {
    "x": 145.65320543467934,
    "y": 496.6745849311164,
    "width": 289.6912126175772,
    "height": 48.68408551068884
  },
  "a5": {
    "x": 145.65320543467934,
    "y": 546.9453693871734,
    "width": 289.6912126175772,
    "height": 48.68408307838481
  },
  "a6": {
    "x": 145.65320543467934,
    "y": 597.2161514109264,
    "width": 289.6912126175772,
    "height": 48.68408551068877
  },
  "a7": {
    "x": 145.65320543467934,
    "y": 647.4869358669835,
    "width": 289.6912126175772,
    "height": 48.68408551068884
  },
  "a8": {
    "x": 145.65320543467934,
    "y": 697.748219743468,
    "width": 289.6912126175772,
    "height": 48.693586090261356
  },
  "a9": {
    "x": 145.65320543467934,
    "y": 748.019001767221,
    "width": 289.6912126175772,
    "height": 48.6840855106887
  },
  "a10": {
    "x": 145.65320543467934,
    "y": 798.2897862232779,
    "width": 289.6912126175772,
    "height": 48.68408551068884
  },
  "a11": {
    "x": 145.65320543467934,
    "y": 848.560570679335,
    "width": 289.6912126175772,
    "height": 98.95486996674578
  },
  "a12": {
    "x": 145.65320543467934,
    "y": 949.0926365795725,
    "width": 289.6912126175772,
    "height": 48.68408551068884
  },
  "a13": {
    "x": 145.65320543467934,
    "y": 999.3634210356296,
    "width": 289.6912126175772,
    "height": 48.68408551068884
  },
  "a14": {
    "x": 145.65320543467934,
    "y": 1049.6342030593826,
    "width": 289.6912126175772,
    "height": 48.68408794299287
  },
  "a15": {
    "x": 145.65320543467934,
    "y": 1099.895486935867,
    "width": 289.6912126175772,
    "height": 48.69358609026122
  },
  "c1": {
    "x": 641.1401425178148,
    "y": 345.87173457482186,
    "width": 237.06413362470317,
    "height": 98.95486753444182
  },
  "c2": {
    "x": 641.1401425178148,
    "y": 446.4038004750594,
    "width": 237.06413362470317,
    "height": 98.95486996674585
  },
  "c3": {
    "x": 641.1401425178148,
    "y": 546.9453693871734,
    "width": 237.06413362470317,
    "height": 48.68408307838481
  },
  "e1": {
    "x": 1084.000000608076,
    "y": 345.87173457482186,
    "width": 237.05463061282663,
    "height": 98.95486753444182
  }
}