{
  "a1": {
    "x": 58.417969,
    "y": 129.957031,
    "width": 107.734375,
    "height": 66.921875
  },
  "a2": {
    "x": 58.417969,
    "y": 197.703125,
    "width": 107.734375,
    "height": 90.08984400000003
  },
  "a3": {
    "x": 58.417969,
    "y": 288.61718800000006,
    "width": 107.734375,
    "height": 135.25390599999997
  },
  "a4": {
    "x": 58.417969,
    "y": 424.69140600000003,
    "width": 107.734375,
    "height": 31.874999999999943
  },
  "b1": {
    "x": 166.976562,
    "y": 129.957031,
    "width": 65.507813,
    "height": 220.87499999999997
  },
  "b2": {
    "x": 166.976562,
    "y": 351.65625,
    "width": 65.507813,
    "height": 37.75390599999997
  },
  "b3": {
    "x": 166.976562,
    "y": 390.234375,
    "width": 65.507813,
    "height": 33.63671900000003
  },
  "b4": {
    "x": 166.976562,
    "y": 424.69140600000003,
    "width": 65.507813,
    "height": 31.874999999999943
  },
  "d1": {
    "x": 287.058594,
    "y": 129.957031,
    "width": 72.80078099999997,
    "height": 66.921875
  },
  "d2": {
    "x": 287.058594,
    "y": 197.703125,
    "width": 72.80078099999997,
    "height": 153.12890599999997
  },
  "d3": {
    "x": 287.058594,
    "y": 351.65625,
    "width": 72.80078099999997,
    "height": 104.91015599999997
  },
  "e1": {
    "x": 390.320312,
    "y": 129.957031,
    "width": 53.51171899999997,
    "height": 157.83593800000003
  },
  "e2": {
    "x": 390.320312,
    "y": 288.61718800000006,
    "width": 53.51171899999997,
    "height": 62.21484299999992
  },
  "e3": {
    "x": 390.320312,
    "y": 351.65625,
    "width": 53.51171899999997,
    "height": 72.21484400000003
  },
  "e4": {
    "x": 390.320312,
    "y": 424.69140600000003,
    "width": 53.51171899999997,
    "height": 31.874999999999943
  },
  "f1": {
    "x": 444.65625,
    "y": 129.957031,
    "width": 92.55859399999997,
    "height": 66.921875
  },
  "f2": {
    "x": 444.65625,
    "y": 197.703125,
    "width": 92.55859399999997,
    "height": 90.08984400000003
  },
  "f3": {
    "x": 444.65625,
    "y": 288.61718800000006,
    "width": 92.55859399999997,
    "height": 167.94921799999992
  },
  "h1": {
    "x": 625.5429690000001,
    "y": 129.957031,
    "width": 72.68359299999986,
    "height": 66.921875
  },
  "h2": {
    "x": 625.5429690000001,
    "y": 197.703125,
    "width": 72.68359299999986,
    "height": 258.863281
  }
}