{
  "a1": {
    "x": 142.09026189073634,
    "y": 316.09501126840854,
    "width": 262.0427553444181,
    "height": 162.77434679334917
  },
  "a2": {
    "x": 142.09026189073634,
    "y": 480.874109263658,
    "width": 262.0427553444181,
    "height": 219.12589134441814
  },
  "a3": {
    "x": 142.09026189073634,
    "y": 702.0047518099764,
    "width": 262.0427553444181,
    "height": 328.9786217197149
  },
  "a4": {
    "x": 142.09026189073634,
    "y": 1032.9786217197152,
    "width": 262.0427553444181,
    "height": 77.52969121140129
  },
  "b1": {
    "x": 406.13776600475063,
    "y": 316.09501126840854,
    "width": 159.3349180807601,
    "height": 537.2351543942992
  },
  "b2": {
    "x": 406.13776600475063,
    "y": 855.3349168646081,
    "width": 159.3349180807601,
    "height": 91.82897801425172
  },
  "b3": {
    "x": 406.13776600475063,
    "y": 949.1686460807601,
    "width": 159.3349180807601,
    "height": 81.8147274489312
  },
  "b4": {
    "x": 406.13776600475063,
    "y": 1032.9786217197152,
    "width": 159.3349180807601,
    "height": 77.52969121140129
  },
  "d1": {
    "x": 698.2137773301664,
    "y": 316.09501126840854,
    "width": 177.07363359619947,
    "height": 162.77434679334917
  },
  "d2": {
    "x": 698.2137773301664,
    "y": 480.874109263658,
    "width": 177.07363359619947,
    "height": 372.4560563990498
  },
  "d3": {
    "x": 698.2137773301664,
    "y": 855.3349168646081,
    "width": 177.07363359619947,
    "height": 255.17339606650825
  },
  "e1": {
    "x": 949.3776709928742,
    "y": 316.09501126840854,
    "width": 130.15677020427546,
    "height": 383.90498933966757
  },
  "e2": {
    "x": 949.3776709928742,
    "y": 702.0047518099764,
    "width": 130.15677020427546,
    "height": 151.3254138527314
  },
  "e3": {
    "x": 949.3776709928742,
    "y": 855.3349168646081,
    "width": 130.15677020427546,
    "height": 175.64845666508322
  },
  "e4": {
    "x": 949.3776709928742,
    "y": 1032.9786217197152,
    "width": 130.15677020427546,
    "height": 77.52969121140129
  },
  "f1": {
    "x": 1081.5391923990499,
    "y": 316.09501126840854,
    "width": 225.1306419382422,
    "height": 162.77434679334917
  },
  "f2": {
    "x": 1081.5391923990499,
    "y": 480.874109263658,
    "width": 225.1306419382422,
    "height": 219.12589134441814
  },
  "h1": {
    "x": 1521.5106894441808,
    "y": 316.09501126840854,
    "width": 176.78859675059348,
    "height": 162.77434679334917
  },
  "h2": {
    "x": 1521.5106894441808,
    "y": 480.874109263658,
    "width": 176.78859675059348,
    "height": 629.6342036674583
  }
}
