{
  "a1": {
    "x": 154.17577257957245,
    "y": 355.01187587648457,
    "width": 287.88598574821856,
    "height": 468.9026128266033
  },
  "a2": {
    "x": 154.17577257957245,
    "y": 825.9952494061758,
    "width": 287.88598574821856,
    "height": 40.19002496912114
  },
  "a3": {
    "x": 154.17577257957245,
    "y": 868.2755332256532,
    "width": 287.88598574821856,
    "height": 189.3396674584323
  },
  "b1": {
    "x": 444.1520196104513,
    "y": 355.01187587648457,
    "width": 117.59619891686461,
    "height": 702.6033248076011
  },
  "c1": {
    "x": 645.9952500142518,
    "y": 355.01187587648457,
    "width": 138.7363408266032,
    "height": 140.81710152969123
  },
  "c2": {
    "x": 645.9952500142518,
    "y": 497.91924112114015,
    "width": 138.7363408266032,
    "height": 143.79097265558195
  },
  "c3": {
    "x": 645.9952500142518,
    "y": 643.8004750593825,
    "width": 138.7363408266032,
    "height": 58.05225774821853
  },
  "c4": {
    "x": 645.9952500142518,
    "y": 703.9334910783848,
    "width": 138.7363408266032,
    "height": 353.6817096057008
  },
  "d1": {
    "x": 786.812351543943,
    "y": 355.01187587648457,
    "width": 153.6247024798099,
    "height": 702.6033248076011
  },
  "e1": {
    "x": 1024.6935860902613,
    "y": 355.01187587648457,
    "width": 160.17102259382438,
    "height": 346.8408569311164
  },
  "e2": {
    "x": 1024.6935860902613,
    "y": 703.9334910783848,
    "width": 160.17102259382438,
    "height": 50.31828978622328
  },
  "e3": {
    "x": 1024.6935860902613,
    "y": 756.332541567696,
    "width": 160.17102259382438,
    "height": 25.301663315914556
  },
  "e4": {
    "x": 1024.6935860902613,
    "y": 783.7244661662709,
    "width": 160.17102259382438,
    "height": 273.8907345178147
  },
  "f1": {
    "x": 1186.9453693871735,
    "y": 355.01187587648457,
    "width": 164.9311145653206,
    "height": 346.8408569311164
  },
  "f2": {
    "x": 1186.9453693871735,
    "y": 703.9334910783848,
    "width": 164.9311145653206,
    "height": 353.6817096057008
  },
  "h1": {
    "x": 1518.2992868028505,
    "y": 355.01187587648457,
    "width": 135.75296912114015,
    "height": 702.6033248076011
  }
}
