{
  "a1": {
    "x": 63.386719,
    "y": 145.957031,
    "width": 118.359375,
    "height": 192.78124999999997
  },
  "a2": {
    "x": 63.386719,
    "y": 339.59375,
    "width": 118.359375,
    "height": 16.523438
  },
  "a3": {
    "x": 63.386719,
    "y": 356.976562,
    "width": 118.359375,
    "height": 77.84375
  },
  "b1": {
    "x": 182.605469,
    "y": 145.957031,
    "width": 48.347656,
    "height": 288.86328100000003
  },
  "c1": {
    "x": 265.589844,
    "y": 145.957031,
    "width": 57.039061999999944,
    "height": 57.894531
  },
  "c2": {
    "x": 265.589844,
    "y": 204.710938,
    "width": 57.039061999999944,
    "height": 59.117187
  },
  "c3": {
    "x": 265.589844,
    "y": 264.6875,
    "width": 57.039061999999944,
    "height": 23.867188
  },
  "c4": {
    "x": 265.589844,
    "y": 289.410156,
    "width": 57.039061999999944,
    "height": 145.41015600000003
  },
  "d1": {
    "x": 323.484375,
    "y": 145.957031,
    "width": 63.16015599999997,
    "height": 288.86328100000003
  },
  "e1": {
    "x": 421.285156,
    "y": 145.957031,
    "width": 65.85156300000006,
    "height": 142.597657
  },
  "e2": {
    "x": 421.285156,
    "y": 289.410156,
    "width": 65.85156300000006,
    "height": 20.6875
  },
  "e3": {
    "x": 421.285156,
    "y": 310.953125,
    "width": 65.85156300000006,
    "height": 10.402344000000028
  },
  "e4": {
    "x": 421.285156,
    "y": 322.214844,
    "width": 65.85156300000006,
    "height": 112.60546799999997
  },
  "f1": {
    "x": 487.99218800000006,
    "y": 145.957031,
    "width": 67.80859299999997,
    "height": 142.597657
  },
  "f2": {
    "x": 487.99218800000006,
    "y": 289.410156,
    "width": 67.80859299999997,
    "height": 145.41015600000003
  },
  "h1": {
    "x": 624.222656,
    "y": 145.957031,
    "width": 55.8125,
    "height": 288.86328100000003
  }
}