{
  "a1": {
    "x": 126.6603331496437,
    "y": 367.80047566745844,
    "width": 244.8836092351544,
    "height": 132.7980991543943
  },
  "a2": {
    "x": 126.6603331496437,
    "y": 502.06175650356295,
    "width": 244.8836092351544,
    "height": 132.80760216627078
  },
  "a3": {
    "x": 126.6603331496437,
    "y": 636.3230397719715,
    "width": 244.8836092351544,
    "height": 65.67220902612827
  },
  "b1": {
    "x": 373.00712649881234,
    "y": 367.80047566745844,
    "width": 234.08075948693588,
    "height": 132.7980991543943
  },
  "b2": {
    "x": 373.00712649881234,
    "y": 502.06175650356295,
    "width": 234.08075948693588,
    "height": 199.93349229453676
  },
  "c1": {
    "x": 608.5510676674585,
    "y": 367.80047566745844,
    "width": 263.56294780047506,
    "height": 32.104511239904994
  },
  "c2": {
    "x": 608.5510676674585,
    "y": 401.3681710213777,
    "width": 263.56294780047506,
    "height": 32.10451367220902
  },
  "c3": {
    "x": 608.5510676674585,
    "y": 434.9263657957245,
    "width": 263.56294780047506,
    "height": 32.11401425178148
  },
  "c4": {
    "x": 608.5510676674585,
    "y": 468.49406114964376,
    "width": 263.56294780047506,
    "height": 32.10451367220902
  },
  "c5": {
    "x": 608.5510676674585,
    "y": 502.06175650356295,
    "width": 263.56294780047506,
    "height": 32.10451367220902
  },
  "c6": {
    "x": 608.5510676674585,
    "y": 535.6294542897863,
    "width": 263.56294780047506,
    "height": 32.104511239904994
  },
  "c7": {
    "x": 608.5510676674585,
    "y": 569.1971496437055,
    "width": 263.56294780047506,
    "height": 32.10451367220902
  },
  "c8": {
    "x": 608.5510676674585,
    "y": 602.7553444180522,
    "width": 263.56294780047506,
    "height": 32.11401425178148
  },
  "c9": {
    "x": 608.5510676674585,
    "y": 636.3230397719715,
    "width": 263.56294780047506,
    "height": 32.104513672209094
  },
  "c10": {
    "x": 608.5510676674585,
    "y": 669.8907351258907,
    "width": 263.56294780047506,
    "height": 32.10451367220896
  },
  "c11": {
    "x": 608.5510676674585,
    "y": 703.458432912114,
    "width": 263.56294780047506,
    "height": 32.104511239905065
  },
  "c12": {
    "x": 608.5510676674585,
    "y": 737.0261282660333,
    "width": 263.56294780047506,
    "height": 32.104513672209094
  },
  "c13": {
    "x": 608.5510676674585,
    "y": 770.5843230403801,
    "width": 263.56294780047506,
    "height": 32.11401425178148
  },
  "d1": {
    "x": 873.5771971496438,
    "y": 367.80047566745844,
    "width": 234.95486875059376,
    "height": 233.50118764845607
  },
  "d2": {
    "x": 873.5771971496438,
    "y": 602.7553444180522,
    "width": 234.95486875059376,
    "height": 132.80759973396675
  },
  "d3": {
    "x": 873.5771971496438,
    "y": 737.0261282660333,
    "width": 234.95486875059376,
    "height": 132.79809915439424
  },
  "d4": {
    "x": 873.5771971496438,
    "y": 871.2874115344417,
    "width": 234.95486875059376,
    "height": 132.79809915439438
  },
  "e1": {
    "x": 1109.9952500142517,
    "y": 367.80047566745844,
    "width": 199.05938059857476,
    "height": 132.7980991543943
  },
  "e2": {
    "x": 1109.9952500142517,
    "y": 502.06175650356295,
    "width": 199.05938059857476,
    "height": 32.10451367220902
  },
  "e3": {
    "x": 1109.9952500142517,
    "y": 535.6294542897863,
    "width": 199.05938059857476,
    "height": 32.104511239904994
  },
  "e4": {
    "x": 1109.9952500142517,
    "y": 569.1971496437055,
    "width": 199.05938059857476,
    "height": 32.10451367220902
  },
  "f1": {
    "x": 1310.517814726841,
    "y": 367.80047566745844,
    "width": 199.0593830308788,
    "height": 132.7980991543943
  },
  "f2": {
    "x": 1310.517814726841,
    "y": 502.06175650356295,
    "width": 199.0593830308788,
    "height": 132.80760216627078
  },
  "h1": {
    "x": 1602.9738711258906,
    "y": 367.80047566745844,
    "width": 199.05938303087908,
    "height": 132.7980991543943
  },
  "h2": {
    "x": 1602.9738711258906,
    "y": 502.06175650356295,
    "width": 199.05938303087908,
    "height": 132.80760216627078
  }
}