{
  "a1": {
    "x": 138.58432182422803,
    "y": 328.5225647125891,
    "width": 157.27316096912114,
    "height": 58.432305254156766
  },
  "a2": {
    "x": 138.58432182422803,
    "y": 388.3135404085511,
    "width": 157.27316096912114,
    "height": 58.43230282185274
  },
  "a3": {
    "x": 138.58432182422803,
    "y": 448.1140142517815,
    "width": 157.27316096912114,
    "height": 58.43230282185274
  },
  "b1": {
    "x": 297.2161508028504,
    "y": 328.5225647125891,
    "width": 241.1021377672209,
    "height": 178.02375236104513
  },
  "b2": {
    "x": 297.2161508028504,
    "y": 507.9144880950119,
    "width": 241.1021377672209,
    "height": 266.22328034204276
  },
  "c1": {
    "x": 618.0522553159145,
    "y": 328.5225647125891,
    "width": 165.7387197719715,
    "height": 118.22327851781473
  },
  "d1": {
    "x": 785.1591461092637,
    "y": 328.5225647125891,
    "width": 194.40379986698346,
    "height": 385.81472744893114
  },
  "d2": {
    "x": 785.1591461092637,
    "y": 715.6959626033255,
    "width": 194.40379986698346,
    "height": 237.8242286365795
  },
  "d3": {
    "x": 785.1591461092637,
    "y": 954.8883622612827,
    "width": 194.40379986698346,
    "height": 238.916863391924
  },
  "e1": {
    "x": 1067.7624715249406,
    "y": 328.5225647125891,
    "width": 157.2731585368172,
    "height": 237.8242286365796
  },
  "e2": {
    "x": 1067.7624715249406,
    "y": 567.7054637909739,
    "width": 157.2731585368172,
    "height": 86.83135209501188
  },
  "e3": {
    "x": 1067.7624715249406,
    "y": 655.9049869073634,
    "width": 157.2731585368172,
    "height": 58.432305254156766
  },
  "e4": {
    "x": 1067.7624715249406,
    "y": 715.6959626033255,
    "width": 157.2731585368172,
    "height": 58.44180583372915
  },
  "e5": {
    "x": 1067.7624715249406,
    "y": 775.4964364465558,
    "width": 157.2731585368172,
    "height": 475.6484572731592
  },
  "f1": {
    "x": 1226.4038010831355,
    "y": 328.5225647125891,
    "width": 147.9904988123514,
    "height": 237.8242286365796
  },
  "f2": {
    "x": 1226.4038010831355,
    "y": 567.7054637909739,
    "width": 147.9904988123514,
    "height": 86.83135209501188
  },
  "f3": {
    "x": 1226.4038010831355,
    "y": 655.9049869073634,
    "width": 147.9904988123514,
    "height": 58.432305254156766
  },
  "f4": {
    "x": 1226.4038010831355,
    "y": 715.6959626033255,
    "width": 147.9904988123514,
    "height": 58.44180583372915
  },
  "f5": {
    "x": 1226.4038010831355,
    "y": 775.4964364465558,
    "width": 147.9904988123514,
    "height": 475.6484572731592
  },
  "h1": {
    "x": 1521.0166276864609,
    "y": 328.5225647125891,
    "width": 204.78859735867,
    "height": 58.432305254156766
  },
  "h2": {
    "x": 1521.0166276864609,
    "y": 388.3135404085511,
    "width": 204.78859735867,
    "height": 118.23277666508315
  },
  "h3": {
    "x": 1521.0166276864609,
    "y": 507.9144880950119,
    "width": 204.78859735867,
    "height": 58.432305254156766
  },
  "h4": {
    "x": 1521.0166276864609,
    "y": 567.7054637909739,
    "width": 204.78859735867,
    "height": 146.63182837054632
  }
}
