{
  "a1": {
    "x": 126.88836165320666,
    "y": 308.2565320665083,
    "width": 189.7767208741093,
    "height": 23.686460199524944
  },
  "a2": {
    "x": 126.88836165320666,
    "y": 333.3871727885986,
    "width": 189.7767208741093,
    "height": 48.81710335391924
  },
  "a3": {
    "x": 126.88836165320666,
    "y": 383.64845666508313,
    "width": 189.7767208741093,
    "height": 23.686460199524944
  },
  "a4": {
    "x": 126.88836165320666,
    "y": 408.7790973871734,
    "width": 189.7767208741093,
    "height": 23.686460199524944
  },
  "a5": {
    "x": 126.88836165320666,
    "y": 433.9097381092637,
    "width": 189.7767208741093,
    "height": 23.686460199524944
  },
  "a6": {
    "x": 126.88836165320666,
    "y": 459.04037883135396,
    "width": 189.7767208741093,
    "height": 23.686462631828974
  },
  "b1": {
    "x": 318.10926304988124,
    "y": 308.2565320665083,
    "width": 114.09976186223278,
    "height": 601.7007119809975
  },
  "c1": {
    "x": 508.7600956199525,
    "y": 308.2565320665083,
    "width": 251.60094951068885,
    "height": 23.686460199524944
  },
  "c2": {
    "x": 508.7600956199525,
    "y": 333.3871727885986,
    "width": 251.60094951068885,
    "height": 23.686462631828974
  },
  "c3": {
    "x": 508.7600956199525,
    "y": 358.5178159429929,
    "width": 251.60094951068885,
    "height": 23.686460199524944
  },
  "c4": {
    "x": 508.7600956199525,
    "y": 383.64845666508313,
    "width": 251.60094951068885,
    "height": 23.686460199524944
  },
  "c5": {
    "x": 508.7600956199525,
    "y": 408.7790973871734,
    "width": 251.60094951068885,
    "height": 23.686460199524944
  },
  "c6": {
    "x": 508.7600956199525,
    "y": 433.9097381092637,
    "width": 251.60094951068885,
    "height": 23.686460199524944
  },
  "c7": {
    "x": 508.7600956199525,
    "y": 459.04037883135396,
    "width": 251.60094951068885,
    "height": 23.686462631828974
  },
  "c8": {
    "x": 508.7600956199525,
    "y": 484.1710219857482,
    "width": 251.60094951068885,
    "height": 23.686460199524944
  },
  "c9": {
    "x": 508.7600956199525,
    "y": 509.3016627078385,
    "width": 251.60094951068885,
    "height": 23.686460199524944
  },
  "c10": {
    "x": 508.7600956199525,
    "y": 534.4323034299288,
    "width": 251.60094951068885,
    "height": 23.686462631828974
  },
  "c11": {
    "x": 508.7600956199525,
    "y": 559.5629465843231,
    "width": 251.60094951068885,
    "height": 23.686460199524944
  },
  "c12": {
    "x": 508.7600956199525,
    "y": 584.6935873064133,
    "width": 251.60094951068885,
    "height": 23.686460199524944
  },
  "c13": {
    "x": 508.7600956199525,
    "y": 609.8242280285036,
    "width": 251.60094951068885,
    "height": 23.686460199524873
  },
  "c14": {
    "x": 508.7600956199525,
    "y": 634.9548687505937,
    "width": 251.60094951068885,
    "height": 23.686460199525012
  },
  "d1": {
    "x": 761.8052256532067,
    "y": 308.2565320665083,
    "width": 114.09976186223271,
    "height": 601.7007119809975
  },
  "e1": {
    "x": 952.4465552114013,
    "y": 308.2565320665083,
    "width": 215.21140203325425,
    "height": 99.07838479809976
  },
  "e2": {
    "x": 952.4465552114013,
    "y": 408.7790973871734,
    "width": 215.21140203325425,
    "height": 23.686460199524944
  },
  "e3": {
    "x": 952.4465552114013,
    "y": 433.9097381092637,
    "width": 215.21140203325425,
    "height": 23.686460199524944
  },
  "e4": {
    "x": 952.4465552114013,
    "y": 459.04037883135396,
    "width": 215.21140203325425,
    "height": 23.686462631828974
  },
  "f1": {
    "x": 1169.102137767221,
    "y": 308.2565320665083,
    "width": 161.4631816817101,
    "height": 99.07838479809976
  },
  "f2": {
    "x": 1169.102137767221,
    "y": 408.7790973871734,
    "width": 161.4631816817101,
    "height": 23.686460199524944
  },
  "f3": {
    "x": 1169.102137767221,
    "y": 433.9097381092637,
    "width": 161.4631816817101,
    "height": 23.686460199524944
  },
  "f4": {
    "x": 1169.102137767221,
    "y": 459.04037883135396,
    "width": 161.4631816817101,
    "height": 23.686462631828974
  },
  "f5": {
    "x": 1169.102137767221,
    "y": 484.1710219857482,
    "width": 161.4631816817101,
    "height": 23.686460199524944
  },
  "h1": {
    "x": 1482.2232779097387,
    "y": 308.2565320665083,
    "width": 173.60570071258908,
    "height": 149.3396662422803
  },
  "h2": {
    "x": 1482.2232779097387,
    "y": 459.04037883135396,
    "width": 173.60570071258908,
    "height": 48.81710335391924
  },
  "h3": {
    "x": 1482.2232779097387,
    "y": 509.3016627078385,
    "width": 173.60570071258908,
    "height": 99.07838479809976
  }
}