{
  "a1": {
    "x": 131.1163895486936,
    "y": 329.76722090261285,
    "width": 254.4418052256532,
    "height": 26.318291002375297
  },
  "a2": {
    "x": 131.1163895486936,
    "y": 357.5011882565321,
    "width": 254.4418052256532,
    "height": 26.318288570071264
  },
  "a3": {
    "x": 131.1163895486936,
    "y": 385.2351531781473,
    "width": 254.4418052256532,
    "height": 26.318291002375297
  },
  "a4": {
    "x": 131.1163895486936,
    "y": 412.96912053206654,
    "width": 254.4418052256532,
    "height": 26.327791581947743
  },
  "a5": {
    "x": 131.1163895486936,
    "y": 440.7125884655582,
    "width": 254.4418052256532,
    "height": 26.318291002375297
  },
  "a6": {
    "x": 131.1163895486936,
    "y": 468.44655581947745,
    "width": 254.4418052256532,
    "height": 248.21852670783844
  },
  "b1": {
    "x": 386.9643705463183,
    "y": 329.76722090261285,
    "width": 175.19239965795725,
    "height": 81.78622327790974
  },
  "b2": {
    "x": 386.9643705463183,
    "y": 412.96912053206654,
    "width": 175.19239965795725,
    "height": 303.6959619952494
  },
  "c1": {
    "x": 629.2351550023752,
    "y": 329.76722090261285,
    "width": 245.38717400475068,
    "height": 26.318291002375297
  },
  "c2": {
    "x": 629.2351550023752,
    "y": 357.5011882565321,
    "width": 245.38717400475068,
    "height": 26.318288570071264
  },
  "c3": {
    "x": 629.2351550023752,
    "y": 385.2351531781473,
    "width": 245.38717400475068,
    "height": 54.06175893586698
  },
  "c4": {
    "x": 629.2351550023752,
    "y": 440.7125884655582,
    "width": 245.38717400475068,
    "height": 54.0522559239905
  },
  "c5": {
    "x": 629.2351550023752,
    "y": 496.1805231733967,
    "width": 245.38717400475068,
    "height": 26.32778914964371
  },
  "c6": {
    "x": 629.2351550023752,
    "y": 523.9239911068884,
    "width": 245.38717400475068,
    "height": 26.318288570071264
  },
  "c7": {
    "x": 629.2351550023752,
    "y": 551.6579584608077,
    "width": 245.38717400475068,
    "height": 26.318288570071264
  },
  "c8": {
    "x": 629.2351550023752,
    "y": 579.3919233824229,
    "width": 245.38717400475068,
    "height": 26.318291002375297
  },
  "c9": {
    "x": 629.2351550023752,
    "y": 607.1258907363421,
    "width": 245.38717400475068,
    "height": 26.327791581947814
  },
  "c10": {
    "x": 629.2351550023752,
    "y": 634.8693586698338,
    "width": 245.38717400475068,
    "height": 26.318291002375297
  },
  "c11": {
    "x": 629.2351550023752,
    "y": 662.603326023753,
    "width": 245.38717400475068,
    "height": 26.318288570071264
  },
  "c12": {
    "x": 629.2351550023752,
    "y": 690.3372909453681,
    "width": 245.38717400475068,
    "height": 26.327791581947814
  },
  "d1": {
    "x": 876.0380053586698,
    "y": 329.76722090261285,
    "width": 175.19239722565328,
    "height": 386.897861624703
  },
  "e1": {
    "x": 1118.3087898147269,
    "y": 329.76722090261285,
    "width": 136.70308545368158,
    "height": 109.52969121140143
  },
  "e2": {
    "x": 1118.3087898147269,
    "y": 440.7125884655582,
    "width": 136.70308545368158,
    "height": 81.79572385748219
  },
  "e3": {
    "x": 1118.3087898147269,
    "y": 523.9239911068884,
    "width": 136.70308545368158,
    "height": 26.318288570071264
  },
  "e4": {
    "x": 1118.3087898147269,
    "y": 551.6579584608077,
    "width": 136.70308545368158,
    "height": 165.00712406650825
  },
  "f1": {
    "x": 1256.4275540522565,
    "y": 329.76722090261285,
    "width": 159.33491564845622,
    "height": 109.52969121140143
  },
  "f2": {
    "x": 1256.4275540522565,
    "y": 440.7125884655582,
    "width": 159.33491564845622,
    "height": 275.95249406175765
  },
  "h1": {
    "x": 1548.5035629453682,
    "y": 329.76722090261285,
    "width": 171.80047627553458,
    "height": 137.26365856532067
  },
  "h2": {
    "x": 1548.5035629453682,
    "y": 468.44655581947745,
    "width": 171.80047627553458,
    "height": 248.21852670783844
  }
}