{
  "a1": {
    "x": 310.0807600950119,
    "y": 249.1496443135392,
    "width": 122.2517820807601,
    "height": 60.69358669833729
  },
  "a2": {
    "x": 310.0807600950119,
    "y": 311.0118777007126,
    "width": 122.2517820807601,
    "height": 171.42042633729218
  },
  "a3": {
    "x": 310.0807600950119,
    "y": 483.5914477149644,
    "width": 122.2517820807601,
    "height": 72.80760155819478
  },
  "a4": {
    "x": 310.0807600950119,
    "y": 557.5581953824228,
    "width": 122.2517820807601,
    "height": 227.59144771496432
  },
  "b1": {
    "x": 433.50118643230405,
    "y": 249.1496443135392,
    "width": 137.4251781472684,
    "height": 208.61757658907365
  },
  "b2": {
    "x": 433.50118643230405,
    "y": 458.9358675914489,
    "width": 137.4251781472684,
    "height": 195.35391863182898
  },
  "b3": {
    "x": 433.50118643230405,
    "y": 655.4584329121141,
    "width": 137.4251781472684,
    "height": 413.3016627078385
  },
  "c1": {
    "x": 627.2399043800475,
    "y": 249.1496443135392,
    "width": 148.80760216627093,
    "height": 60.69358669833729
  },
  "c2": {
    "x": 627.2399043800475,
    "y": 311.0118777007126,
    "width": 148.80760216627093,
    "height": 48.14251599049882
  },
  "d1": {
    "x": 777.2161508028504,
    "y": 249.1496443135392,
    "width": 362.2422815011877,
    "height": 110.00474937767221
  },
  "d2": {
    "x": 777.2161508028504,
    "y": 360.32304038004753,
    "width": 362.2422815011877,
    "height": 708.4370552399051
  },
  "e1": {
    "x": 1195.7719721045132,
    "y": 249.1496443135392,
    "width": 107.07838358194775,
    "height": 183.9714946128266
  },
  "e2": {
    "x": 1195.7719721045132,
    "y": 434.28978561520194,
    "width": 107.07838358194775,
    "height": 48.14251842280285
  },
  "e3": {
    "x": 1195.7719721045132,
    "y": 483.5914477149644,
    "width": 107.07838358194775,
    "height": 48.14251842280285
  },
  "e4": {
    "x": 1195.7719721045132,
    "y": 532.9026128266033,
    "width": 107.07838358194775,
    "height": 48.14251842280285
  },
  "e5": {
    "x": 1195.7719721045132,
    "y": 582.2137779382423,
    "width": 107.07838358194775,
    "height": 48.14251599049875
  },
  "f1": {
    "x": 1304.019002375297,
    "y": 249.1496443135392,
    "width": 129.84322918764832,
    "height": 183.9714946128266
  },
  "f2": {
    "x": 1304.019002375297,
    "y": 434.28978561520194,
    "width": 129.84322918764832,
    "height": 196.06650831353915
  },
  "h1": {
    "x": 1545.3206644750592,
    "y": 249.1496443135392,
    "width": 198.118764845606,
    "height": 282.584321824228
  },
  "h2": {
    "x": 1545.3206644750592,
    "y": 532.9026128266033,
    "width": 198.118764845606,
    "height": 535.8574827933493
  }
}
