{
  "a1": {
    "x": 141.99524879809977,
    "y": 361.6057013206651,
    "width": 152.17102137767222,
    "height": 46.63182897862233
  },
  "a2": {
    "x": 141.99524879809977,
    "y": 409.37767281710217,
    "width": 152.17102137767222,
    "height": 46.62232596674585
  },
  "b1": {
    "x": 295.3064126935867,
    "y": 361.6057013206651,
    "width": 278.0332547648456,
    "height": 571.5059364180523
  },
  "b2": {
    "x": 295.3064126935867,
    "y": 934.2612832684086,
    "width": 278.0332547648456,
    "height": 94.39429746318284
  },
  "b3": {
    "x": 295.3064126935867,
    "y": 1029.7957232494061,
    "width": 278.0332547648456,
    "height": 142.15677081235154
  },
  "c1": {
    "x": 640.8456050926366,
    "y": 361.6057013206651,
    "width": 218.52731591448932,
    "height": 46.63182897862233
  },
  "c2": {
    "x": 640.8456050926366,
    "y": 409.37767281710217,
    "width": 218.52731591448932,
    "height": 46.62232596674585
  },
  "c3": {
    "x": 640.8456050926366,
    "y": 457.1496443135392,
    "width": 218.52731591448932,
    "height": 46.622328399049884
  },
  "c4": {
    "x": 640.8456050926366,
    "y": 504.9121152304038,
    "width": 218.52731591448932,
    "height": 46.62232596674585
  },
  "c5": {
    "x": 640.8456050926366,
    "y": 552.6840842945369,
    "width": 218.52731591448932,
    "height": 46.622328399049884
  },
  "c6": {
    "x": 640.8456050926366,
    "y": 600.4465552114015,
    "width": 218.52731591448932,
    "height": 46.052257140142515
  },
  "c7": {
    "x": 640.8456050926366,
    "y": 647.648455448931,
    "width": 218.52731591448932,
    "height": 46.62232839904995
  },
  "c8": {
    "x": 640.8456050926366,
    "y": 695.4204269453681,
    "width": 218.52731591448932,
    "height": 46.62232839904995
  },
  "c9": {
    "x": 640.8456050926366,
    "y": 743.1828978622328,
    "width": 218.52731591448932,
    "height": 46.62232839904995
  },
  "c10": {
    "x": 640.8456050926366,
    "y": 790.9548693586698,
    "width": 218.52731591448932,
    "height": 46.62232839904995
  },
  "c11": {
    "x": 640.8456050926366,
    "y": 838.7173402755345,
    "width": 218.52731591448932,
    "height": 46.63182897862233
  },
  "c12": {
    "x": 640.8456050926366,
    "y": 886.4893117719716,
    "width": 218.52731591448932,
    "height": 46.622325966745784
  },
  "c13": {
    "x": 640.8456050926366,
    "y": 934.2612832684086,
    "width": 218.52731591448932,
    "height": 46.62232839904981
  },
  "c14": {
    "x": 640.8456050926366,
    "y": 982.0237541852732,
    "width": 218.52731591448932,
    "height": 46.6318265463183
  },
  "c15": {
    "x": 640.8456050926366,
    "y": 1029.7957232494061,
    "width": 218.52731591448932,
    "height": 46.62232839904981
  },
  "c16": {
    "x": 640.8456050926366,
    "y": 1077.5676971781472,
    "width": 218.52731591448932,
    "height": 46.622325966745784
  },
  "c17": {
    "x": 640.8456050926366,
    "y": 1125.3301656627077,
    "width": 218.52731591448932,
    "height": 46.62232839904995
  },
  "d1": {
    "x": 860.522564104513,
    "y": 361.6057013206651,
    "width": 168.19002496912128,
    "height": 810.3467927410927
  },
  "e1": {
    "x": 1096.2185267078385,
    "y": 361.6057013206651,
    "width": 151.03087885985764,
    "height": 142.166271391924
  },
  "e2": {
    "x": 1096.2185267078385,
    "y": 504.9121152304038,
    "width": 151.03087885985764,
    "height": 46.62232596674585
  },
  "e3": {
    "x": 1096.2185267078385,
    "y": 552.6840842945369,
    "width": 151.03087885985764,
    "height": 46.622328399049884
  },
  "e4": {
    "x": 1096.2185267078385,
    "y": 600.4465552114015,
    "width": 151.03087885985764,
    "height": 46.052257140142515
  },
  "e5": {
    "x": 1096.2185267078385,
    "y": 647.648455448931,
    "width": 151.03087885985764,
    "height": 46.62232839904995
  },
  "f1": {
    "x": 1248.3895480855108,
    "y": 361.6057013206651,
    "width": 171.6199531021377,
    "height": 142.166271391924
  },
  "f2": {
    "x": 1248.3895480855108,
    "y": 504.9121152304038,
    "width": 171.6199531021377,
    "height": 332.665082527316
  },
  "h1": {
    "x": 1553.8812339382425,
    "y": 361.6057013206651,
    "width": 162.4703112209026,
    "height": 810.3467927410927
  }
}
