{
  "a1": {
    "x": 227.42992813301663,
    "y": 241.70071319714964,
    "width": 181.97624642280286,
    "height": 21.79572324940618
  },
  "a2": {
    "x": 227.42992813301663,
    "y": 264.6270783847981,
    "width": 181.97624642280286,
    "height": 32.55107009976247
  },
  "a3": {
    "x": 227.42992813301663,
    "y": 298.30878799049884,
    "width": 181.97624642280286,
    "height": 29.995248798099766
  },
  "a4": {
    "x": 227.42992813301663,
    "y": 329.44417930641333,
    "width": 181.97624642280286,
    "height": 21.225654422802847
  },
  "a5": {
    "x": 227.42992813301663,
    "y": 351.80047566745844,
    "width": 181.97624642280286,
    "height": 30.850354470308794
  },
  "a6": {
    "x": 227.42992813301663,
    "y": 383.7814720760095,
    "width": 181.97624642280286,
    "height": 21.795725681710213
  },
  "a7": {
    "x": 227.42992813301663,
    "y": 406.70783969596204,
    "width": 181.97624642280286,
    "height": 21.79572324940618
  },
  "a8": {
    "x": 227.42992813301663,
    "y": 429.6342048836105,
    "width": 181.97624642280286,
    "height": 35.087885377672215
  },
  "a9": {
    "x": 227.42992813301663,
    "y": 465.8622327790974,
    "width": 181.97624642280286,
    "height": 32.54156708788599
  },
  "a10": {
    "x": 227.42992813301663,
    "y": 499.54394238479813,
    "width": 181.97624642280286,
    "height": 31.69596199524941
  },
  "a11": {
    "x": 227.42992813301663,
    "y": 532.3705463182898,
    "width": 181.97624642280286,
    "height": 21.795725681710213
  },
  "a12": {
    "x": 227.42992813301663,
    "y": 555.2969115059383,
    "width": 181.97624642280286,
    "height": 31.69596199524941
  },
  "a13": {
    "x": 227.42992813301663,
    "y": 588.12351543943,
    "width": 181.97624642280286,
    "height": 21.79572324940618
  },
  "a14": {
    "x": 227.42992813301663,
    "y": 611.0498806270784,
    "width": 181.97624642280286,
    "height": 32.55107009976254
  },
  "a15": {
    "x": 227.42992813301663,
    "y": 644.7315902327791,
    "width": 181.97624642280286,
    "height": 24.6270783847981
  },
  "a16": {
    "x": 227.42992813301663,
    "y": 670.4893105558195,
    "width": 181.97624642280286,
    "height": 30.850356902612756
  },
  "a17": {
    "x": 227.42992813301663,
    "y": 702.4703093966747,
    "width": 181.97624642280286,
    "height": 30.850356902612756
  },
  "a18": {
    "x": 227.42992813301663,
    "y": 734.4513058052256,
    "width": 181.97624642280286,
    "height": 30.850356902612894
  },
  "a19": {
    "x": 227.42992813301663,
    "y": 766.4323046460809,
    "width": 181.97624642280286,
    "height": 32.5510676674583
  },
  "a20": {
    "x": 227.42992813301663,
    "y": 800.1140142517816,
    "width": 181.97624642280286,
    "height": 21.79572324940618
  },
  "a21": {
    "x": 227.42992813301663,
    "y": 823.04037943943,
    "width": 181.97624642280286,
    "height": 21.795725681710213
  },
  "a22": {
    "x": 227.42992813301663,
    "y": 845.9667470593826,
    "width": 181.97624642280286,
    "height": 21.786222669833663
  },
  "a23": {
    "x": 227.42992813301663,
    "y": 868.893112247031,
    "width": 181.97624642280286,
    "height": 21.786222669833663
  },
  "a24": {
    "x": 227.42992813301663,
    "y": 891.809976855107,
    "width": 181.97624642280286,
    "height": 21.79572324940604
  },
  "a25": {
    "x": 227.42992813301663,
    "y": 914.7363420427554,
    "width": 181.97624642280286,
    "height": 21.79572324940618
  },
  "a26": {
    "x": 227.42992813301663,
    "y": 937.662707230404,
    "width": 181.97624642280286,
    "height": 21.795725681710213
  },
  "a27": {
    "x": 227.42992813301663,
    "y": 960.5890748503565,
    "width": 181.97624642280286,
    "height": 21.79572324940604
  },
  "a28": {
    "x": 227.42992813301663,
    "y": 983.5154400380048,
    "width": 181.97624642280286,
    "height": 21.79572324940604
  },
  "a29": {
    "x": 227.42992813301663,
    "y": 1006.4418052256533,
    "width": 181.97624642280286,
    "height": 21.786222669833663
  },
  "a30": {
    "x": 227.42992813301663,
    "y": 1029.3586698337292,
    "width": 181.97624642280286,
    "height": 21.79572324940618
  },
  "a31": {
    "x": 227.42992813301663,
    "y": 1052.2945356009502,
    "width": 181.97624642280286,
    "height": 21.786225102137834
  },
  "a32": {
    "x": 227.42992813301663,
    "y": 1075.2114026413303,
    "width": 181.97624642280286,
    "height": 21.22565199049868
  },
  "a33": {
    "x": 227.42992813301663,
    "y": 1097.5676965700713,
    "width": 181.97624642280286,
    "height": 21.79572324940604
  },
  "a34": {
    "x": 227.42992813301663,
    "y": 1120.5035623372921,
    "width": 181.97624642280286,
    "height": 35.93349290261296
  },
  "a35": {
    "x": 227.42992813301663,
    "y": 1157.57719775772,
    "width": 181.97624642280286,
    "height": 22.071259515439362
  },
  "a36": {
    "x": 227.42992813301663,
    "y": 1180.7790967790975,
    "width": 181.97624642280286,
    "height": 21.79572568171035
  },
  "b1": {
    "x": 507.0498818432304,
    "y": 241.70071319714964,
    "width": 189.90973871733974,
    "height": 557.2826591163895
  },
  "c1": {
    "x": 835.3634192114015,
    "y": 241.70071319714964,
    "width": 175.75297033729217,
    "height": 21.79572324940618
  },
  "c2": {
    "x": 835.3634192114015,
    "y": 264.6270783847981,
    "width": 175.75297033729217,
    "height": 32.55107009976247
  },
  "c3": {
    "x": 835.3634192114015,
    "y": 298.30878799049884,
    "width": 175.75297033729217,
    "height": 29.995248798099766
  },
  "c4": {
    "x": 835.3634192114015,
    "y": 329.44417930641333,
    "width": 175.75297033729217,
    "height": 21.225654422802847
  },
  "c5": {
    "x": 835.3634192114015,
    "y": 351.80047566745844,
    "width": 175.75297033729217,
    "height": 30.850354470308794
  },
  "c6": {
    "x": 835.3634192114015,
    "y": 383.7814720760095,
    "width": 175.75297033729217,
    "height": 21.795725681710213
  },
  "c7": {
    "x": 835.3634192114015,
    "y": 406.70783969596204,
    "width": 175.75297033729217,
    "height": 21.79572324940618
  },
  "c8": {
    "x": 835.3634192114015,
    "y": 429.6342048836105,
    "width": 175.75297033729217,
    "height": 35.087885377672215
  },
  "c9": {
    "x": 835.3634192114015,
    "y": 465.8622327790974,
    "width": 175.75297033729217,
    "height": 32.54156708788599
  },
  "c10": {
    "x": 835.3634192114015,
    "y": 499.54394238479813,
    "width": 175.75297033729217,
    "height": 31.69596199524941
  },
  "c11": {
    "x": 835.3634192114015,
    "y": 532.3705463182898,
    "width": 175.75297033729217,
    "height": 21.795725681710213
  },
  "c12": {
    "x": 835.3634192114015,
    "y": 555.2969115059383,
    "width": 175.75297033729217,
    "height": 31.69596199524941
  },
  "c13": {
    "x": 835.3634192114015,
    "y": 588.12351543943,
    "width": 175.75297033729217,
    "height": 21.79572324940618
  },
  "c14": {
    "x": 835.3634192114015,
    "y": 611.0498806270784,
    "width": 175.75297033729217,
    "height": 32.55107009976254
  },
  "c15": {
    "x": 835.3634192114015,
    "y": 644.7315902327791,
    "width": 175.75297033729217,
    "height": 24.6270783847981
  },
  "c16": {
    "x": 835.3634192114015,
    "y": 670.4893105558195,
    "width": 175.75297033729217,
    "height": 30.850356902612756
  },
  "c17": {
    "x": 835.3634192114015,
    "y": 702.4703093966747,
    "width": 175.75297033729217,
    "height": 30.850356902612756
  },
  "c18": {
    "x": 835.3634192114015,
    "y": 734.4513058052256,
    "width": 175.75297033729217,
    "height": 30.850356902612894
  },
  "d1": {
    "x": 1108.769594983373,
    "y": 241.70071319714964,
    "width": 156.51306595724458,
    "height": 223.02137706413302
  },
  "d2": {
    "x": 1108.769594983373,
    "y": 465.8622327790974,
    "width": 156.51306595724458,
    "height": 267.45843352019006
  },
  "e1": {
    "x": 1310.565320057007,
    "y": 241.70071319714964,
    "width": 120.28503562945396,
    "height": 86.60332359144894
  },