{
  "a1": {
    "x": 249.83372982422804,
    "y": 304.13301541092636,
    "width": 132.80759973396675,
    "height": 36.19952615676959
  },
  "a2": {
    "x": 249.83372982422804,
    "y": 341.49168767695966,
    "width": 132.80759973396675,
    "height": 174.84085389073635
  },
  "a3": {
    "x": 249.83372982422804,
    "y": 517.501188256532,
    "width": 132.80759973396675,
    "height": 221.5296912114015
  },
  "b1": {
    "x": 383.8099762470309,
    "y": 304.13301541092636,
    "width": 167.23990620427554,
    "height": 212.1995261567696
  },
  "b2": {
    "x": 383.8099762470309,
    "y": 517.501188256532,
    "width": 167.23990620427554,
    "height": 221.5296912114015
  },
  "b3": {
    "x": 383.8099762470309,
    "y": 740.1995237244656,
    "width": 167.23990620427554,
    "height": 346.166272
  },
  "c1": {
    "x": 609.4251793634204,
    "y": 304.13301541092636,
    "width": 154.4037986508313,
    "height": 63.3349180807601
  },
  "d1": {
    "x": 764.9976247030879,
    "y": 304.13301541092636,
    "width": 370.39429928741094,
    "height": 112.95962177672209
  },
  "d2": {
    "x": 764.9976247030879,
    "y": 418.2612838764846,
    "width": 370.39429928741094,
    "height": 668.104511847981
  },
  "e1": {
    "x": 1193.767220902613,
    "y": 304.13301541092636,
    "width": 134.84085510688837,
    "height": 112.95962177672209
  },
  "e2": {
    "x": 1193.767220902613,
    "y": 418.2612838764846,
    "width": 134.84085510688837,
    "height": 48.44655399524941
  },
  "e3": {
    "x": 1193.767220902613,
    "y": 467.8764845605701,
    "width": 134.84085510688837,
    "height": 48.45605700712589
  },
  "e4": {
    "x": 1193.767220902613,
    "y": 517.501188256532,
    "width": 134.84085510688837,
    "height": 48.446556427553446
  },
  "e5": {
    "x": 1193.767220902613,
    "y": 567.1163889406176,
    "width": 134.84085510688837,
    "height": 48.446556427553446
  },
  "f1": {
    "x": 1329.7767226983374,
    "y": 304.13301541092636,
    "width": 150.60332359144888,
    "height": 112.95962177672209
  },
  "f2": {
    "x": 1329.7767226983374,
    "y": 418.2612838764846,
    "width": 150.60332359144888,
    "height": 48.44655399524941
  },
  "f3": {
    "x": 1329.7767226983374,
    "y": 467.8764845605701,
    "width": 150.60332359144888,
    "height": 48.45605700712589
  },
  "f4": {
    "x": 1329.7767226983374,
    "y": 517.501188256532,
    "width": 150.60332359144888,
    "height": 48.446556427553446
  },
  "h1": {
    "x": 1595.9714964370546,
    "y": 304.13301541092636,
    "width": 150.6033260237529,
    "height": 782.2327803135393
  }
}
