{
  "a1": {
    "x": 126.6603331496437,
    "y": 337.5581947743468,
    "width": 244.8836092351544,
    "height": 132.80759973396675
  },
  "a2": {
    "x": 126.6603331496437,
    "y": 471.81947804275535,
    "width": 244.8836092351544,
    "height": 132.80759973396675
  },
  "a3": {
    "x": 126.6603331496437,
    "y": 606.0807613111639,
    "width": 244.8836092351544,
    "height": 65.67220902612827
  },
  "b1": {
    "x": 373.00712649881234,
    "y": 337.5581947743468,
    "width": 234.08075948693588,
    "height": 132.80759973396675
  },
  "b2": {
    "x": 373.00712649881234,
    "y": 471.81947804275535,
    "width": 234.08075948693588,
    "height": 199.93349229453682
  },
  "c1": {
    "x": 608.5510676674585,
    "y": 337.5581947743468,
    "width": 263.56294780047506,
    "height": 32.10451367220902
  },
  "c2": {
    "x": 608.5510676674585,
    "y": 371.12589012826606,
    "width": 263.56294780047506,
    "height": 32.10451367220902
  },
  "c3": {
    "x": 608.5510676674585,
    "y": 404.6935854821853,
    "width": 263.56294780047506,
    "height": 32.10451367220902
  },
  "c4": {
    "x": 608.5510676674585,
    "y": 438.2517826888361,
    "width": 263.56294780047506,
    "height": 32.11401181947744
  },
  "c5": {
    "x": 608.5510676674585,
    "y": 471.81947804275535,
    "width": 263.56294780047506,
    "height": 32.10451367220902
  },
  "c6": {
    "x": 608.5510676674585,
    "y": 505.3871733966746,
    "width": 263.56294780047506,
    "height": 32.10451367220902
  },
  "c7": {
    "x": 608.5510676674585,
    "y": 538.9548687505938,
    "width": 263.56294780047506,
    "height": 32.10451367220902
  },
  "c8": {
    "x": 608.5510676674585,
    "y": 572.5225641045131,
    "width": 263.56294780047506,
    "height": 32.10451367220902
  },
  "c9": {
    "x": 608.5510676674585,
    "y": 606.0807613111639,
    "width": 263.56294780047506,
    "height": 32.11401181947744
  },
  "c10": {
    "x": 608.5510676674585,
    "y": 639.6484566650832,
    "width": 263.56294780047506,
    "height": 32.10451367220896
  },
  "c11": {
    "x": 608.5510676674585,
    "y": 673.2161520190024,
    "width": 263.56294780047506,
    "height": 32.104513672209094
  },
  "c12": {
    "x": 608.5510676674585,
    "y": 706.7838473729217,
    "width": 263.56294780047506,
    "height": 32.10451367220896
  },
  "c13": {
    "x": 608.5510676674585,
    "y": 740.3515427268409,
    "width": 263.56294780047506,
    "height": 32.10451367220896
  },
  "d1": {
    "x": 873.5771971496438,
    "y": 337.5581947743468,
    "width": 234.95486875059376,
    "height": 267.0688830023753
  },
  "d2": {
    "x": 873.5771971496438,
    "y": 606.0807613111639,
    "width": 234.95486875059376,
    "height": 132.80759973396675
  },
  "d3": {
    "x": 873.5771971496438,
    "y": 740.3515427268409,
    "width": 234.95486875059376,
    "height": 132.7981015866984
  },
  "d4": {
    "x": 873.5771971496438,
    "y": 874.6128259952495,
    "width": 234.95486875059376,
    "height": 65.67220902612813
  },
  "e1": {
    "x": 1109.9952500142517,
    "y": 337.5581947743468,
    "width": 199.05938059857476,
    "height": 132.80759973396675
  },
  "e2": {
    "x": 1109.9952500142517,
    "y": 471.81947804275535,
    "width": 199.05938059857476,
    "height": 32.10451367220902
  },
  "e3": {
    "x": 1109.9952500142517,
    "y": 505.3871733966746,
    "width": 199.05938059857476,
    "height": 32.10451367220902
  },
  "e4": {
    "x": 1109.9952500142517,
    "y": 538.9548687505938,
    "width": 199.05938059857476,
    "height": 32.10451367220902
  },
  "f1": {
    "x": 1310.517814726841,
    "y": 337.5581947743468,
    "width": 199.0593830308788,
    "height": 132.80759973396675
  },
  "f2": {
    "x": 1310.517814726841,
    "y": 471.81947804275535,
    "width": 199.0593830308788,
    "height": 132.80759973396675
  },
  "h1": {
    "x": 1602.9738711258906,
    "y": 337.5581947743468,
    "width": 199.05938303087908,
    "height": 132.80759973396675
  },
  "h2": {
    "x": 1602.9738711258906,
    "y": 471.81947804275535,
    "width": 199.05938303087908,
    "height": 132.80759973396675
  }
}