{
  "a1": {
    "x": 126.38479931591449,
    "y": 329.04513064133016,
    "width": 189.84322979572448,
    "height": 23.695963211401423
  },
  "a2": {
    "x": 126.38479931591449,
    "y": 354.1852743752969,
    "width": 189.84322979572448,
    "height": 48.83610208076011
  },
  "a3": {
    "x": 126.38479931591449,
    "y": 404.4655569786224,
    "width": 189.84322979572448,
    "height": 23.695963211401423
  },
  "a4": {
    "x": 126.38479931591449,
    "y": 429.6057007125891,
    "width": 189.84322979572448,
    "height": 23.695963211401423
  },
  "a5": {
    "x": 126.38479931591449,
    "y": 454.74584444655585,
    "width": 189.84322979572448,
    "height": 23.69596077909739
  },
  "a6": {
    "x": 126.38479931591449,
    "y": 479.88598574821856,
    "width": 189.84322979572448,
    "height": 23.69596077909739
  },
  "b1": {
    "x": 317.6722096342043,
    "y": 329.04513064133016,
    "width": 114.13776661282661,
    "height": 601.9097393254158
  },
  "c1": {
    "x": 508.38954869358673,
    "y": 329.04513064133016,
    "width": 251.68646202375297,
    "height": 23.695963211401423
  },
  "c2": {
    "x": 508.38954869358673,
    "y": 354.1852743752969,
    "width": 251.68646202375297,
    "height": 23.69596077909739
  },
  "c3": {
    "x": 508.38954869358673,
    "y": 379.32541567695966,
    "width": 251.68646202375297,
    "height": 23.69596077909739
  },
  "c4": {
    "x": 508.38954869358673,
    "y": 404.4655569786224,
    "width": 251.68646202375297,
    "height": 23.695963211401423
  },
  "c5": {
    "x": 508.38954869358673,
    "y": 429.6057007125891,
    "width": 251.68646202375297,
    "height": 23.695963211401423
  },
  "c6": {
    "x": 508.38954869358673,
    "y": 454.74584444655585,
    "width": 251.68646202375297,
    "height": 23.69596077909739
  },
  "c7": {
    "x": 508.38954869358673,
    "y": 479.88598574821856,
    "width": 251.68646202375297,
    "height": 23.69596077909739
  },
  "c8": {
    "x": 508.38954869358673,
    "y": 505.02612704988127,
    "width": 251.68646202375297,
    "height": 23.695963211401423
  },
  "c9": {
    "x": 508.38954869358673,
    "y": 530.166270783848,
    "width": 251.68646202375297,
    "height": 23.695963211401423
  },
  "c10": {
    "x": 508.38954869358673,
    "y": 555.3064145178148,
    "width": 251.68646202375297,
    "height": 23.69596077909739
  },
  "c11": {
    "x": 508.38954869358673,
    "y": 580.4465558194775,
    "width": 251.68646202375297,
    "height": 23.69596077909739
  },
  "c12": {
    "x": 508.38954869358673,
    "y": 605.5866971211402,
    "width": 251.68646202375297,
    "height": 23.695963211401423
  },
  "c13": {
    "x": 508.38954869358673,
    "y": 630.726840855107,
    "width": 251.68646202375297,
    "height": 23.695963211401423
  },
  "d1": {
    "x": 761.520191239905,
    "y": 329.04513064133016,
    "width": 114.13776661282668,
    "height": 601.9097393254158
  },
  "e1": {
    "x": 952.2375302992875,
    "y": 329.04513064133016,
    "width": 215.27790852256518,
    "height": 99.11638954869359
  },
  "e2": {
    "x": 952.2375302992875,
    "y": 429.6057007125891,
    "width": 215.27790852256518,
    "height": 23.695963211401423
  },
  "e3": {
    "x": 952.2375302992875,
    "y": 454.74584444655585,
    "width": 215.27790852256518,
    "height": 23.69596077909739
  },
  "e4": {
    "x": 952.2375302992875,
    "y": 479.88598574821856,
    "width": 215.27790852256518,
    "height": 23.69596077909739
  },
  "f1": {
    "x": 1168.9596193444181,
    "y": 329.04513064133016,
    "width": 161.52969060332535,
    "height": 99.11638954869359
  },
  "f2": {
    "x": 1168.9596193444181,
    "y": 429.6057007125891,
    "width": 161.52969060332535,
    "height": 23.695963211401423
  },
  "f3": {
    "x": 1168.9596193444181,
    "y": 454.74584444655585,
    "width": 161.52969060332535,
    "height": 23.69596077909739
  },
  "f4": {
    "x": 1168.9596193444181,
    "y": 479.88598574821856,
    "width": 161.52969060332535,
    "height": 23.69596077909739
  },
  "f5": {
    "x": 1168.9596193444181,
    "y": 505.02612704988127,
    "width": 161.52969060332535,
    "height": 23.695963211401423
  },
  "h1": {
    "x": 1482.1947737387175,
    "y": 329.04513064133016,
    "width": 173.67220963420422,
    "height": 149.39667458432305
  },
  "h2": {
    "x": 1482.1947737387175,
    "y": 479.88598574821856,
    "width": 173.67220963420422,
    "height": 48.836104513064136
  },
  "h3": {
    "x": 1482.1947737387175,
    "y": 530.166270783848,
    "width": 173.67220963420422,
    "height": 99.11638954869359
  }
}