{
  "a1": {
    "x": 223.66745782422805,
    "y": 229.5961989168646,
    "width": 313.6057013206651,
    "height": 22.46080760095012
  },
  "a2": {
    "x": 223.66745782422805,
    "y": 253.22565320665083,
    "width": 313.6057013206651,
    "height": 22.46080760095012
  },
  "a3": {
    "x": 223.66745782422805,
    "y": 276.8551074964371,
    "width": 313.6057013206651,
    "height": 21.00712649881235
  },
  "a4": {
    "x": 223.66745782422805,
    "y": 299.0308782517815,
    "width": 313.6057013206651,
    "height": 22.46080760095012
  },
  "a5": {
    "x": 223.66745782422805,
    "y": 322.6603325415677,
    "width": 313.6057013206651,
    "height": 22.46080760095012
  },
  "a6": {
    "x": 223.66745782422805,
    "y": 346.2897868313539,
    "width": 313.6057013206651,
    "height": 22.46080760095012
  },
  "a7": {
    "x": 223.66745782422805,
    "y": 369.91924112114015,
    "width": 313.6057013206651,
    "height": 22.46080516864609
  },
  "a8": {
    "x": 223.66745782422805,
    "y": 393.54869297862234,
    "width": 313.6057013206651,
    "height": 22.46080760095012
  },
  "a9": {
    "x": 223.66745782422805,
    "y": 417.17814726840857,
    "width": 313.6057013206651,
    "height": 22.46080760095012
  },
  "a10": {
    "x": 223.66745782422805,
    "y": 440.8076015581948,
    "width": 313.6057013206651,
    "height": 22.46080760095012
  },
  "a11": {
    "x": 223.66745782422805,
    "y": 464.437053415677,
    "width": 313.6057013206651,
    "height": 22.460810033254152
  },
  "a12": {
    "x": 223.66745782422805,
    "y": 488.0665077054632,
    "width": 313.6057013206651,
    "height": 22.46080760095012
  },
  "a13": {
    "x": 223.66745782422805,
    "y": 511.69596199524943,
    "width": 313.6057013206651,
    "height": 22.47030818052257
  },
  "a14": {
    "x": 223.66745782422805,
    "y": 535.3254162850357,
    "width": 313.6057013206651,
    "height": 22.46080760095012
  },
  "a15": {
    "x": 223.66745782422805,
    "y": 558.9548705748218,
    "width": 313.6057013206651,
    "height": 22.47030818052257
  },
  "a16": {
    "x": 223.66745782422805,
    "y": 582.584322432304,
    "width": 313.6057013206651,
    "height": 22.47030818052257
  },
  "a17": {
    "x": 223.66745782422805,
    "y": 606.2232773016627,
    "width": 313.6057013206651,
    "height": 22.46080760095005
  },
  "a18": {
    "x": 223.66745782422805,
    "y": 629.852731591449,
    "width": 313.6057013206651,
    "height": 22.46080760095012
  },
  "a19": {
    "x": 223.66745782422805,
    "y": 653.4821858812353,
    "width": 313.6057013206651,
    "height": 22.46080760095012
  },
  "a20": {
    "x": 223.66745782422805,
    "y": 677.1116377387174,
    "width": 313.6057013206651,
    "height": 22.460810033254152
  },
  "a21": {
    "x": 223.66745782422805,
    "y": 700.7410920285035,
    "width": 313.6057013206651,
    "height": 22.47031061282667
  },
  "a22": {
    "x": 223.66745782422805,
    "y": 724.3705463182898,
    "width": 313.6057013206651,
    "height": 22.46080760095012
  },
  "a23": {
    "x": 223.66745782422805,
    "y": 748.0000006080761,
    "width": 313.6057013206651,
    "height": 22.470308180522498
  },
  "a24": {
    "x": 223.66745782422805,
    "y": 771.6294548978623,
    "width": 313.6057013206651,
    "height": 22.470308180522636
  },
  "a25": {
    "x": 223.66745782422805,
    "y": 795.2589067553445,
    "width": 313.6057013206651,
    "height": 22.470308180522498
  },
  "a26": {
    "x": 223.66745782422805,
    "y": 818.8978616247032,
    "width": 313.6057013206651,
    "height": 22.46080760094998
  },
  "a27": {
    "x": 223.66745782422805,
    "y": 842.5273159144893,
    "width": 313.6057013206651,
    "height": 22.46080760095012
  },
  "a28": {
    "x": 223.66745782422805,
    "y": 866.1472671923991,
    "width": 313.6057013206651,
    "height": 22.47031061282667
  },
  "a29": {
    "x": 223.66745782422805,
    "y": 889.7862220617577,
    "width": 313.6057013206651,
    "height": 22.460810033254152
  },
  "a30": {
    "x": 223.66745782422805,
    "y": 913.4156763515439,
    "width": 313.6057013206651,
    "height": 22.46080760095012
  },
  "a31": {
    "x": 223.66745782422805,
    "y": 937.0451306413302,
    "width": 313.6057013206651,
    "height": 22.46080760095012
  },
  "a32": {
    "x": 223.66745782422805,
    "y": 960.6745849311166,
    "width": 313.6057013206651,
    "height": 22.46080760095012
  },
  "a33": {
    "x": 223.66745782422805,
    "y": 984.3040392209028,
    "width": 313.6057013206651,
    "height": 22.46080516864595
  },
  "a34": {
    "x": 223.66745782422805,
    "y": 1007.9334910783849,
    "width": 313.6057013206651,
    "height": 22.46080760094998
  },
  "a35": {
    "x": 223.66745782422805,
    "y": 1031.562945368171,
    "width": 313.6057013206651,
    "height": 22.470308180522498
  },
  "a36": {
    "x": 223.66745782422805,
    "y": 1055.1923996579571,
    "width": 313.6057013206651,
    "height": 22.460807600950258
  },
  "a37": {
    "x": 223.66745782422805,
    "y": 1078.8218515154394,
    "width": 313.6057013206651,
    "height": 22.47031061282667
  },
  "a38": {
    "x": 223.66745782422805,
    "y": 1102.4513058052257,
    "width": 313.6057013206651,
    "height": 22.47031061282653
  },
  "a39": {
    "x": 223.66745782422805,
    "y": 1126.080760095012,
    "width": 313.6057013206651,
    "height": 22.470308180522498
  },
  "a40": {
    "x": 223.66745782422805,
    "y": 1149.7197149643705,
    "width": 313.6057013206651,
    "height": 22.46080760095012
  },
  "a41": {
    "x": 223.66745782422805,
    "y": 1173.3491692541568,
    "width": 313.6057013206651,
    "height": 22.46080760095012
  },
  "a42": {
    "x": 223.66745782422805,
    "y": 1196.9691205320667,
    "width": 313.6057013206651,
    "height": 22.470308180522498
  },
  "a43": {
    "x": 223.66745782422805,
    "y": 1220.6080754014254,
    "width": 313.6057013206651,
    "height": 22.46080760094998
  },
  "a44": {
    "x": 223.66745782422805,
    "y": 1244.2375296912114,
    "width": 313.6057013206651,
    "height": 22.46080760095012
  },
  "a45": {
    "x": 223.66745782422805,
    "y": 1267.8669839809977,
    "width": 313.6057013206651,
    "height": 22.46080760095012
  },
  "c1": {
    "x": 717.8622333871735,
    "y": 229.5961989168646,
    "width": 239.5059382422803,
    "height": 22.46080760095012
  },
  "c2": {
    "x": 717.8622333871735,
    "y": 253.22565320665083,
    "width": 239.5059382422803,
    "height": 22.46080760095012
  },
  "c3": {
    "x": 717.8622333871735,
    "y": 276.8551074964371,
    "width": 239.5059382422803,
    "height": 21.00712649881235
  },
  "c4": {
    "x": 717.8622333871735,
    "y": 299.0308782517815,
    "width": 239.5059382422803,
    "height": 22.46080760095012
  },
  "c5": {
    "x": 717.8622333871735,
    "y": 322.6603325415677,
    "width": 239.5059382422803,
    "height": 22.46080760095012
  },
  "c6": {
    "x": 717.8622333871735,
    "y": 346.2897868313539,
    "width": 239.5059382422803,
    "height": 22.46080760095012
  },
  "c7": {
    "x": 717.8622333871735,
    "y": 369.91924112114015,
    "width": 239.5059382422803,
    "height": 22.46080516864609
  },
  "c8": {
    "x": 717.8622333871735,
    "y": 393.54869297862234,
    "width": 239.5059382422803,
    "height": 22.46080760095012
  },
  "c9": {
    "x": 717.8622333871735,
    "y": 417.17814726840857,
    "width": 239.5059382422803,
    "height": 22.46080760095012
  },
  "c10": {
    "x": 717.8622333871735,
    "y": 440.8076015581948,
    "width": 239.5059382422803,
    "height": 22.46080760095012
  },
  "c11": {
    "x": 717.8622333871735,
    "y": 464.437053415677,
    "width": 239.5059382422803,
    "height": 22.460810033254152
  },
  "c12": {
    "x": 717.8622333871735,
    "y": 488.0665077054632,
    "width": 239.5059382422803,
    "height": 22.46080760095012
  },
  "c13": {
    "x": 717.8622333871735,
    "y": 511.69596199524943,
    "width": 239.5059382422803,
    "height": 22.47030818052257
  },
  "c14": {
    "x": 717.8622333871735,