{
  "a1": {
    "x": 216.08551129691213,
    "y": 257.4726846935867,
    "width": 176.79809976247031,
    "height": 37.53919057482186
  },
  "a2": {
    "x": 216.08551129691213,
    "y": 296.1330166270784,
    "width": 176.79809976247031,
    "height": 31.106887144893115
  },
  "a3": {
    "x": 216.08551129691213,
    "y": 328.36104513064134,
    "width": 176.79809976247031,
    "height": 24.65558255581948
  },
  "a4": {
    "x": 216.08551129691213,
    "y": 354.1377666128266,
    "width": 176.79809976247031,
    "height": 24.65558255581948
  },
  "a5": {
    "x": 216.08551129691213,
    "y": 379.9144880950119,
    "width": 176.79809976247031,
    "height": 28.019004199524936
  },
  "a6": {
    "x": 216.08551129691213,
    "y": 409.05463122090265,
    "width": 176.79809976247031,
    "height": 28.019001767220907
  },
  "a7": {
    "x": 216.08551129691213,
    "y": 438.1947743467934,
    "width": 176.79809976247031,
    "height": 24.65558255581948
  },
  "b1": {
    "x": 508.32303977197154,
    "y": 257.4726846935867,
    "width": 330.91686400000003,
    "height": 849.8242280285036
  },
  "c1": {
    "x": 934.498812351544,
    "y": 257.4726846935867,
    "width": 141.5106876199525,
    "height": 37.53919057482186
  },
  "d1": {
    "x": 1209.938241064133,
    "y": 257.4726846935867,
    "width": 180.16152140617578,
    "height": 875.6104500902612
  },
  "e1": {
    "x": 1391.2209013966744,
    "y": 257.4726846935867,
    "width": 109.84323222802857,
    "height": 95.54394299287411
  },
  "e2": {
    "x": 1391.2209013966744,
    "y": 354.1377666128266,
    "width": 109.84323222802857,
    "height": 24.65558255581948
  },
  "e3": {
    "x": 1391.2209013966744,
    "y": 379.9144880950119,
    "width": 109.84323222802857,
    "height": 57.159144893111645
  },
  "e4": {
    "x": 1391.2209013966744,
    "y": 438.1947743467934,
    "width": 109.84323222802857,
    "height": 24.65558255581948
  },
  "f1": {
    "x": 1502.1852725510687,
    "y": 257.4726846935867,
    "width": 104.22802971971511,
    "height": 95.54394299287411
  },
  "g1": {
    "x": 1607.5344411971496,
    "y": 257.4726846935867,
    "width": 109.8337292161523,
    "height": 37.53919057482186
  },
  "g2": {
    "x": 1607.5344411971496,
    "y": 296.1330166270784,
    "width": 109.8337292161523,
    "height": 31.106887144893115
  },
  "h1": {
    "x": 1718.4893117719719,
    "y": 257.4726846935867,
    "width": 116.28503623752962,
    "height": 179.60094829453683
  },
  "h2": {
    "x": 1718.4893117719719,
    "y": 438.1947743467934,
    "width": 116.28503623752962,
    "height": 153.54869297862234
  }
}