{
  "a1": {
    "x": 173.8242286365796,
    "y": 338.6698331211402,
    "width": 130.09976186223278,
    "height": 713.9192399049881
  },
  "b1": {
    "x": 305.41567635154394,
    "y": 338.6698331211402,
    "width": 174.46080881710213,
    "height": 47.04038065558195
  },
  "b2": {
    "x": 305.41567635154394,
    "y": 387.2018996294537,
    "width": 174.46080881710213,
    "height": 48.228028503562946
  },
  "b3": {
    "x": 305.41567635154394,
    "y": 436.92161398574825,
    "width": 174.46080881710213,
    "height": 57.748219743467935
  },
  "b4": {
    "x": 305.41567635154394,
    "y": 496.16151958194774,
    "width": 174.46080881710213,
    "height": 56.57007247505938
  },
  "b5": {
    "x": 305.41567635154394,
    "y": 554.2137773301663,
    "width": 174.46080881710213,
    "height": 49.13064193824228
  },
  "b6": {
    "x": 305.41567635154394,
    "y": 604.8266021092637,
    "width": 174.46080881710213,
    "height": 49.12114135866983
  },
  "b7": {
    "x": 305.41567635154394,
    "y": 655.439429320665,
    "width": 174.46080881710213,
    "height": 49.12114135866997
  },
  "b8": {
    "x": 305.41567635154394,
    "y": 706.0522565320665,
    "width": 174.46080881710213,
    "height": 346.5368164940617
  },
  "c1": {
    "x": 570.0807594869359,
    "y": 338.6698331211402,
    "width": 134.56532127315916,
    "height": 47.04038065558195
  },
  "c2": {
    "x": 570.0807594869359,
    "y": 387.2018996294537,
    "width": 134.56532127315916,
    "height": 665.3871733966746
  },
  "d1": {
    "x": 706.1377666128266,
    "y": 338.6698331211402,
    "width": 119.38242462707845,
    "height": 47.04038065558195
  },
  "d2": {
    "x": 706.1377666128266,
    "y": 387.2018996294537,
    "width": 119.38242462707845,
    "height": 48.228028503562946
  },
  "d3": {
    "x": 706.1377666128266,
    "y": 436.92161398574825,
    "width": 119.38242462707845,
    "height": 57.748219743467935
  },
  "d4": {
    "x": 706.1377666128266,
    "y": 496.16151958194774,
    "width": 119.38242462707845,
    "height": 56.57007247505938
  },
  "d5": {
    "x": 706.1377666128266,
    "y": 554.2137773301663,
    "width": 119.38242462707845,
    "height": 498.37529569596194
  },
  "e1": {
    "x": 915.7244655581948,
    "y": 338.6698331211402,
    "width": 211.38242280285036,
    "height": 96.76009501187649
  },
  "e2": {
    "x": 915.7244655581948,
    "y": 436.92161398574825,
    "width": 211.38242280285036,
    "height": 57.748219743467935
  },
  "e3": {
    "x": 915.7244655581948,
    "y": 496.16151958194774,
    "width": 211.38242280285036,
    "height": 56.57007247505938
  },
  "e4": {
    "x": 915.7244655581948,
    "y": 554.2137773301663,
    "width": 211.38242280285036,
    "height": 49.13064193824228
  },
  "e5": {
    "x": 915.7244655581948,
    "y": 604.8266021092637,
    "width": 211.38242280285036,
    "height": 447.7624709168646
  },
  "f1": {
    "x": 1128.5890736342044,
    "y": 338.6698331211402,
    "width": 156.00000060807594,
    "height": 156.00000060807602
  },
  "f2": {
    "x": 1128.5890736342044,
    "y": 496.16151958194774,
    "width": 156.00000060807594,
    "height": 556.4275534441805
  },
  "h1": {
    "x": 1463.5249406175772,
    "y": 338.6698331211402,
    "width": 206.01425238954863,
    "height": 96.76009501187649
  },
  "h2": {
    "x": 1463.5249406175772,
    "y": 436.92161398574825,
    "width": 206.01425238954863,
    "height": 57.748219743467935
  },
  "h3": {
    "x": 1463.5249406175772,
    "y": 496.16151958194774,
    "width": 206.01425238954863,
    "height": 556.4275534441805
  }
}