{
  "a1": {
    "x": 124.19002436104513,
    "y": 351.73396674584325,
    "width": 254.58432121615203,
    "height": 26.337292161520192
  },
  "a2": {
    "x": 124.19002436104513,
    "y": 379.4869352589074,
    "width": 254.58432121615203,
    "height": 26.337292161520192
  },
  "a3": {
    "x": 124.19002436104513,
    "y": 407.23990620427554,
    "width": 254.58432121615203,
    "height": 26.33728972921616
  },
  "a4": {
    "x": 124.19002436104513,
    "y": 434.9928747173397,
    "width": 254.58432121615203,
    "height": 26.337292161520192
  },
  "a5": {
    "x": 124.19002436104513,
    "y": 462.7458432304038,
    "width": 254.58432121615203,
    "height": 26.327791581947743
  },
  "a6": {
    "x": 124.19002436104513,
    "y": 490.48931116389554,
    "width": 254.58432121615203,
    "height": 248.35154455106897
  },
  "b1": {
    "x": 380.1900243610451,
    "y": 351.73396674584325,
    "width": 175.2874103182898,
    "height": 81.84322918764846
  },
  "b2": {
    "x": 380.1900243610451,
    "y": 434.9928747173397,
    "width": 175.2874103182898,
    "height": 303.8479809976248
  },
  "c1": {
    "x": 622.5843236484561,
    "y": 351.73396674584325,
    "width": 245.52018941567698,
    "height": 26.337292161520192
  },
  "c2": {
    "x": 622.5843236484561,
    "y": 379.4869352589074,
    "width": 245.52018941567698,
    "height": 26.337292161520192
  },
  "c3": {
    "x": 622.5843236484561,
    "y": 407.23990620427554,
    "width": 245.52018941567698,
    "height": 54.09026067458433
  },
  "c4": {
    "x": 622.5843236484561,
    "y": 462.7458432304038,
    "width": 245.52018941567698,
    "height": 54.080760095011875
  },
  "c5": {
    "x": 622.5843236484561,
    "y": 518.2422796769597,
    "width": 245.52018941567698,
    "height": 26.337292161520192
  },
  "c6": {
    "x": 622.5843236484561,
    "y": 545.9952481900237,
    "width": 245.52018941567698,
    "height": 26.337294593824222
  },
  "c7": {
    "x": 622.5843236484561,
    "y": 573.748219135392,
    "width": 245.52018941567698,
    "height": 26.337292161520192
  },
  "c8": {
    "x": 622.5843236484561,
    "y": 601.501187648456,
    "width": 245.52018941567698,
    "height": 26.337292161520192
  },
  "c9": {
    "x": 622.5843236484561,
    "y": 629.2541561615202,
    "width": 245.52018941567698,
    "height": 26.337292161520192
  },
  "c10": {
    "x": 622.5843236484561,
    "y": 657.0071271068883,
    "width": 245.52018941567698,
    "height": 26.327789149643642
  },
  "c11": {
    "x": 622.5843236484561,
    "y": 684.7505950403801,
    "width": 245.52018941567698,
    "height": 26.33728972921616
  },
  "c12": {
    "x": 622.5843236484561,
    "y": 712.5035635534442,
    "width": 245.52018941567698,
    "height": 26.337292161520192
  },
  "d1": {
    "x": 869.5201894156769,
    "y": 351.73396674584325,
    "width": 175.2874127505939,
    "height": 387.1068889691212
  },
  "e1": {
    "x": 1111.9239917149644,
    "y": 351.73396674584325,
    "width": 136.769594375297,
    "height": 109.59620013301664
  },
  "e2": {
    "x": 1111.9239917149644,
    "y": 462.7458432304038,
    "width": 136.769594375297,
    "height": 81.83372860807602
  },
  "e3": {
    "x": 1111.9239917149644,
    "y": 545.9952481900237,
    "width": 136.769594375297,
    "height": 26.337294593824222
  },
  "e4": {
    "x": 1111.9239917149644,
    "y": 573.748219135392,
    "width": 136.769594375297,
    "height": 165.0926365795725
  },
  "f1": {
    "x": 1250.1092648741094,
    "y": 351.73396674584325,
    "width": 159.42992630878834,
    "height": 109.59620013301664
  },
  "f2": {
    "x": 1250.1092648741094,
    "y": 462.7458432304038,
    "width": 159.42992630878834,
    "height": 276.09501248456064
  },
  "h1": {
    "x": 1542.3467933491688,
    "y": 351.73396674584325,
    "width": 171.89548693586698,
    "height": 137.33966806650832
  },
  "h2": {
    "x": 1542.3467933491688,
    "y": 490.48931116389554,
    "width": 171.89548693586698,
    "height": 248.35154455106897
  }
}