{
  "a1": {
    "x": 144.40855167695963,
    "y": 336.62707960095014,
    "width": 137.0166264703088,
    "height": 679.9619940332542
  },
  "b1": {
    "x": 283.1163907648456,
    "y": 336.62707960095014,
    "width": 152.0190023752969,
    "height": 162.48930994774346
  },
  "b2": {
    "x": 283.1163907648456,
    "y": 500.8171027458433,
    "width": 152.0190023752969,
    "height": 38.213775505938244
  },
  "b3": {
    "x": 283.1163907648456,
    "y": 540.7315914489311,
    "width": 152.0190023752969,
    "height": 475.85748218527317
  },
  "c1": {
    "x": 538.1757725795725,
    "y": 336.62707960095014,
    "width": 165.32066508313548,
    "height": 39.34441744418053
  },
  "c2": {
    "x": 538.1757725795725,
    "y": 377.6722102422803,
    "width": 165.32066508313548,
    "height": 39.34441744418053
  },
  "c3": {
    "x": 538.1757725795725,
    "y": 418.71734088361046,
    "width": 165.32066508313548,
    "height": 39.353918023752975
  },
  "c4": {
    "x": 538.1757725795725,
    "y": 459.7624715249406,
    "width": 165.32066508313548,
    "height": 556.8266021092637
  },
  "d1": {
    "x": 705.1971508598576,
    "y": 336.62707960095014,
    "width": 174.09976003800463,
    "height": 121.4441793064133
  },
  "d2": {
    "x": 705.1971508598576,
    "y": 459.7624715249406,
    "width": 174.09976003800463,
    "height": 79.26840672684087
  },
  "d3": {
    "x": 705.1971508598576,
    "y": 540.7315914489311,
    "width": 174.09976003800463,
    "height": 475.85748218527317
  },
  "e1": {
    "x": 982.3372927695963,
    "y": 336.62707960095014,
    "width": 143.23990498812353,
    "height": 162.48930994774346
  },
  "e2": {
    "x": 982.3372927695963,
    "y": 500.8171027458433,
    "width": 143.23990498812353,
    "height": 38.213775505938244
  },
  "e3": {
    "x": 982.3372927695963,
    "y": 540.7315914489311,
    "width": 143.23990498812353,
    "height": 47.83848041805226
  },
  "e4": {
    "x": 982.3372927695963,
    "y": 590.2707850641331,
    "width": 143.23990498812353,
    "height": 28.874107439429935
  },
  "e5": {
    "x": 982.3372927695963,
    "y": 620.8456057007127,
    "width": 143.23990498812353,
    "height": 395.74346793349173
  },
  "f1": {
    "x": 1127.2779109548696,
    "y": 336.62707960095014,
    "width": 153.14964188123508,
    "height": 162.48930994774346
  },
  "f2": {
    "x": 1127.2779109548696,
    "y": 500.8171027458433,
    "width": 153.14964188123508,
    "height": 38.213775505938244
  },
  "f3": {
    "x": 1127.2779109548696,
    "y": 540.7315914489311,
    "width": 153.14964188123508,
    "height": 47.83848041805226
  },
  "f4": {
    "x": 1127.2779109548696,
    "y": 590.2707850641331,
    "width": 153.14964188123508,
    "height": 28.874107439429935
  },
  "f5": {
    "x": 1127.2779109548696,
    "y": 620.8456057007127,
    "width": 153.14964188123508,
    "height": 395.74346793349173
  },
  "h1": {
    "x": 1484.8076009501187,
    "y": 336.62707960095014,
    "width": 178.06175711163903,
    "height": 251.94299226603326
  },
  "h2": {
    "x": 1484.8076009501187,
    "y": 590.2707850641331,
    "width": 178.06175711163903,
    "height": 181.73871733966746
  },
  "h3": {
    "x": 1484.8076009501187,
    "y": 773.7102131686461,
    "width": 178.06175711163903,
    "height": 151.16389670308803
  },
  "h4": {
    "x": 1484.8076009501187,
    "y": 926.5748206365796,
    "width": 178.06175711163903,
    "height": 90.01425299762471
  }
}