{
  "a1": {
    "x": 132.1235142232779,
    "y": 344.3705457102138,
    "width": 285.24465679809975,
    "height": 42.0332541567696
  },
  "a2": {
    "x": 132.1235142232779,
    "y": 388.08551190498815,
    "width": 285.24465679809975,
    "height": 42.0332541567696
  },
  "a3": {
    "x": 132.1235142232779,
    "y": 431.80047566745844,
    "width": 285.24465679809975,
    "height": 42.02375357719715
  },
  "a4": {
    "x": 132.1235142232779,
    "y": 475.5059388503563,
    "width": 285.24465679809975,
    "height": 20.180522565320665
  },
  "a5": {
    "x": 132.1235142232779,
    "y": 497.3681710213777,
    "width": 285.24465679809975,
    "height": 63.88598574821853
  },
  "a6": {
    "x": 132.1235142232779,
    "y": 562.9358663752969,
    "width": 285.24465679809975,
    "height": 20.17102198574822
  },
  "b1": {
    "x": 419.0498806270784,
    "y": 344.3705457102138,
    "width": 175.97149582897862,
    "height": 63.88598574821853
  },
  "b2": {
    "x": 419.0498806270784,
    "y": 409.938241064133,
    "width": 175.97149582897862,
    "height": 63.88598818052256
  },
  "b3": {
    "x": 419.0498806270784,
    "y": 475.5059388503563,
    "width": 175.97149582897862,
    "height": 63.88598574821853
  },
  "b4": {
    "x": 419.0498806270784,
    "y": 541.0736342042755,
    "width": 175.97149582897862,
    "height": 63.88598574821853
  },
  "b5": {
    "x": 419.0498806270784,
    "y": 606.6413295581948,
    "width": 126.93586698337293,
    "height": 326.15676959619947
  },
  "c1": {
    "x": 732.8741098717339,
    "y": 344.3705457102138,
    "width": 191.94299165795726,
    "height": 20.180522565320665
  },
  "c2": {
    "x": 732.8741098717339,
    "y": 366.23277788123517,
    "width": 191.94299165795726,
    "height": 20.17102198574822
  },
  "c3": {
    "x": 732.8741098717339,
    "y": 388.08551190498815,
    "width": 191.94299165795726,
    "height": 20.171019553444186
  },
  "c4": {
    "x": 732.8741098717339,
    "y": 409.938241064133,
    "width": 191.94299165795726,
    "height": 20.180524997624698
  },
  "c5": {
    "x": 732.8741098717339,
    "y": 431.80047566745844,
    "width": 191.94299165795726,
    "height": 20.171019553444186
  },
  "c6": {
    "x": 732.8741098717339,
    "y": 453.6532072589074,
    "width": 191.94299165795726,
    "height": 20.17102198574822
  },
  "c7": {
    "x": 732.8741098717339,
    "y": 475.5059388503563,
    "width": 191.94299165795726,
    "height": 20.180522565320665
  },
  "c8": {
    "x": 732.8741098717339,
    "y": 497.3681710213777,
    "width": 191.94299165795726,
    "height": 20.17102198574822
  },
  "c9": {
    "x": 732.8741098717339,
    "y": 519.2209026128266,
    "width": 191.94299165795726,
    "height": 20.17102198574822
  },
  "c10": {
    "x": 732.8741098717339,
    "y": 541.0736342042755,
    "width": 191.94299165795726,
    "height": 20.180522565320665
  },
  "c11": {
    "x": 732.8741098717339,
    "y": 562.9358663752969,
    "width": 191.94299165795726,
    "height": 20.17102198574822
  },
  "c12": {
    "x": 732.8741098717339,
    "y": 584.7885979667459,
    "width": 191.94299165795726,
    "height": 20.17102198574822
  },
  "c13": {
    "x": 732.8741098717339,
    "y": 606.6413295581948,
    "width": 191.94299165795726,
    "height": 20.180522565320597
  },
  "c14": {
    "x": 732.8741098717339,
    "y": 628.4940611496437,
    "width": 191.94299165795726,
    "height": 20.180522565320665
  },
  "c15": {
    "x": 732.8741098717339,
    "y": 650.356293320665,
    "width": 191.94299165795726,
    "height": 20.171021985748286
  },
  "c16": {
    "x": 732.8741098717339,
    "y": 672.2090273444181,
    "width": 191.94299165795726,
    "height": 20.17101955344412
  },
  "c17": {
    "x": 732.8741098717339,
    "y": 694.0617565035628,
    "width": 191.94299165795726,
    "height": 20.180524997624836
  },
  "c18": {
    "x": 732.8741098717339,
    "y": 715.9239911068884,
    "width": 191.94299165795726,
    "height": 20.171019553444257
  },
  "c19": {
    "x": 732.8741098717339,
    "y": 737.7767226983374,
    "width": 191.94299165795726,
    "height": 20.171021985748148
  },
  "c20": {
    "x": 732.8741098717339,
    "y": 759.6294542897862,
    "width": 191.94299165795726,
    "height": 20.180522565320803
  },
  "c21": {
    "x": 732.8741098717339,
    "y": 781.4916864608076,
    "width": 191.94299165795726,
    "height": 20.171021985748286
  },
  "c22": {
    "x": 732.8741098717339,
    "y": 803.3444180522565,
    "width": 191.94299165795726,
    "height": 20.171021985748286
  },
  "c23": {
    "x": 732.8741098717339,
    "y": 825.1971496437055,
    "width": 191.94299165795726,
    "height": 20.180522565320665
  },
  "c24": {
    "x": 732.8741098717339,
    "y": 847.0593818147269,
    "width": 191.94299165795726,
    "height": 20.171021985748286
  },
  "c25": {
    "x": 732.8741098717339,
    "y": 868.9121134061758,
    "width": 191.94299165795726,
    "height": 20.171021985748286
  },
  "c26": {
    "x": 732.8741098717339,
    "y": 890.7648449976247,
    "width": 191.94299165795726,
    "height": 20.180522565320665
  },
  "c27": {
    "x": 732.8741098717339,
    "y": 912.6270796009502,
    "width": 191.94299165795726,
    "height": 20.17101955344412
  },
  "e1": {
    "x": 1068.83610512114,
    "y": 344.3705457102138,
    "width": 142.9073628123516,
    "height": 85.74822035154394
  },
  "e2": {
    "x": 1068.83610512114,
    "y": 431.80047566745844,
    "width": 142.9073628123516,
    "height": 20.171019553444186
  },
  "e3": {
    "x": 1068.83610512114,
    "y": 453.6532072589074,
    "width": 142.9073628123516,
    "height": 42.0332541567696
  },
  "e4": {
    "x": 1068.83610512114,
    "y": 497.3681710213777,
    "width": 142.9073628123516,
    "height": 42.02375357719715
  },
  "f1": {
    "x": 1213.4251775391924,
    "y": 344.3705457102138,
    "width": 138.1377678289787,
    "height": 85.74822035154394
  },
  "f2": {
    "x": 1213.4251775391924,
    "y": 431.80047566745844,
    "width": 138.1377678289787,
    "height": 20.171019553444186
  },
  "f3": {
    "x": 1213.4251775391924,
    "y": 453.6532072589074,
    "width": 138.1377678289787,
    "height": 42.0332541567696
  },
  "f4": {
    "x": 1213.4251775391924,
    "y": 497.3681710213777,
    "width": 138.1377678289787,
    "height": 20.17102198574822
  },
  "f5": {
    "x": 1213.4251775391924,
    "y": 519.2209026128266,
    "width": 138.1377678289787,
    "height": 20.17102198574822
  },
  "h1": {
    "x": 1495.581946527316,
    "y": 344.3705457102138,
    "width": 145.42517936342057,
    "height": 85.74822035154394
  },
  "h2": {
    "x": 1495.581946527316,
    "y": 431.80047566745844,
    "width": 145.42517936342057,
    "height": 42.02375357719715
  },
  "h3": {
    "x": 1495.581946527316,
    "y": 475.5059388503563,
    "width": 97.51068944418073,
    "height": 457.29216030403796
  }
}
