{
  "a1": {
    "x": 135.4394305368171,
    "y": 328.24703087885985,
    "width": 191.1353913159145,
    "height": 64.26603325415677
  },
  "a2": {
    "x": 135.4394305368171,
    "y": 393.8907357339668,
    "width": 191.1353913159145,
    "height": 64.25653267458432
  },
  "a3": {
    "x": 135.4394305368171,
    "y": 459.5344430213777,
    "width": 191.1353913159145,
    "height": 64.25653024228029
  },
  "a4": {
    "x": 135.4394305368171,
    "y": 525.1781478764846,
    "width": 191.1353913159145,
    "height": 64.25653267458432
  },
  "a5": {
    "x": 135.4394305368171,
    "y": 590.812352152019,
    "width": 191.1353913159145,
    "height": 458.10926365795734
  },
  "b1": {
    "x": 327.9524934536817,
    "y": 328.24703087885985,
    "width": 273.8717357909739,
    "height": 64.26603325415677
  },
  "b2": {
    "x": 327.9524934536817,
    "y": 393.8907357339668,
    "width": 273.8717357909739,
    "height": 64.25653267458432
  },
  "b3": {
    "x": 327.9524934536817,
    "y": 459.5344430213777,
    "width": 273.8717357909739,
    "height": 64.25653024228029
  },
  "b4": {
    "x": 327.9524934536817,
    "y": 525.1781478764846,
    "width": 273.8717357909739,
    "height": 523.7434679334917
  },
  "c1": {
    "x": 663.3254162850355,
    "y": 328.24703087885985,
    "width": 191.13539131591457,
    "height": 64.26603325415677
  },
  "c2": {
    "x": 663.3254162850355,
    "y": 393.8907357339668,
    "width": 191.13539131591457,
    "height": 64.25653267458432
  },
  "c3": {
    "x": 663.3254162850355,
    "y": 459.5344430213777,
    "width": 191.13539131591457,
    "height": 64.25653024228029
  },
  "c4": {
    "x": 663.3254162850355,
    "y": 525.1781478764846,
    "width": 191.13539131591457,
    "height": 64.25653267458432
  },
  "c5": {
    "x": 663.3254162850355,
    "y": 590.812352152019,
    "width": 191.13539131591457,
    "height": 64.26603325415684
  },
  "c6": {
    "x": 663.3254162850355,
    "y": 656.4560570071259,
    "width": 191.13539131591457,
    "height": 392.46555880285047
  },
  "d1": {
    "x": 855.8384792019002,
    "y": 328.24703087885985,
    "width": 273.87173579097396,
    "height": 64.26603325415677
  },
  "d2": {
    "x": 855.8384792019002,
    "y": 393.8907357339668,
    "width": 273.87173579097396,
    "height": 64.25653267458432
  },
  "d3": {
    "x": 855.8384792019002,
    "y": 459.5344430213777,
    "width": 273.87173579097396,
    "height": 64.25653024228029
  },
  "d4": {
    "x": 855.8384792019002,
    "y": 525.1781478764846,
    "width": 273.87173579097396,
    "height": 64.25653267458432
  },
  "d5": {
    "x": 855.8384792019002,
    "y": 590.812352152019,
    "width": 273.87173579097396,
    "height": 458.10926365795734
  },
  "e1": {
    "x": 1229.5486923705462,
    "y": 328.24703087885985,
    "width": 131.01187830878868,
    "height": 97.08313660807602
  },
  "e2": {
    "x": 1229.5486923705462,
    "y": 426.707839087886,
    "width": 131.01187830878868,
    "height": 97.08313417577197
  },
  "e3": {
    "x": 1191.2209026128266,
    "y": 525.1781478764846,
    "width": 169.33966806650824,
    "height": 64.25653267458432
  },
  "e4": {
    "x": 1191.2209026128266,
    "y": 590.812352152019,
    "width": 169.33966806650824,
    "height": 64.26603325415684
  },
  "e5": {
    "x": 1191.2209026128266,
    "y": 656.4560570071259,
    "width": 169.33966806650824,
    "height": 392.46555880285047
  },
  "f1": {
    "x": 1361.938242280285,
    "y": 328.24703087885985,
    "width": 141.4916864608076,
    "height": 195.5439423847981
  },
  "f2": {
    "x": 1361.938242280285,
    "y": 525.1781478764846,
    "width": 141.4916864608076,
    "height": 64.25653267458432
  },
  "f3": {
    "x": 1361.938242280285,
    "y": 590.812352152019,
    "width": 141.4916864608076,
    "height": 458.10926365795734
  },
  "h1": {
    "x": 1564.9311157814727,
    "y": 328.24703087885985,
    "width": 144.52256592874102,
    "height": 392.47505938242284
  },
  "h2": {
    "x": 1564.9311157814727,
    "y": 722.0997618622328,
    "width": 144.52256592874102,
    "height": 326.8218539477436
  }
}
