{
  "a1": {
    "x": 125.30166270783849,
    "y": 350.1282666413302,
    "width": 191.36341981947746,
    "height": 54.080760095011875
  },
  "a2": {
    "x": 125.30166270783849,
    "y": 405.60569949643707,
    "width": 191.36341981947746,
    "height": 54.07125951543943
  },
  "a3": {
    "x": 125.30166270783849,
    "y": 461.083134783848,
    "width": 191.36341981947746,
    "height": 54.07125951543943
  },
  "a4": {
    "x": 125.30166270783849,
    "y": 516.5510694916865,
    "width": 191.36341981947746,
    "height": 54.080760095011875
  },
  "a5": {
    "x": 125.30166270783849,
    "y": 572.0285047790974,
    "width": 191.36341981947746,
    "height": 74.24227906888362
  },
  "a6": {
    "x": 125.30166270783849,
    "y": 647.6769596199525,
    "width": 191.36341981947746,
    "height": 36.41805164845599
  },
  "a7": {
    "x": 125.30166270783849,
    "y": 685.50118704038,
    "width": 191.36341981947746,
    "height": 36.418054080760164
  },
  "a8": {
    "x": 125.30166270783849,
    "y": 723.3254144608077,
    "width": 191.36341981947746,
    "height": 36.418054080760164
  },
  "a9": {
    "x": 125.30166270783849,
    "y": 761.140143733967,
    "width": 191.36341981947746,
    "height": 36.42755222802837
  },
  "b1": {
    "x": 318.061757719715,
    "y": 350.1282666413302,
    "width": 155.4964358384798,
    "height": 220.50356294536817
  },
  "b2": {
    "x": 318.061757719715,
    "y": 572.0285047790974,
    "width": 155.4964358384798,
    "height": 546.8978616247032
  },
  "c1": {
    "x": 547.8004750593824,
    "y": 350.1282666413302,
    "width": 228.34204214726836,
    "height": 54.080760095011875
  },
  "c2": {
    "x": 547.8004750593824,
    "y": 405.60569949643707,
    "width": 228.34204214726836,
    "height": 54.07125951543943
  },
  "c3": {
    "x": 547.8004750593824,
    "y": 461.083134783848,
    "width": 228.34204214726836,
    "height": 109.54869480285036
  },
  "c4": {
    "x": 547.8004750593824,
    "y": 572.0285047790974,
    "width": 228.34204214726836,
    "height": 74.24227906888362
  },
  "c5": {
    "x": 547.8004750593824,
    "y": 647.6769596199525,
    "width": 228.34204214726836,
    "height": 36.41805164845599
  },
  "c6": {
    "x": 547.8004750593824,
    "y": 685.50118704038,
    "width": 228.34204214726836,
    "height": 36.418054080760164
  },
  "c7": {
    "x": 547.8004750593824,
    "y": 723.3254144608077,
    "width": 228.34204214726836,
    "height": 36.418054080760164
  },
  "c8": {
    "x": 547.8004750593824,
    "y": 761.140143733967,
    "width": 228.34204214726836,
    "height": 36.42755222802837
  },
  "c9": {
    "x": 547.8004750593824,
    "y": 798.9643711543944,
    "width": 228.34204214726836,
    "height": 36.42755222802837
  },
  "c10": {
    "x": 547.8004750593824,
    "y": 836.7885985748219,
    "width": 228.34204214726836,
    "height": 36.42755222802851
  },
  "c11": {
    "x": 547.8004750593824,
    "y": 874.6128259952495,
    "width": 228.34204214726836,
    "height": 36.42755466033254
  },
  "c12": {
    "x": 547.8004750593824,
    "y": 912.437053415677,
    "width": 228.34204214726836,
    "height": 36.42755466033254
  },
  "d1": {
    "x": 777.5486929786223,
    "y": 350.1282666413302,
    "width": 157.7292179762471,
    "height": 109.54869237054632
  },
  "d2": {
    "x": 777.5486929786223,
    "y": 461.083134783848,
    "width": 157.7292179762471,
    "height": 54.07125951543943
  },
  "e1": {
    "x": 1011.771970888361,
    "y": 350.1282666413302,
    "width": 170.06175832779104,
    "height": 109.54869237054632
  },
  "e2": {
    "x": 1011.771970888361,
    "y": 461.083134783848,
    "width": 170.06175832779104,
    "height": 54.07125951543943
  },
  "e3": {
    "x": 1011.771970888361,
    "y": 516.5510694916865,
    "width": 170.06175832779104,
    "height": 91.89548693586698
  },
  "e4": {
    "x": 1011.771970888361,
    "y": 609.852732199525,
    "width": 170.06175832779104,
    "height": 74.24227906888355
  },
  "e5": {
    "x": 1011.771970888361,
    "y": 685.50118704038,
    "width": 170.06175832779104,
    "height": 74.24228150118779
  },
  "f1": {
    "x": 1183.2304044085513,
    "y": 350.1282666413302,
    "width": 199.20189902137767,
    "height": 109.54869237054632
  },
  "f2": {
    "x": 1183.2304044085513,
    "y": 461.083134783848,
    "width": 199.20189902137767,
    "height": 374.3087885985748
  },
  "h1": {
    "x": 1534.0047518099761,
    "y": 350.1282666413302,
    "width": 146.53681527790997,
    "height": 768.7980997624703
  }
}