{
  "a1": {
    "x": 143.99049942042757,
    "y": 291.8859851401425,
    "width": 261.9477422517815,
    "height": 162.71734088361046
  },
  "a2": {
    "x": 143.99049942042757,
    "y": 456.59857421377677,
    "width": 261.9477422517815,
    "height": 219.0593824228028
  },
  "a3": {
    "x": 143.99049942042757,
    "y": 677.6627078384798,
    "width": 261.9477422517815,
    "height": 328.8646074679334
  },
  "a4": {
    "x": 143.99049942042757,
    "y": 1008.5320665083136,
    "width": 261.9477422517815,
    "height": 77.50118704037999
  },
  "b1": {
    "x": 407.9429928741093,
    "y": 291.8859851401425,
    "width": 159.27790973871734,
    "height": 537.0546336532067
  },
  "b2": {
    "x": 407.9429928741093,
    "y": 830.9453675629453,
    "width": 159.27790973871734,
    "height": 91.79097569596206
  },
  "b3": {
    "x": 407.9429928741093,
    "y": 924.7410920285035,
    "width": 159.27790973871734,
    "height": 81.78622327790974
  },
  "b4": {
    "x": 407.9429928741093,
    "y": 1008.5320665083136,
    "width": 159.27790973871734,
    "height": 77.50118704037999
  },
  "d1": {
    "x": 699.914488095012,
    "y": 291.8859851401425,
    "width": 177.01662768646074,
    "height": 162.71734088361046
  },
  "d2": {
    "x": 699.914488095012,
    "y": 456.59857421377677,
    "width": 177.01662768646074,
    "height": 372.3420445795725
  },
  "d3": {
    "x": 699.914488095012,
    "y": 830.9453675629453,
    "width": 177.01662768646074,
    "height": 255.08788598574824
  },
  "e1": {
    "x": 951.0023746888362,
    "y": 291.8859851401425,
    "width": 130.11876545368165,
    "height": 383.771971496437
  },
  "e2": {
    "x": 951.0023746888362,
    "y": 677.6627078384798,
    "width": 130.11876545368165,
    "height": 151.27791095486936
  },
  "e3": {
    "x": 951.0023746888362,
    "y": 830.9453675629453,
    "width": 130.11876545368165,
    "height": 175.58194774346794
  },
  "e4": {
    "x": 951.0023746888362,
    "y": 1008.5320665083136,
    "width": 130.11876545368165,
    "height": 77.50118704037999
  },
  "f1": {
    "x": 1083.1258913444183,
    "y": 291.8859851401425,
    "width": 225.05463243705472,
    "height": 162.71734088361046
  },
  "f2": {
    "x": 1083.1258913444183,
    "y": 456.59857421377677,
    "width": 225.05463243705472,
    "height": 219.0593824228028
  },
  "h1": {
    "x": 1522.9453669548693,
    "y": 291.8859851401425,
    "width": 175.2969133301664,
    "height": 162.71734088361046
  },
  "h2": {
    "x": 1522.9453669548693,
    "y": 456.59857421377677,
    "width": 175.2969133301664,
    "height": 629.4346793349168
  }
}
