{
  "a1": {
    "x": 126.41330105463183,
    "y": 329.04513064133016,
    "width": 189.85273280760094,
    "height": 23.695963211401423
  },
  "a2": {
    "x": 126.41330105463183,
    "y": 354.1852743752969,
    "width": 189.85273280760094,
    "height": 48.83610208076011
  },
  "a3": {
    "x": 126.41330105463183,
    "y": 404.4655569786224,
    "width": 189.85273280760094,
    "height": 23.695963211401423
  },
  "a4": {
    "x": 126.41330105463183,
    "y": 429.6057007125891,
    "width": 189.85273280760094,
    "height": 23.686460199524944
  },
  "a5": {
    "x": 126.41330105463183,
    "y": 454.73634143467933,
    "width": 189.85273280760094,
    "height": 23.695963211401423
  },
  "a6": {
    "x": 126.41330105463183,
    "y": 479.8764851686461,
    "width": 189.85273280760094,
    "height": 23.69596077909739
  },
  "b1": {
    "x": 317.7102143847981,
    "y": 329.04513064133016,
    "width": 114.13776661282661,
    "height": 601.9002387458432
  },
  "c1": {
    "x": 508.4180528646081,
    "y": 329.04513064133016,
    "width": 251.68645959144888,
    "height": 23.695963211401423
  },
  "c2": {
    "x": 508.4180528646081,
    "y": 354.1852743752969,
    "width": 251.68645959144888,
    "height": 23.69596077909739
  },
  "c3": {
    "x": 508.4180528646081,
    "y": 379.32541567695966,
    "width": 251.68645959144888,
    "height": 23.69596077909739
  },
  "c4": {
    "x": 508.4180528646081,
    "y": 404.4655569786224,
    "width": 251.68645959144888,
    "height": 23.695963211401423
  },
  "c5": {
    "x": 508.4180528646081,
    "y": 429.6057007125891,
    "width": 251.68645959144888,
    "height": 23.686460199524944
  },
  "c6": {
    "x": 508.4180528646081,
    "y": 454.73634143467933,
    "width": 251.68645959144888,
    "height": 23.695963211401423
  },
  "c7": {
    "x": 508.4180528646081,
    "y": 479.8764851686461,
    "width": 251.68645959144888,
    "height": 23.69596077909739
  },
  "c8": {
    "x": 508.4180528646081,
    "y": 505.01662647030884,
    "width": 251.68645959144888,
    "height": 23.695963211401423
  },
  "c9": {
    "x": 508.4180528646081,
    "y": 530.1567702042755,
    "width": 251.68645959144888,
    "height": 23.69596077909739
  },
  "c10": {
    "x": 508.4180528646081,
    "y": 555.2969115059383,
    "width": 251.68645959144888,
    "height": 23.695963211401423
  },
  "c11": {
    "x": 508.4180528646081,
    "y": 580.437055239905,
    "width": 251.68645959144888,
    "height": 23.69596077909739
  },
  "c12": {
    "x": 508.4180528646081,
    "y": 605.5771965415677,
    "width": 251.68645959144888,
    "height": 23.69596321140149
  },
  "c13": {
    "x": 508.4180528646081,
    "y": 630.7173402755345,
    "width": 251.68645959144888,
    "height": 23.695960779097252
  },
  "d1": {
    "x": 761.5486929786223,
    "y": 329.04513064133016,
    "width": 114.13776904513071,
    "height": 601.9002387458432
  },
  "e1": {
    "x": 952.2565314584323,
    "y": 329.04513064133016,
    "width": 215.2779109548695,
    "height": 99.11638954869359
  },
  "e2": {
    "x": 952.2565314584323,
    "y": 429.6057007125891,
    "width": 215.2779109548695,
    "height": 23.686460199524944
  },
  "e3": {
    "x": 952.2565314584323,
    "y": 454.73634143467933,
    "width": 215.2779109548695,
    "height": 23.695963211401423
  },
  "e4": {
    "x": 952.2565314584323,
    "y": 479.8764851686461,
    "width": 215.2779109548695,
    "height": 23.69596077909739
  },
  "f1": {
    "x": 1168.9786229358672,
    "y": 329.04513064133016,
    "width": 161.52969060332535,
    "height": 99.11638954869359
  },
  "f2": {
    "x": 1168.9786229358672,
    "y": 429.6057007125891,
    "width": 161.52969060332535,
    "height": 23.686460199524944
  },
  "f3": {
    "x": 1168.9786229358672,
    "y": 454.73634143467933,
    "width": 161.52969060332535,
    "height": 23.695963211401423
  },
  "f4": {
    "x": 1168.9786229358672,
    "y": 479.8764851686461,
    "width": 161.52969060332535,
    "height": 23.69596077909739
  },
  "f5": {
    "x": 1168.9786229358672,
    "y": 505.01662647030884,
    "width": 161.52969060332535,
    "height": 23.695963211401423
  },
  "h1": {
    "x": 1482.2042743182897,
    "y": 329.04513064133016,
    "width": 173.66270905463196,
    "height": 149.3871740047506
  },
  "h2": {
    "x": 1482.2042743182897,
    "y": 479.8764851686461,
    "width": 173.66270905463196,
    "height": 48.836104513064136
  },
  "h3": {
    "x": 1482.2042743182897,
    "y": 530.1567702042755,
    "width": 173.66270905463196,
    "height": 99.11638954869366
  }
}
