{
  "a1": {
    "x": 187.1028269441376,
    "y": 332.29994295691836,
    "width": 247.139174951597,
    "height": 42.06725404981648
  },
  "a2": {
    "x": 187.1028269441376,
    "y": 375.58350792621366,
    "width": 247.139174951597,
    "height": 42.06725404981648
  },
  "a3": {
    "x": 187.1028269441376,
    "y": 418.8670728955089,
    "width": 247.139174951597,
    "height": 85.36032084001472
  },
  "a4": {
    "x": 187.1028269441376,
    "y": 505.4437046550024,
    "width": 247.139174951597,
    "height": 128.6438833766881
  },
  "a5": {
    "x": 187.1028269441376,
    "y": 635.2943971302665,
    "width": 247.139174951597,
    "height": 42.07675587071945
  },
  "a6": {
    "x": 187.1028269441376,
    "y": 678.5874639204646,
    "width": 247.139174951597,
    "height": 42.067254049816555
  },
  "a7": {
    "x": 187.1028269441376,
    "y": 721.87102888976,
    "width": 247.139174951597,
    "height": 42.06725161719458
  },
  "a8": {
    "x": 187.1028269441376,
    "y": 765.1545914264334,
    "width": 247.139174951597,
    "height": 42.076758303341286
  },
  "a9": {
    "x": 187.1028269441376,
    "y": 808.4381563957286,
    "width": 247.139174951597,
    "height": 42.07675587071945
  },
  "a10": {
    "x": 187.1028269441376,
    "y": 851.7312231859269,
    "width": 247.139174951597,
    "height": 42.067254049816555
  },
  "a11": {
    "x": 187.1028269441376,
    "y": 895.0147881552222,
    "width": 247.139174951597,
    "height": 42.067254049816555
  },
  "a12": {
    "x": 187.1028269441376,
    "y": 938.2983531245176,
    "width": 247.139174951597,
    "height": 42.07675587071945
  },
  "a13": {
    "x": 187.1028269441376,
    "y": 981.5819156611909,
    "width": 247.139174951597,
    "height": 42.076758303341286
  },
  "a14": {
    "x": 187.1028269441376,
    "y": 1024.874984884011,
    "width": 247.139174951597,
    "height": 42.06725161719458
  },
  "a15": {
    "x": 187.1028269441376,
    "y": 1068.1585474206843,
    "width": 247.139174951597,
    "height": 42.067254049816555
  },
  "a16": {
    "x": 187.1028269441376,
    "y": 1111.4421123899797,
    "width": 247.139174951597,
    "height": 42.07675587071945
  },
  "a17": {
    "x": 187.1028269441376,
    "y": 1154.725677359275,
    "width": 247.139174951597,
    "height": 42.07675587071945
  },
  "a18": {
    "x": 187.1028269441376,
    "y": 1198.0187441494734,
    "width": 247.139174951597,
    "height": 42.06725404981641
  },
  "c1": {
    "x": 633.6504775113139,
    "y": 332.29994295691836,
    "width": 221.65365900058188,
    "height": 85.35081901911175
  },
  "c2": {
    "x": 633.6504775113139,
    "y": 418.8670728955089,
    "width": 221.65365900058188,
    "height": 85.36032084001472
  },
  "c3": {
    "x": 633.6504775113139,
    "y": 505.4437046550024,
    "width": 221.65365900058188,
    "height": 42.06725161719465
  },
  "d1": {
    "x": 856.5204474313746,
    "y": 332.29994295691836,
    "width": 128.21627710983626,
    "height": 171.92745077860528
  },
  "e1": {
    "x": 1047.4337502524083,
    "y": 332.29994295691836,
    "width": 221.65365900058188,
    "height": 85.35081901911175
  },
  "e2": {
    "x": 1047.4337502524083,
    "y": 418.8670728955089,
    "width": 221.65365900058188,
    "height": 42.07675587071945
  },
  "e3": {
    "x": 1047.4337502524083,
    "y": 462.1506378648042,
    "width": 221.65365900058188,
    "height": 42.07675587071945
  },
  "e4": {
    "x": 1047.4337502524083,
    "y": 505.4437046550024,
    "width": 221.65365900058188,
    "height": 42.06725161719465
  },
  "e5": {
    "x": 1047.4337502524083,
    "y": 548.7272671916759,
    "width": 221.65365900058188,
    "height": 42.06725404981648
  },
  "f1": {
    "x": 1270.303720172469,
    "y": 332.29994295691836,
    "width": 128.21627710983626,
    "height": 85.35081901911175
  },
  "h1": {
    "x": 1522.6977402178431,
    "y": 332.29994295691836,
    "width": 221.66316082148492,
    "height": 85.35081901911175
  },
  "h2": {
    "x": 1522.6977402178431,
    "y": 418.8670728955089,
    "width": 221.66316082148492,
    "height": 128.64388337668817
  },
  "h3": {
    "x": 1522.6977402178431,
    "y": 548.7272671916759,
    "width": 221.66316082148492,
    "height": 85.36032084001467
  },
  "h4": {
    "x": 1522.6977402178431,
    "y": 635.2943971302665,
    "width": 221.66316082148492,
    "height": 85.3603208400148
  }
}