{
  "a1": {
    "x": 321.4726846935867,
    "y": 257.7577191068884,
    "width": 169.80522565320666,
    "height": 157.17814787648456
  },
  "a2": {
    "x": 321.4726846935867,
    "y": 416.8266039334917,
    "width": 169.80522565320666,
    "height": 885.0071240665083
  },
  "b1": {
    "x": 493.1686448646081,
    "y": 257.7577191068884,
    "width": 193.78622571021378,
    "height": 51.125892560570065
  },
  "b2": {
    "x": 493.1686448646081,
    "y": 310.78384919714966,
    "width": 193.78622571021378,
    "height": 991.0498788028502
  },
  "c1": {
    "x": 750.7173390593824,
    "y": 257.7577191068884,
    "width": 143.2874127505939,
    "height": 1044.0760088931115
  },
  "d1": {
    "x": 895.895486327791,
    "y": 257.7577191068884,
    "width": 211.46793531591456,
    "height": 1044.0760088931115
  },
  "e1": {
    "x": 1172.3800468978623,
    "y": 257.7577191068884,
    "width": 116.77909799524934,
    "height": 130.66983312114016
  },
  "e2": {
    "x": 1172.3800468978623,
    "y": 390.31828917814727,
    "width": 116.77909799524934,
    "height": 24.617577805225654
  },
  "e3": {
    "x": 1172.3800468978623,
    "y": 416.8266039334917,
    "width": 116.77909799524934,
    "height": 51.13539070783848
  },
  "e4": {
    "x": 1172.3800468978623,
    "y": 469.85273159144896,
    "width": 116.77909799524934,
    "height": 831.9809964085509
  },
  "f1": {
    "x": 1291.0593824228029,
    "y": 257.7577191068884,
    "width": 139.49643827078398,
    "height": 104.15202021852731
  },
  "f2": {
    "x": 1291.0593824228029,
    "y": 363.8099768551069,
    "width": 139.49643827078398,
    "height": 938.0237511448931
  },
  "h1": {
    "x": 1556.1805225653206,
    "y": 257.7577191068884,
    "width": 188.7315914489311,
    "height": 1044.0760088931115
  }
}