{
  "a1": {
    "x": 126.6603331496437,
    "y": 380.8076009501188,
    "width": 244.8836092351544,
    "height": 132.80759973396675
  },
  "a2": {
    "x": 126.6603331496437,
    "y": 515.0688842185274,
    "width": 244.8836092351544,
    "height": 132.8075997339667
  },
  "a3": {
    "x": 126.6603331496437,
    "y": 649.3396680665082,
    "width": 244.8836092351544,
    "height": 65.67220902612841
  },
  "b1": {
    "x": 373.00712649881234,
    "y": 380.8076009501188,
    "width": 234.08075948693588,
    "height": 132.80759973396675
  },
  "b2": {
    "x": 373.00712649881234,
    "y": 515.0688842185274,
    "width": 234.08075948693588,
    "height": 199.94299287410934
  },
  "c1": {
    "x": 608.5510676674585,
    "y": 380.8076009501188,
    "width": 263.56294780047506,
    "height": 32.10451367220902
  },
  "c2": {
    "x": 608.5510676674585,
    "y": 414.37529630403805,
    "width": 263.56294780047506,
    "height": 32.10451367220902
  },
  "c3": {
    "x": 608.5510676674585,
    "y": 447.9429916579573,
    "width": 263.56294780047506,
    "height": 32.10451367220902
  },
  "c4": {
    "x": 608.5510676674585,
    "y": 481.51068944418057,
    "width": 263.56294780047506,
    "height": 32.104511239904994
  },
  "c5": {
    "x": 608.5510676674585,
    "y": 515.0688842185274,
    "width": 263.56294780047506,
    "height": 32.11401425178148
  },
  "c6": {
    "x": 608.5510676674585,
    "y": 548.6365795724466,
    "width": 263.56294780047506,
    "height": 32.10451367220902
  },
  "c7": {
    "x": 608.5510676674585,
    "y": 582.2042749263658,
    "width": 263.56294780047506,
    "height": 32.10451367220902
  },
  "c8": {
    "x": 608.5510676674585,
    "y": 615.771970280285,
    "width": 263.56294780047506,
    "height": 32.10451367220896
  },
  "c9": {
    "x": 608.5510676674585,
    "y": 649.3396680665082,
    "width": 263.56294780047506,
    "height": 32.104511239905065
  },
  "c10": {
    "x": 608.5510676674585,
    "y": 682.8978628408552,
    "width": 263.56294780047506,
    "height": 32.11401425178148
  },
  "c11": {
    "x": 608.5510676674585,
    "y": 716.4655581947744,
    "width": 263.56294780047506,
    "height": 32.104513672209094
  },
  "c12": {
    "x": 608.5510676674585,
    "y": 750.0332535486937,
    "width": 263.56294780047506,
    "height": 32.10451367220896
  },
  "c13": {
    "x": 608.5510676674585,
    "y": 783.6009489026129,
    "width": 263.56294780047506,
    "height": 32.10451367220896
  },
  "d1": {
    "x": 873.5771971496438,
    "y": 380.8076009501188,
    "width": 234.95486875059376,
    "height": 233.50118764845607
  },
  "d2": {
    "x": 873.5771971496438,
    "y": 615.771970280285,
    "width": 234.95486875059376,
    "height": 132.7981015866984
  },
  "d3": {
    "x": 873.5771971496438,
    "y": 750.0332535486937,
    "width": 234.95486875059376,
    "height": 132.80760216627078
  },
  "d4": {
    "x": 873.5771971496438,
    "y": 884.2945368171022,
    "width": 234.95486875059376,
    "height": 132.80759973396675
  },
  "e1": {
    "x": 1109.9952500142517,
    "y": 380.8076009501188,
    "width": 199.05938059857476,
    "height": 132.80759973396675
  },
  "e2": {
    "x": 1109.9952500142517,
    "y": 515.0688842185274,
    "width": 199.05938059857476,
    "height": 32.11401425178148
  },
  "e3": {
    "x": 1109.9952500142517,
    "y": 548.6365795724466,
    "width": 199.05938059857476,
    "height": 32.10451367220902
  },
  "e4": {
    "x": 1109.9952500142517,
    "y": 582.2042749263658,
    "width": 199.05938059857476,
    "height": 32.10451367220902
  },
  "f1": {
    "x": 1310.517814726841,
    "y": 380.8076009501188,
    "width": 199.0593830308788,
    "height": 132.80759973396675
  },
  "f2": {
    "x": 1310.517814726841,
    "y": 515.0688842185274,
    "width": 199.0593830308788,
    "height": 132.8075997339667
  },
  "h1": {
    "x": 1602.9738711258906,
    "y": 380.8076009501188,
    "width": 199.05938303087908,
    "height": 132.80759973396675
  },
  "h2": {
    "x": 1602.9738711258906,
    "y": 515.0688842185274,
    "width": 199.05938303087908,
    "height": 132.8075997339667
  }
}