{
  "a1": {
    "x": 169.2762724631484,
    "y": 258.8651711933863,
    "width": 249.6383119694972,
    "height": 41.39258341113447
  },
  "a2": {
    "x": 169.2762724631484,
    "y": 301.47406552399957,
    "width": 249.6383119694972,
    "height": 41.3925785458908
  },
  "a3": {
    "x": 169.2762724631484,
    "y": 344.08295498936917,
    "width": 249.6383119694972,
    "height": 84.00147287650405
  },
  "a4": {
    "x": 169.2762724631484,
    "y": 429.3102430388768,
    "width": 249.6383119694972,
    "height": 126.61036477449548
  },
  "a5": {
    "x": 169.2762724631484,
    "y": 557.1369187328511,
    "width": 249.6383119694972,
    "height": 41.39258097851263
  },
  "a6": {
    "x": 169.2762724631484,
    "y": 599.7458106308425,
    "width": 249.6383119694972,
    "height": 41.4020827994156
  },
  "a7": {
    "x": 169.2762724631484,
    "y": 642.364204349737,
    "width": 249.6383119694972,
    "height": 41.39258097851263
  },
  "a8": {
    "x": 169.2762724631484,
    "y": 684.9730962477283,
    "width": 249.6383119694972,
    "height": 41.39258097851263
  },
  "a9": {
    "x": 169.2762724631484,
    "y": 727.5819881457197,
    "width": 249.6383119694972,
    "height": 41.39258097851263
  },
  "a10": {
    "x": 169.2762724631484,
    "y": 770.1908800437112,
    "width": 249.6383119694972,
    "height": 41.39258097851263
  },
  "a11": {
    "x": 169.2762724631484,
    "y": 812.8092737626055,
    "width": 249.6383119694972,
    "height": 41.39258097851263
  },
  "a12": {
    "x": 169.2762724631484,
    "y": 855.418165660597,
    "width": 249.6383119694972,
    "height": 41.39258097851263
  },
  "a13": {
    "x": 169.2762724631484,
    "y": 898.0270575585884,
    "width": 249.6383119694972,
    "height": 41.39258097851263
  },
  "a14": {
    "x": 169.2762724631484,
    "y": 940.6359494565797,
    "width": 249.6383119694972,
    "height": 41.39258097851263
  },
  "a15": {
    "x": 169.2762724631484,
    "y": 983.2543431754741,
    "width": 249.6383119694972,
    "height": 41.3925834111346
  },
  "a16": {
    "x": 169.2762724631484,
    "y": 1025.8632375060874,
    "width": 249.6383119694972,
    "height": 41.3925785458908
  },
  "a17": {
    "x": 169.2762724631484,
    "y": 1068.472126971457,
    "width": 249.6383119694972,
    "height": 41.39258341113447
  },
  "a18": {
    "x": 169.2762724631484,
    "y": 1111.0810213020704,
    "width": 249.6383119694972,
    "height": 41.3925785458908
  },
  "a19": {
    "x": 169.2762724631484,
    "y": 1153.6899107674399,
    "width": 249.6383119694972,
    "height": 41.40208523203751
  },
  "c1": {
    "x": 620.3375725759897,
    "y": 258.8651711933863,
    "width": 223.89623469099288,
    "height": 84.00147287650405
  },
  "c2": {
    "x": 620.3375725759897,
    "y": 344.08295498936917,
    "width": 223.89623469099288,
    "height": 84.00147287650405
  },
  "c3": {
    "x": 620.3375725759897,
    "y": 429.3102430388768,
    "width": 223.89623469099288,
    "height": 41.39258097851263
  },
  "d1": {
    "x": 845.4596200073643,
    "y": 258.8651711933863,
    "width": 129.51810928268551,
    "height": 169.2192566724869
  },
  "e1": {
    "x": 1038.3019165354144,
    "y": 258.8651711933863,
    "width": 223.89623225837104,
    "height": 84.00147287650405
  },
  "e2": {
    "x": 1038.3019165354144,
    "y": 344.08295498936917,
    "width": 223.89623225837104,
    "height": 41.39258341113447
  },
  "e3": {
    "x": 1038.3019165354144,
    "y": 386.6918493199824,
    "width": 223.89623225837104,
    "height": 41.3925785458908
  },
  "e4": {
    "x": 1038.3019165354144,
    "y": 429.3102430388768,
    "width": 223.89623225837104,
    "height": 41.39258097851263
  },
  "e5": {
    "x": 1038.3019165354144,
    "y": 471.91913493686826,
    "width": 223.89623225837104,
    "height": 41.39258097851263
  },
  "f1": {
    "x": 1263.4239639667892,
    "y": 258.8651711933863,
    "width": 129.51810685006342,
    "height": 84.00147287650405
  },
  "h1": {
    "x": 1518.374134388103,
    "y": 258.8651711933863,
    "width": 223.89623469099303,
    "height": 84.00147287650405
  },
  "h2": {
    "x": 1518.374134388103,
    "y": 344.08295498936917,
    "width": 223.89623469099303,
    "height": 126.61986902802029
  },
  "h3": {
    "x": 1518.374134388103,
    "y": 471.91913493686826,
    "width": 223.89623469099303,
    "height": 84.00147287650405
  },
  "h4": {
    "x": 1518.374134388103,
    "y": 557.1369187328511,
    "width": 223.89623469099303,
    "height": 84.01097469740702
  }
}