{
  "a1": {
    "x": 444.228029111639,
    "y": 275.19239904988126,
    "width": 157.02612644180525,
    "height": 249.26365856532067
  },
  "a2": {
    "x": 444.228029111639,
    "y": 526.2042761425179,
    "width": 157.02612644180525,
    "height": 719.7624684845605
  },
  "b1": {
    "x": 603.0023740807601,
    "y": 275.19239904988126,
    "width": 179.21140264133018,
    "height": 48.446556427553446
  },
  "b2": {
    "x": 603.0023740807601,
    "y": 325.3871740047506,
    "width": 179.21140264133018,
    "height": 920.5795706223278
  },
  "c1": {
    "x": 841.1781484845606,
    "y": 275.19239904988126,
    "width": 132.51306230878853,
    "height": 970.7743455771971
  },
  "d1": {
    "x": 975.4394293206651,
    "y": 275.19239904988126,
    "width": 195.55344539667473,
    "height": 970.7743455771971
  },
  "e1": {
    "x": 1231.1258907363422,
    "y": 275.19239904988126,
    "width": 107.9905000285037,
    "height": 123.75296851306415
  },
  "e2": {
    "x": 1231.1258907363422,
    "y": 400.6935860902613,
    "width": 107.9905000285037,
    "height": 23.353920456057004
  },
  "e3": {
    "x": 1231.1258907363422,
    "y": 425.79572507363423,
    "width": 107.9905000285037,
    "height": 48.45605700712589
  },
  "e4": {
    "x": 1231.1258907363422,
    "y": 476.00000060807605,
    "width": 107.9905000285037,
    "height": 769.9667440190024
  },
  "f1": {
    "x": 1340.8646092921617,
    "y": 275.19239904988126,
    "width": 129.0166252541567,
    "height": 98.65083196199525
  },
  "f2": {
    "x": 1340.8646092921617,
    "y": 375.5914495391924,
    "width": 129.0166252541567,
    "height": 870.375295087886
  },
  "h1": {
    "x": 1586.042755952494,
    "y": 275.19239904988126,
    "width": 174.54631889786245,
    "height": 148.85510749643706
  },
  "h2": {
    "x": 1586.042755952494,
    "y": 425.79572507363423,
    "width": 174.54631889786245,
    "height": 820.1710195534441
  }
}