{
  "a1": {
    "x": 218.00474998574822,
    "y": 286.29928680285036,
    "width": 183.00237712114014,
    "height": 21.909739933491686
  },
  "a2": {
    "x": 218.00474998574822,
    "y": 309.3491692541568,
    "width": 183.00237712114014,
    "height": 32.73159084085511
  },
  "a3": {
    "x": 218.00474998574822,
    "y": 343.2209026128266,
    "width": 183.00237712114014,
    "height": 30.166271391923992
  },
  "a4": {
    "x": 218.00474998574822,
    "y": 374.52731652256534,
    "width": 183.00237712114014,
    "height": 21.339666242280288
  },
  "a5": {
    "x": 218.00474998574822,
    "y": 397.00712528266035,
    "width": 183.00237712114014,
    "height": 31.02137706413302
  },
  "a6": {
    "x": 218.00474998574822,
    "y": 429.1686448646081,
    "width": 183.00237712114014,
    "height": 21.909739933491686
  },
  "a7": {
    "x": 218.00474998574822,
    "y": 452.2185273159145,
    "width": 183.00237712114014,
    "height": 21.909739933491686
  },
  "a8": {
    "x": 218.00474998574822,
    "y": 475.26840976722093,
    "width": 183.00237712114014,
    "height": 31.02137706413302
  },
  "a9": {
    "x": 218.00474998574822,
    "y": 507.4299293491687,
    "width": 183.00237712114014,
    "height": 27.31591266508314
  },
  "a10": {
    "x": 218.00474998574822,
    "y": 535.8859845320666,
    "width": 183.00237712114014,
    "height": 29.31116571971496
  },
  "a11": {
    "x": 218.00474998574822,
    "y": 566.3372927695963,
    "width": 183.00237712114014,
    "height": 21.9192380807601
  },
  "a12": {
    "x": 218.00474998574822,
    "y": 589.396673368171,
    "width": 183.00237712114014,
    "height": 31.86698458907363
  },
  "a13": {
    "x": 218.00474998574822,
    "y": 622.4038004750594,
    "width": 183.00237712114014,
    "height": 21.919240513064203
  },
  "a14": {
    "x": 218.00474998574822,
    "y": 645.453682926366,
    "width": 183.00237712114014,
    "height": 21.919238080759893
  },
  "a15": {
    "x": 218.00474998574822,
    "y": 668.5130635249405,
    "width": 183.00237712114014,
    "height": 21.909739933491824
  },
  "a16": {
    "x": 218.00474998574822,
    "y": 691.5629459762471,
    "width": 183.00237712114014,
    "height": 31.02137706413295
  },
  "a17": {
    "x": 218.00474998574822,
    "y": 723.7244655581948,
    "width": 183.00237712114014,
    "height": 31.02137706413295
  },
  "a18": {
    "x": 218.00474998574822,
    "y": 755.8764845605701,
    "width": 183.00237712114014,
    "height": 31.02137706413295
  },
  "a19": {
    "x": 218.00474998574822,
    "y": 788.0380041425178,
    "width": 183.00237712114014,
    "height": 32.731590840855176
  },
  "a20": {
    "x": 218.00474998574822,
    "y": 821.9097375011877,
    "width": 183.00237712114014,
    "height": 21.909739933491686
  },
  "a21": {
    "x": 218.00474998574822,
    "y": 844.9596199524941,
    "width": 183.00237712114014,
    "height": 21.909739933491686
  },
  "a22": {
    "x": 218.00474998574822,
    "y": 868.0095024038005,
    "width": 183.00237712114014,
    "height": 21.909737501187653
  },
  "a23": {
    "x": 218.00474998574822,
    "y": 891.0593824228029,
    "width": 183.00237712114014,
    "height": 21.919240513064203
  },
  "a24": {
    "x": 218.00474998574822,
    "y": 914.1187654536818,
    "width": 183.00237712114014,
    "height": 21.909737501187514
  },
  "a25": {
    "x": 218.00474998574822,
    "y": 937.168645472684,
    "width": 183.00237712114014,
    "height": 21.909739933491824
  },
  "a26": {
    "x": 218.00474998574822,
    "y": 960.2185279239906,
    "width": 183.00237712114014,
    "height": 21.909737501187514
  },
  "a27": {
    "x": 218.00474998574822,
    "y": 983.2684079429929,
    "width": 183.00237712114014,
    "height": 21.919240513064203
  },
  "a28": {
    "x": 218.00474998574822,
    "y": 1006.3182903942994,
    "width": 183.00237712114014,
    "height": 21.919240513064064
  },
  "a29": {
    "x": 218.00474998574822,
    "y": 1029.3776734251783,
    "width": 183.00237712114014,
    "height": 21.909737501187653
  },
  "a30": {
    "x": 218.00474998574822,
    "y": 1052.4275534441806,
    "width": 183.00237712114014,
    "height": 21.909737501187653
  },
  "a31": {
    "x": 218.00474998574822,
    "y": 1075.477433463183,
    "width": 183.00237712114014,
    "height": 21.919240513064064
  },
  "a32": {
    "x": 218.00474998574822,
    "y": 1098.5273159144895,
    "width": 183.00237712114014,
    "height": 21.349169254156838
  },
  "a33": {
    "x": 218.00474998574822,
    "y": 1121.0166276864609,
    "width": 183.00237712114014,
    "height": 21.909737501187514
  },
  "a34": {
    "x": 218.00474998574822,
    "y": 1144.0665077054632,
    "width": 183.00237712114014,
    "height": 36.142517814726844
  },
  "a35": {
    "x": 218.00474998574822,
    "y": 1181.3491680380048,
    "width": 183.00237712114014,
    "height": 22.19477434679335
  },
  "a36": {
    "x": 218.00474998574822,
    "y": 1204.6840849026128,
    "width": 183.00237712114014,
    "height": 21.919240513064203
  },
  "b1": {
    "x": 499.19239904988126,
    "y": 286.29928680285036,
    "width": 190.95487057482185,
    "height": 436.2850362375297
  },
  "c1": {
    "x": 829.3206662992875,
    "y": 286.29928680285036,
    "width": 176.73159084085518,
    "height": 21.909739933491686
  },
  "c2": {
    "x": 829.3206662992875,
    "y": 309.3491692541568,
    "width": 176.73159084085518,
    "height": 32.73159084085511
  },
  "c3": {
    "x": 829.3206662992875,
    "y": 343.2209026128266,
    "width": 176.73159084085518,
    "height": 30.166271391923992
  },
  "c4": {
    "x": 829.3206662992875,
    "y": 374.52731652256534,
    "width": 176.73159084085518,
    "height": 21.339666242280288
  },
  "c5": {
    "x": 829.3206662992875,
    "y": 397.00712528266035,
    "width": 176.73159084085518,
    "height": 31.02137706413302
  },
  "c6": {
    "x": 829.3206662992875,
    "y": 429.1686448646081,
    "width": 176.73159084085518,
    "height": 21.909739933491686
  },
  "c7": {
    "x": 829.3206662992875,
    "y": 452.2185273159145,
    "width": 176.73159084085518,
    "height": 21.909739933491686
  },
  "c8": {
    "x": 829.3206662992875,
    "y": 475.26840976722093,
    "width": 176.73159084085518,
    "height": 31.02137706413302
  },
  "c9": {
    "x": 829.3206662992875,
    "y": 507.4299293491687,
    "width": 176.73159084085518,
    "height": 27.31591266508314
  },
  "c10": {
    "x": 829.3206662992875,
    "y": 535.8859845320666,
    "width": 176.73159084085518,
    "height": 29.31116571971496
  },
  "c11": {
    "x": 829.3206662992875,
    "y": 566.3372927695963,
    "width": 176.73159084085518,
    "height": 21.9192380807601
  },
  "c12": {
    "x": 829.3206662992875,
    "y": 589.396673368171,
    "width": 176.73159084085518,
    "height": 31.86698458907363
  },
  "c13": {
    "x": 829.3206662992875,
    "y": 622.4038004750594,
    "width": 176.73159084085518,
    "height": 21.919240513064203
  },
  "c14": {
    "x": 829.3206662992875,
    "y": 645.453682926366,
    "width": 176.73159084085518,
    "height": 21.919238080759893
  },
  "c15": {
    "x": 829.3206662992875,
    "y": 668.5130635249405,
    "width": 176.73159084085518,
    "height": 21.909739933491824
  },
  "c16": {
    "x": 829.3206662992875,
    "y": 691.5629459762471,
    "width": 176.73159084085518,
    "height": 31.02137706413295
  },
  "c17": {
    "x": 829.3206662992875,
    "y": 723.7244655581948,
    "width": 176.73159084085518,
    "height": 31.02137706413295
  },
  "c18": {
    "x": 829.3206662992875,
    "y": 755.8764845605701,
    "width": 176.73159084085518,
    "height": 31.02137706413295
  },
  "d1": {
    "x": 1104.2375290831353,
    "y": 286.29928680285036,
    "width": 157.3776722090263,
    "height": 219.99050002850356
  },
  "d2": {
    "x": 1104.2375290831353,
    "y": 507.4299293491687,
    "width": 157.3776722090263,
    "height": 247.31591327315908
  },
  "e1": {
    "x": 1307.1543930831353,
    "y": 286.29928680285036,
    "width": 120.95011998099777,