{
  "a1": {
    "x": 444.5890730261283,
    "y": 285.4536817102138,
    "width": 156.9691205320665,
    "height": 243.34441805225654
  },
  "a2": {
    "x": 444.5890730261283,
    "y": 530.5463182897862,
    "width": 156.9691205320665,
    "height": 724.7790979952493
  },
  "b1": {
    "x": 603.3159150973872,
    "y": 285.4536817102138,
    "width": 179.14489128741093,
    "height": 47.268409159144895
  },
  "b2": {
    "x": 603.3159150973872,
    "y": 334.4703093966746,
    "width": 179.14489128741093,
    "height": 920.8551068883611
  },
  "c1": {
    "x": 841.4061769881235,
    "y": 285.4536817102138,
    "width": 132.46555697862235,
    "height": 969.8717345748219
  },
  "d1": {
    "x": 975.6199524940617,
    "y": 285.4536817102138,
    "width": 195.49643705463183,
    "height": 969.8717345748219
  },
  "e1": {
    "x": 1231.2209013966747,
    "y": 285.4536817102138,
    "width": 107.96199585748226,
    "height": 120.79810097862233
  },
  "e2": {
    "x": 1231.2209013966747,
    "y": 408.00000121615204,
    "width": 107.96199585748226,
    "height": 22.755342593824235
  },
  "e3": {
    "x": 1231.2209013966747,
    "y": 432.5130629168646,
    "width": 107.96199585748226,
    "height": 47.268409159144895
  },
  "e4": {
    "x": 1231.2209013966747,
    "y": 481.52969060332543,
    "width": 107.96199585748226,
    "height": 773.7957256817101
  },
  "f1": {
    "x": 1340.9311157814727,
    "y": 285.4536817102138,
    "width": 128.9691223562944,
    "height": 96.28503441330167
  },
  "f2": {
    "x": 1340.9311157814727,
    "y": 383.48693465083136,
    "width": 128.9691223562944,
    "height": 871.8384816342042
  },
  "h1": {
    "x": 1586.0237523610454,
    "y": 285.4536817102138,
    "width": 174.47980997624703,
    "height": 969.8717345748219
  }
}