{
  "a1": {
    "x": 136.02850295486937,
    "y": 376.5890736342043,
    "width": 151.0973877814727,
    "height": 70.4893117719715
  },
  "a2": {
    "x": 136.02850295486937,
    "y": 448.52256592874113,
    "width": 151.0973877814727,
    "height": 22.536817102137768
  },
  "a3": {
    "x": 136.02850295486937,
    "y": 472.5035635534442,
    "width": 151.0973877814727,
    "height": 22.536817102137768
  },
  "a4": {
    "x": 136.02850295486937,
    "y": 496.4845611781473,
    "width": 151.0973877814727,
    "height": 22.52731409026129
  },
  "a5": {
    "x": 136.02850295486937,
    "y": 520.4560557909739,
    "width": 151.0973877814727,
    "height": 22.5368195344418
  },
  "a6": {
    "x": 136.02850295486937,
    "y": 544.437055847981,
    "width": 151.0973877814727,
    "height": 22.536814669833735
  },
  "a7": {
    "x": 136.02850295486937,
    "y": 568.4180510403801,
    "width": 151.0973877814727,
    "height": 22.5368195344418
  },
  "b1": {
    "x": 288.5700712589074,
    "y": 376.5890736342043,
    "width": 176.51306534916864,
    "height": 118.45130702137767
  },
  "b2": {
    "x": 288.5700712589074,
    "y": 496.4845611781473,
    "width": 176.51306534916864,
    "height": 70.48930933966747
  },
  "b3": {
    "x": 288.5700712589074,
    "y": 568.4180510403801,
    "width": 176.51306534916864,
    "height": 148.4940635819478
  },
  "c1": {
    "x": 528.9311176057007,
    "y": 376.5890736342043,
    "width": 167.27790852256533,
    "height": 22.536817102137768
  },
  "c2": {
    "x": 528.9311176057007,
    "y": 400.5700712589074,
    "width": 167.27790852256533,
    "height": 22.52731652256532
  },
  "c3": {
    "x": 528.9311176057007,
    "y": 424.54156830403804,
    "width": 167.27790852256533,
    "height": 22.536817102137768
  },
  "c4": {
    "x": 528.9311176057007,
    "y": 448.52256592874113,
    "width": 167.27790852256533,
    "height": 22.536817102137768
  },
  "c5": {
    "x": 528.9311176057007,
    "y": 472.5035635534442,
    "width": 167.27790852256533,
    "height": 22.536817102137768
  },
  "d1": {
    "x": 697.6532066508314,
    "y": 376.5890736342043,
    "width": 211.18289847030886,
    "height": 46.50831414726841
  },
  "d2": {
    "x": 697.6532066508314,
    "y": 424.54156830403804,
    "width": 211.18289847030886,
    "height": 22.536817102137768
  },
  "d3": {
    "x": 697.6532066508314,
    "y": 448.52256592874113,
    "width": 211.18289847030886,
    "height": 22.536817102137768
  },
  "d4": {
    "x": 697.6532066508314,
    "y": 472.5035635534442,
    "width": 211.18289847030886,
    "height": 22.536817102137768
  },
  "e1": {
    "x": 972.684086118765,
    "y": 376.5890736342043,
    "width": 213.49168524465546,
    "height": 94.4703093966746
  },
  "e2": {
    "x": 972.684086118765,
    "y": 472.5035635534442,
    "width": 213.49168524465546,
    "height": 22.536817102137768
  },
  "e3": {
    "x": 972.684086118765,
    "y": 496.4845611781473,
    "width": 213.49168524465546,
    "height": 22.52731409026129
  },
  "e4": {
    "x": 972.684086118765,
    "y": 520.4560557909739,
    "width": 213.49168524465546,
    "height": 22.5368195344418
  },
  "f1": {
    "x": 1187.6199518859858,
    "y": 376.5890736342043,
    "width": 227.36342164370546,
    "height": 94.4703093966746
  },
  "f2": {
    "x": 1187.6199518859858,
    "y": 472.5035635534442,
    "width": 227.36342164370546,
    "height": 22.536817102137768
  },
  "f3": {
    "x": 1187.6199518859858,
    "y": 496.4845611781473,
    "width": 227.36342164370546,
    "height": 22.52731409026129
  },
  "f4": {
    "x": 1187.6199518859858,
    "y": 520.4560557909739,
    "width": 227.36342164370546,
    "height": 22.5368195344418
  },
  "f5": {
    "x": 1187.6199518859858,
    "y": 544.437055847981,
    "width": 227.36342164370546,
    "height": 22.536814669833735
  },
  "f6": {
    "x": 1187.6199518859858,
    "y": 568.4180510403801,
    "width": 227.36342164370546,
    "height": 22.5368195344418
  },
  "h1": {
    "x": 1541.2351550023752,
    "y": 376.5890736342043,
    "width": 205.4061739477434,
    "height": 70.4893117719715
  },
  "h2": {
    "x": 1541.2351550023752,
    "y": 448.52256592874113,
    "width": 205.4061739477434,
    "height": 142.43230464608075
  },
  "h3": {
    "x": 1541.2351550023752,
    "y": 592.3990510973872,
    "width": 205.4061739477434,
    "height": 70.4893093396674
  },
  "h4": {
    "x": 1541.2351550023752,
    "y": 664.3325409596199,
    "width": 205.4061739477434,
    "height": 52.57957366270798
  }
}