{
  "a1": {
    "x": 124.19002436104513,
    "y": 768.0095005795724,
    "width": 254.58432121615203,
    "height": 26.337292161520192
  },
  "a2": {
    "x": 124.19002436104513,
    "y": 795.7624690926365,
    "width": 254.58432121615203,
    "height": 26.33729459382436
  },
  "a3": {
    "x": 124.19002436104513,
    "y": 823.5154400380047,
    "width": 254.58432121615203,
    "height": 26.327791581947814
  },
  "a4": {
    "x": 124.19002436104513,
    "y": 851.2589079714965,
    "width": 254.58432121615203,
    "height": 26.33729216152033
  },
  "a5": {
    "x": 124.19002436104513,
    "y": 879.0118764845606,
    "width": 254.58432121615203,
    "height": 26.337292161520192
  },
  "a6": {
    "x": 124.19002436104513,
    "y": 906.7648449976247,
    "width": 254.58432121615203,
    "height": 248.35154455106897
  },
  "b1": {
    "x": 380.1900243610451,
    "y": 768.0095005795724,
    "width": 175.2874103182898,
    "height": 81.83373104038012
  },
  "b2": {
    "x": 380.1900243610451,
    "y": 851.2589079714965,
    "width": 175.2874103182898,
    "height": 303.85748157719723
  },
  "c1": {
    "x": 622.5843236484561,
    "y": 768.0095005795724,
    "width": 245.52018941567698,
    "height": 26.337292161520192
  },
  "c2": {
    "x": 622.5843236484561,
    "y": 795.7624690926365,
    "width": 245.52018941567698,
    "height": 26.33729459382436
  },
  "c3": {
    "x": 622.5843236484561,
    "y": 823.5154400380047,
    "width": 245.52018941567698,
    "height": 54.08076009501202
  },
  "c4": {
    "x": 622.5843236484561,
    "y": 879.0118764845606,
    "width": 245.52018941567698,
    "height": 54.09026067458426
  },
  "c5": {
    "x": 622.5843236484561,
    "y": 934.5178159429929,
    "width": 245.52018941567698,
    "height": 26.33728972921616
  },
  "c6": {
    "x": 622.5843236484561,
    "y": 962.2707844560571,
    "width": 245.52018941567698,
    "height": 26.337292161520192
  },
  "c7": {
    "x": 622.5843236484561,
    "y": 990.0237529691212,
    "width": 245.52018941567698,
    "height": 26.337292161520192
  },
  "c8": {
    "x": 622.5843236484561,
    "y": 1017.7767214821853,
    "width": 245.52018941567698,
    "height": 26.327791581947814
  },
  "c9": {
    "x": 622.5843236484561,
    "y": 1045.520189415677,
    "width": 245.52018941567698,
    "height": 26.337292161520192
  },
  "c10": {
    "x": 622.5843236484561,
    "y": 1073.273157928741,
    "width": 245.52018941567698,
    "height": 26.33729459382436
  },
  "c11": {
    "x": 622.5843236484561,
    "y": 1101.0261288741092,
    "width": 245.52018941567698,
    "height": 26.33729216152033
  },
  "c12": {
    "x": 622.5843236484561,
    "y": 1128.7790973871734,
    "width": 245.52018941567698,
    "height": 26.337292161520192
  },
  "d1": {
    "x": 869.5201894156769,
    "y": 768.0095005795724,
    "width": 175.2874127505939,
    "height": 387.1068889691212
  },
  "e1": {
    "x": 1111.9239917149644,
    "y": 768.0095005795724,
    "width": 136.769594375297,
    "height": 109.58669955344432
  },
  "e2": {
    "x": 1111.9239917149644,
    "y": 879.0118764845606,
    "width": 136.769594375297,
    "height": 81.84322918764846
  },
  "e3": {
    "x": 1111.9239917149644,
    "y": 962.2707844560571,
    "width": 136.769594375297,
    "height": 26.337292161520192
  },
  "e4": {
    "x": 1111.9239917149644,
    "y": 990.0237529691212,
    "width": 136.769594375297,
    "height": 165.09263657957246
  },
  "f1": {
    "x": 1250.1092648741094,
    "y": 768.0095005795724,
    "width": 159.42992630878834,
    "height": 109.58669955344432
  },
  "f2": {
    "x": 1250.1092648741094,
    "y": 879.0118764845606,
    "width": 159.42992630878834,
    "height": 276.104513064133
  },
  "h1": {
    "x": 1542.3467933491688,
    "y": 768.0095005795724,
    "width": 171.89548693586698,
    "height": 137.33966806650838
  },
  "h2": {
    "x": 1542.3467933491688,
    "y": 906.7648449976247,
    "width": 171.89548693586698,
    "height": 248.35154455106897
  }
}