{
  "a1": {
    "x": 137.98574882660333,
    "y": 304.13301541092636,
    "width": 159.25890614726842,
    "height": 54.34679334916865
  },
  "a2": {
    "x": 137.98574882660333,
    "y": 359.8479797814727,
    "width": 159.25890614726842,
    "height": 49.187650280285034
  },
  "a3": {
    "x": 137.98574882660333,
    "y": 410.4038010831354,
    "width": 159.25890614726842,
    "height": 655.8669821567695
  },
  "b1": {
    "x": 298.6128259952494,
    "y": 304.13301541092636,
    "width": 343.1163913729216,
    "height": 71.20190145368171
  },
  "b2": {
    "x": 298.6128259952494,
    "y": 376.7030878859858,
    "width": 343.1163913729216,
    "height": 66.04275595249406
  },
  "b3": {
    "x": 298.6128259952494,
    "y": 444.1140148598575,
    "width": 343.1163913729216,
    "height": 66.03325294061759
  },
  "c1": {
    "x": 706.8598568741093,
    "y": 304.13301541092636,
    "width": 141.6437054631829,
    "height": 54.34679334916865
  },
  "c2": {
    "x": 706.8598568741093,
    "y": 359.8479797814727,
    "width": 141.6437054631829,
    "height": 49.187650280285034
  },
  "c3": {
    "x": 706.8598568741093,
    "y": 410.4038010831354,
    "width": 141.6437054631829,
    "height": 49.187647847981005
  },
  "c4": {
    "x": 706.8598568741093,
    "y": 460.9596199524941,
    "width": 141.6437054631829,
    "height": 49.187647847981005
  },
  "d1": {
    "x": 849.8717333586698,
    "y": 304.13301541092636,
    "width": 203.2874109263658,
    "height": 762.1377678289786
  },
  "e1": {
    "x": 1118.289786223278,
    "y": 304.13301541092636,
    "width": 132.8361039049882,
    "height": 104.90261465083135
  },
  "e2": {
    "x": 1118.289786223278,
    "y": 410.4038010831354,
    "width": 132.8361039049882,
    "height": 66.04275352019003
  },
  "e3": {
    "x": 1118.289786223278,
    "y": 477.8147256247031,
    "width": 132.8361039049882,
    "height": 66.04275595249406
  },
  "e4": {
    "x": 1118.289786223278,
    "y": 545.2256525985748,
    "width": 132.8361039049882,
    "height": 66.04275595249406
  },
  "f1": {
    "x": 1252.4940611496438,
    "y": 304.13301541092636,
    "width": 159.2589085795723,
    "height": 172.31353919239905
  },
  "f2": {
    "x": 1252.4940611496438,
    "y": 477.8147256247031,
    "width": 159.2589085795723,
    "height": 133.4536829263658
  },
  "h1": {
    "x": 1540.6460801520188,
    "y": 304.13301541092636,
    "width": 132.84560691686474,
    "height": 104.90261465083135
  },
  "h2": {
    "x": 1540.6460801520188,
    "y": 410.4038010831354,
    "width": 132.84560691686474,
    "height": 99.74346671733967
  },
  "h3": {
    "x": 1540.6460801520188,
    "y": 511.51543882185274,
    "width": 132.84560691686474,
    "height": 99.75296972921616
  },
  "h4": {
    "x": 1540.6460801520188,
    "y": 612.6270789928741,
    "width": 164.72208965320672,
    "height": 99.75296729691212
  }
}
