{
  "a1": {
    "x": 221.90072337241207,
    "y": 301.1414798987991,
    "width": 203.84610816139875,
    "height": 23.88910543657723
  },
  "a2": {
    "x": 221.90072337241207,
    "y": 326.2278926130492,
    "width": 203.84610816139875,
    "height": 23.88910543657723
  },
  "a3": {
    "x": 221.90072337241207,
    "y": 351.3143053272993,
    "width": 203.84610816139875,
    "height": 23.88910543657723
  },
  "a4": {
    "x": 221.90072337241207,
    "y": 376.4007180415494,
    "width": 203.84610816139875,
    "height": 23.88910543657723
  },
  "a5": {
    "x": 221.90072337241207,
    "y": 401.48713075579946,
    "width": 203.84610816139875,
    "height": 23.88910543657723
  },
  "a6": {
    "x": 221.90072337241207,
    "y": 426.5735434700495,
    "width": 203.84610816139875,
    "height": 23.88910543657723
  },
  "a7": {
    "x": 221.90072337241207,
    "y": 451.65995618429963,
    "width": 203.84610816139875,
    "height": 23.88910543657723
  },
  "a8": {
    "x": 221.90072337241207,
    "y": 476.7463688985497,
    "width": 203.84610816139875,
    "height": 23.88910543657723
  },
  "a9": {
    "x": 221.90072337241207,
    "y": 501.83278161279975,
    "width": 203.84610816139875,
    "height": 23.88910543657723
  },
  "a10": {
    "x": 221.90072337241207,
    "y": 526.9191943270498,
    "width": 203.84610816139875,
    "height": 23.88910543657723
  },
  "a11": {
    "x": 221.90072337241207,
    "y": 552.0056070413,
    "width": 203.84610816139875,
    "height": 23.89860969010203
  },
  "a12": {
    "x": 221.90072337241207,
    "y": 577.09201975555,
    "width": 203.84610816139875,
    "height": 23.89860969010203
  },
  "a13": {
    "x": 221.90072337241207,
    "y": 602.1784324698001,
    "width": 203.84610816139875,
    "height": 23.89860969010203
  },
  "a14": {
    "x": 221.90072337241207,
    "y": 627.2648451840502,
    "width": 203.84610816139875,
    "height": 23.8986096901021
  },
  "a15": {
    "x": 221.90072337241207,
    "y": 652.3512578983002,
    "width": 203.84610816139875,
    "height": 23.8986096901021
  },
  "a16": {
    "x": 221.90072337241207,
    "y": 677.4471724334533,
    "width": 203.84610816139875,
    "height": 23.889107869199062
  },
  "a17": {
    "x": 221.90072337241207,
    "y": 702.5335851477034,
    "width": 203.84610816139875,
    "height": 44.19579815890444
  },
  "a18": {
    "x": 221.90072337241207,
    "y": 747.9266881516588,
    "width": 203.84610816139875,
    "height": 23.889107869199062
  },
  "a19": {
    "x": 221.90072337241207,
    "y": 773.0131008659089,
    "width": 203.84610816139875,
    "height": 23.889107869199062
  },
  "a20": {
    "x": 221.90072337241207,
    "y": 798.099513580159,
    "width": 203.84610816139875,
    "height": 23.889107869199062
  },
  "a21": {
    "x": 221.90072337241207,
    "y": 823.1859262944091,
    "width": 203.84610816139875,
    "height": 23.889107869199062
  },
  "a22": {
    "x": 221.90072337241207,
    "y": 848.2723390086592,
    "width": 203.84610816139875,
    "height": 23.889107869199062
  },
  "a23": {
    "x": 221.90072337241207,
    "y": 873.3587517229092,
    "width": 203.84610816139875,
    "height": 23.898609690101964
  },
  "a24": {
    "x": 221.90072337241207,
    "y": 898.4451644371592,
    "width": 203.84610816139875,
    "height": 23.8986096901021
  },
  "a25": {
    "x": 221.90072337241207,
    "y": 923.5315771514092,
    "width": 203.84610816139875,
    "height": 23.8986096901021
  },
  "a26": {
    "x": 221.90072337241207,
    "y": 948.6179898656593,
    "width": 203.84610816139875,
    "height": 23.8986096901021
  },
  "a27": {
    "x": 221.90072337241207,
    "y": 973.7044025799095,
    "width": 203.84610816139875,
    "height": 23.8986096901021
  },
  "a28": {
    "x": 221.90072337241207,
    "y": 998.7908152941595,
    "width": 203.84610816139875,
    "height": 23.8986096901021
  },
  "a29": {
    "x": 221.90072337241207,
    "y": 1023.8867322619344,
    "width": 203.84610816139875,
    "height": 23.88910543657723
  },
  "a30": {
    "x": 221.90072337241207,
    "y": 1048.9731449761846,
    "width": 203.84610816139875,
    "height": 23.88910543657723
  },
  "a31": {
    "x": 221.90072337241207,
    "y": 1074.0595576904345,
    "width": 203.84610816139875,
    "height": 23.88910543657723
  },
  "a32": {
    "x": 221.90072337241207,
    "y": 1099.1459704046847,
    "width": 203.84610816139875,
    "height": 23.88910543657723
  },
  "c1": {
    "x": 583.4111344712492,
    "y": 301.1414798987991,
    "width": 209.43353644775445,
    "height": 48.975518150827305
  },
  "c2": {
    "x": 583.4111344712492,
    "y": 351.3143053272993,
    "width": 209.43353644775445,
    "height": 23.88910543657723
  },
  "c3": {
    "x": 583.4111344712492,
    "y": 376.4007180415494,
    "width": 209.43353644775445,
    "height": 23.88910543657723
  },
  "c4": {
    "x": 583.4111344712492,
    "y": 401.48713075579946,
    "width": 209.43353644775445,
    "height": 23.88910543657723
  },
  "c5": {
    "x": 583.4111344712492,
    "y": 426.5735434700495,
    "width": 209.43353644775445,
    "height": 23.88910543657723
  },
  "c6": {
    "x": 583.4111344712492,
    "y": 451.65995618429963,
    "width": 209.43353644775445,
    "height": 48.975518150827305
  },
  "c7": {
    "x": 583.4111344712492,
    "y": 501.83278161279975,
    "width": 209.43353644775445,
    "height": 23.88910543657723
  },
  "c8": {
    "x": 583.4111344712492,
    "y": 526.9191943270498,
    "width": 209.43353644775445,
    "height": 23.88910543657723
  },
  "c9": {
    "x": 583.4111344712492,
    "y": 552.0056070413,
    "width": 209.43353644775445,
    "height": 23.89860969010203
  },
  "c10": {
    "x": 583.4111344712492,
    "y": 577.09201975555,
    "width": 209.43353644775445,
    "height": 23.89860969010203
  },
  "c11": {
    "x": 583.4111344712492,
    "y": 602.1784324698001,
    "width": 209.43353644775445,
    "height": 23.89860969010203
  },
  "c12": {
    "x": 583.4111344712492,
    "y": 627.2648451840502,
    "width": 209.43353644775445,
    "height": 23.8986096901021
  },
  "c13": {
    "x": 583.4111344712492,
    "y": 652.3512578983002,
    "width": 209.43353644775445,
    "height": 23.8986096901021
  },
  "c14": {
    "x": 583.4111344712492,
    "y": 677.4471724334533,
    "width": 209.43353644775445,
    "height": 23.889107869199062
  },
  "c15": {
    "x": 583.4111344712492,
    "y": 702.5335851477034,
    "width": 209.43353644775445,
    "height": 44.19579815890444
  },
  "c16": {
    "x": 583.4111344712492,
    "y": 747.9266881516588,
    "width": 209.43353644775445,
    "height": 23.889107869199062
  },
  "c17": {
    "x": 583.4111344712492,
    "y": 773.0131008659089,
    "width": 209.43353644775445,
    "height": 23.889107869199062
  },
  "c18": {
    "x": 583.4111344712492,
    "y": 798.099513580159,
    "width": 209.43353644775445,
    "height": 23.889107869199062
  },
  "c19": {
    "x": 583.4111344712492,
    "y": 823.1859262944091,
    "width": 209.43353644775445,
    "height": 23.889107869199062
  },
  "c20": {
    "x": 583.4111344712492,
    "y": 848.2723390086592,
    "width": 209.43353644775445,
    "height": 23.889107869199062
  },
  "c21": {
    "x": 583.4111344712492,
    "y": 873.3587517229092,
    "width": 209.43353644775445,
    "height": 23.898609690101964
  },
  "c22": {
    "x": 583.4111344712492,
    "y": 898.4451644371592,
    "width": 209.43353644775445,
    "height": 23.8986096901021
  },
  "c23": {
    "x": 583.4111344712492,
    "y": 923.5315771514092,
    "width": 209.43353644775445,
    "height": 23.8986096901021
  },
  "c24": {
    "x": 583.4111344712492,
    "y": 948.6179898656593,
    "width": 209.43353644775445,
    "height": 23.8986096901021
  },
  "d1": {
    "x": 850.5719280571095,
    "y": 301.1414798987991,
    "width": 331.26417879770526,
    "height": 445.5879034078087
  },
  "d2": {
    "x": 850.5719280571095,
    "y": 747.9266881516588,
    "width": 331.26417879770526,
    "height": 48.97552058344914
  },
  "e1": {
    "x": 1227.618811274632,