{
  "a1": {
    "x": 208.92161459382424,
    "y": 273.50118643230405,
    "width": 177.6912126175772,
    "height": 37.73871977197149
  },
  "a2": {
    "x": 208.92161459382424,
    "y": 312.36104513064134,
    "width": 177.6912126175772,
    "height": 31.258908579572445
  },
  "a3": {
    "x": 208.92161459382424,
    "y": 344.750593216152,
    "width": 177.6912126175772,
    "height": 24.779097387173397
  },
  "a4": {
    "x": 208.92161459382424,
    "y": 370.65083196199527,
    "width": 177.6912126175772,
    "height": 24.788597966745847
  },
  "a5": {
    "x": 208.92161459382424,
    "y": 396.5605688551069,
    "width": 177.6912126175772,
    "height": 29.567695961995252
  },
  "a6": {
    "x": 208.92161459382424,
    "y": 427.2589067553444,
    "width": 177.6912126175772,
    "height": 29.567695961995252
  },
  "a7": {
    "x": 208.92161459382424,
    "y": 457.94774407600954,
    "width": 177.6912126175772,
    "height": 24.788597966745847
  },
  "b1": {
    "x": 501.2256519904988,
    "y": 273.50118643230405,
    "width": 332.5700718669833,
    "height": 856.9121152304039
  },
  "c1": {
    "x": 929.5391911828979,
    "y": 273.50118643230405,
    "width": 142.20427614251776,
    "height": 37.73871977197149
  },
  "d1": {
    "x": 1206.3562939287413,
    "y": 273.50118643230405,
    "width": 181.06413240855088,
    "height": 882.8218545558195
  },
  "e1": {
    "x": 1388.5510682755344,
    "y": 273.50118643230405,
    "width": 110.38479931591463,
    "height": 96.02850417102138
  },
  "e2": {
    "x": 1388.5510682755344,
    "y": 370.65083196199527,
    "width": 110.38479931591463,
    "height": 24.788597966745847
  },
  "e3": {
    "x": 1388.5510682755344,
    "y": 396.5605688551069,
    "width": 110.38479931591463,
    "height": 60.26603386223278
  },
  "e4": {
    "x": 1388.5510682755344,
    "y": 457.94774407600954,
    "width": 110.38479931591463,
    "height": 24.788597966745847
  },
  "f1": {
    "x": 1500.066507097387,
    "y": 273.50118643230405,
    "width": 104.75059564845613,
    "height": 96.02850417102138
  },
  "g1": {
    "x": 1605.9477422517814,
    "y": 273.50118643230405,
    "width": 110.38479931591463,
    "height": 37.73871977197149
  },
  "g2": {
    "x": 1605.9477422517814,
    "y": 312.36104513064134,
    "width": 110.38479931591463,
    "height": 31.258908579572445
  },
  "h1": {
    "x": 1717.4631835059383,
    "y": 273.50118643230405,
    "width": 116.8646080760095,
    "height": 183.32541628503563
  },
  "h2": {
    "x": 1717.4631835059383,
    "y": 457.94774407600954,
    "width": 116.8646080760095,
    "height": 154.31828857007127
  }
}