{
  "a1": {
    "x": 56.730469,
    "y": 125.367188,
    "width": 65.476562,
    "height": 22.34375
  },
  "a2": {
    "x": 56.730469,
    "y": 148.273438,
    "width": 65.476562,
    "height": 290.429687
  },
  "b1": {
    "x": 122.769531,
    "y": 125.367188,
    "width": 141.066407,
    "height": 29.273437
  },
  "b2": {
    "x": 122.769531,
    "y": 155.203125,
    "width": 141.066407,
    "height": 27.152344
  },
  "b3": {
    "x": 122.769531,
    "y": 182.914062,
    "width": 141.066407,
    "height": 27.152344
  },
  "c1": {
    "x": 290.613281,
    "y": 125.367188,
    "width": 58.234375,
    "height": 22.34375
  },
  "c2": {
    "x": 290.613281,
    "y": 148.273438,
    "width": 58.234375,
    "height": 20.222656
  },
  "c3": {
    "x": 290.613281,
    "y": 169.058594,
    "width": 58.234375,
    "height": 20.222656
  },
  "c4": {
    "x": 290.613281,
    "y": 189.84375,
    "width": 58.234375,
    "height": 20.222656
  },
  "d1": {
    "x": 349.410156,
    "y": 125.367188,
    "width": 83.578125,
    "height": 313.335937
  },
  "e1": {
    "x": 459.765625,
    "y": 125.367188,
    "width": 54.61328100000003,
    "height": 43.128906
  },
  "e2": {
    "x": 459.765625,
    "y": 169.058594,
    "width": 54.61328100000003,
    "height": 27.152344
  },
  "e3": {
    "x": 459.765625,
    "y": 196.773438,
    "width": 54.61328100000003,
    "height": 27.152343000000002
  },
  "e4": {
    "x": 459.765625,
    "y": 224.484375,
    "width": 54.61328100000003,
    "height": 27.152344
  },
  "f1": {
    "x": 514.941406,
    "y": 125.367188,
    "width": 65.47656299999994,
    "height": 70.84375
  },
  "f2": {
    "x": 514.941406,
    "y": 196.773438,
    "width": 65.47656299999994,
    "height": 54.863281
  },
  "h1": {
    "x": 633.4101559999999,
    "y": 125.367188,
    "width": 54.617188000000056,
    "height": 43.128906
  },
  "h2": {
    "x": 633.4101559999999,
    "y": 169.058594,
    "width": 54.617188000000056,
    "height": 41.007812
  },
  "h3": {
    "x": 633.4101559999999,
    "y": 210.628906,
    "width": 54.617188000000056,
    "height": 41.007813
  },
  "h4": {
    "x": 633.4101559999999,
    "y": 252.199219,
    "width": 67.72265600000003,
    "height": 41.00781199999997
  }
}