{
  "a1": {
    "x": 250.77434557719715,
    "y": 308.95011815676963,
    "width": 132.7125890736342,
    "height": 35.591450147268404
  },
  "a2": {
    "x": 250.77434557719715,
    "y": 345.7102125605701,
    "width": 132.7125890736342,
    "height": 172.6745855391924
  },
  "a3": {
    "x": 250.77434557719715,
    "y": 519.5534447885985,
    "width": 132.7125890736342,
    "height": 218.7743455771971
  },
  "b1": {
    "x": 384.6555813396675,
    "y": 308.95011815676963,
    "width": 167.14489311163896,
    "height": 209.4346799429929
  },
  "b2": {
    "x": 384.6555813396675,
    "y": 519.5534447885985,
    "width": 167.14489311163896,
    "height": 218.7743455771971
  },
  "b3": {
    "x": 384.6555813396675,
    "y": 739.4869364750593,
    "width": 167.14489311163896,
    "height": 341.86223217102145
  },
  "c1": {
    "x": 610.1377666128267,
    "y": 308.95011815676963,
    "width": 154.2992874109263,
    "height": 62.42280406650831
  },
  "d1": {
    "x": 765.605700712589,
    "y": 308.95011815676963,
    "width": 370.15677020427563,
    "height": 111.42992874109264
  },
  "d2": {
    "x": 765.605700712589,
    "y": 421.54869358669833,
    "width": 370.15677020427563,
    "height": 659.8004750593825
  },
  "e1": {
    "x": 1194.099763078385,
    "y": 308.95011815676963,
    "width": 134.76484560570057,
    "height": 111.42992874109264
  },
  "e2": {
    "x": 1194.099763078385,
    "y": 421.54869358669833,
    "width": 134.76484560570057,
    "height": 47.83848041805226
  },
  "e3": {
    "x": 1194.099763078385,
    "y": 470.54631768171026,
    "width": 134.76484560570057,
    "height": 47.83848041805226
  },
  "e4": {
    "x": 1194.099763078385,
    "y": 519.5534447885985,
    "width": 134.76484560570057,
    "height": 47.83848041805226
  },
  "e5": {
    "x": 1194.099763078385,
    "y": 568.5605694631829,
    "width": 134.76484560570057,
    "height": 47.83848041805226
  },
  "f1": {
    "x": 1330.023752361045,
    "y": 308.95011815676963,
    "width": 150.51781594299302,
    "height": 111.42992874109264
  },
  "f2": {
    "x": 1330.023752361045,
    "y": 421.54869358669833,
    "width": 150.51781594299302,
    "height": 145.8432316199525
  },
  "h1": {
    "x": 1596.0475059382422,
    "y": 308.95011815676963,
    "width": 150.5178135106887,
    "height": 772.3990504893111
  }
}
