{
  "a1": {
    "x": 152.0190023752969,
    "y": 368.6840855106889,
    "width": 136.68408429453683,
    "height": 597.5771977577198
  },
  "b1": {
    "x": 289.9002375296912,
    "y": 368.6840855106889,
    "width": 191.7149631543943,
    "height": 91.5249400095012
  },
  "b2": {
    "x": 289.9002375296912,
    "y": 461.39667336817104,
    "width": 191.7149631543943,
    "height": 40.978624152019
  },
  "b3": {
    "x": 289.9002375296912,
    "y": 503.5724459477435,
    "width": 191.7149631543943,
    "height": 40.978621719714965
  },
  "b4": {
    "x": 289.9002375296912,
    "y": 545.7387179477435,
    "width": 191.7149631543943,
    "height": 40.978621719714965
  },
  "b5": {
    "x": 289.9002375296912,
    "y": 587.9144905273159,
    "width": 191.7149631543943,
    "height": 40.978621719715036
  },
  "b6": {
    "x": 289.9002375296912,
    "y": 630.0902606745844,
    "width": 191.7149631543943,
    "height": 40.97862415201893
  },
  "b7": {
    "x": 289.9002375296912,
    "y": 672.2660332541568,
    "width": 191.7149631543943,
    "height": 293.99525001425184
  },
  "c1": {
    "x": 574.9263664038004,
    "y": 368.6840855106889,
    "width": 160.31353858432306,
    "height": 597.5771977577198
  },
  "d1": {
    "x": 736.437055847981,
    "y": 368.6840855106889,
    "width": 163.60094829453675,
    "height": 40.978621719714965
  },
  "d2": {
    "x": 736.437055847981,
    "y": 410.85035507838484,
    "width": 163.60094829453675,
    "height": 49.358670441805224
  },
  "d3": {
    "x": 736.437055847981,
    "y": 461.39667336817104,
    "width": 163.60094829453675,
    "height": 40.978624152019
  },
  "d4": {
    "x": 736.437055847981,
    "y": 503.5724459477435,
    "width": 163.60094829453675,
    "height": 462.6888373206652
  },
  "e1": {
    "x": 993.3586704418052,
    "y": 368.6840855106889,
    "width": 223.11638772446565,
    "height": 91.5249400095012
  },
  "e2": {
    "x": 993.3586704418052,
    "y": 461.39667336817104,
    "width": 223.11638772446565,
    "height": 40.978624152019
  },
  "e3": {
    "x": 993.3586704418052,
    "y": 503.5724459477435,
    "width": 223.11638772446565,
    "height": 40.978621719714965
  },
  "e4": {
    "x": 993.3586704418052,
    "y": 545.7387179477435,
    "width": 223.11638772446565,
    "height": 40.978621719714965
  },
  "e5": {
    "x": 993.3586704418052,
    "y": 587.9144905273159,
    "width": 223.11638772446565,
    "height": 40.978621719715036
  },
  "e6": {
    "x": 993.3586704418052,
    "y": 630.0902606745844,
    "width": 223.11638772446565,
    "height": 336.17102259382426
  },
  "f1": {
    "x": 1217.6722090261283,
    "y": 368.6840855106889,
    "width": 128.90261343467927,
    "height": 133.69121200950119
  },
  "f2": {
    "x": 1217.6722090261283,
    "y": 503.5724459477435,
    "width": 128.90261343467927,
    "height": 462.6888373206652
  },
  "h1": {
    "x": 1532.0095011876485,
    "y": 368.6840855106889,
    "width": 143.56294415201887,
    "height": 175.8669821567696
  },
  "h2": {
    "x": 1532.0095011876485,
    "y": 545.7387179477435,
    "width": 143.56294415201887,
    "height": 83.15439429928749
  },
  "h3": {
    "x": 1532.0095011876485,
    "y": 630.0902606745844,
    "width": 143.56294415201887,
    "height": 336.17102259382426
  }
}