{
  "b1": {
    "x": 267.58194835154393,
    "y": 315.99049759619953,
    "width": 198.86935927790975,
    "height": 299.30641451781474
  },
  "b2": {
    "x": 267.58194835154393,
    "y": 616.7220914774347,
    "width": 198.86935927790975,
    "height": 250.09026006650834
  },
  "c1": {
    "x": 561.1971484275534,
    "y": 315.99049759619953,
    "width": 157.9097411496437,
    "height": 781.8432322280286
  },
  "d1": {
    "x": 720.5225659287411,
    "y": 315.99049759619953,
    "width": 197.7387173396676,
    "height": 378.9738723420427
  },
  "d2": {
    "x": 720.5225659287411,
    "y": 696.3895493016627,
    "width": 197.7387173396676,
    "height": 170.42280224228037
  },
  "d3": {
    "x": 720.5225659287411,
    "y": 868.2375309073634,
    "width": 197.7387173396676,
    "height": 176.38954808551077
  },
  "e1": {
    "x": 1013.0071264988123,
    "y": 315.99049759619953,
    "width": 132.86460807600966,
    "height": 170.4228046745843
  },
  "e2": {
    "x": 1013.0071264988123,
    "y": 487.83847920190027,
    "width": 132.86460807600966,
    "height": 41.53919239904988
  },
  "e3": {
    "x": 1013.0071264988123,
    "y": 530.7933479524941,
    "width": 132.86460807600966,
    "height": 41.53919483135392
  },
  "e4": {
    "x": 1013.0071264988123,
    "y": 573.7577197149644,
    "width": 132.86460807600966,
    "height": 41.53919239904988
  },
  "e5": {
    "x": 1013.0071264988123,
    "y": 616.7220914774347,
    "width": 132.86460807600966,
    "height": 481.1116383467934
  },
  "f1": {
    "x": 1147.2969115059384,
    "y": 315.99049759619953,
    "width": 151.07838662232786,
    "height": 170.4228046745843
  },
  "f2": {
    "x": 1147.2969115059384,
    "y": 487.83847920190027,
    "width": 151.07838662232786,
    "height": 41.53919239904988
  },
  "f3": {
    "x": 1147.2969115059384,
    "y": 530.7933479524941,
    "width": 151.07838662232786,
    "height": 41.53919483135392
  },
  "f4": {
    "x": 1147.2969115059384,
    "y": 573.7577197149644,
    "width": 151.07838662232786,
    "height": 41.53919239904988
  },
  "f5": {
    "x": 1147.2969115059384,
    "y": 616.7220914774347,
    "width": 151.07838662232786,
    "height": 481.1116383467934
  },
  "h1": {
    "x": 1486.4323046460809,
    "y": 315.99049759619953,
    "width": 210.26128144418067,
    "height": 84.50356416152019
  },
  "h2": {
    "x": 1486.4323046460809,
    "y": 401.9097381092637,
    "width": 210.26128144418067,
    "height": 127.46793349168647
  },
  "h3": {
    "x": 1486.4323046460809,
    "y": 530.7933479524941,
    "width": 210.26128144418067,
    "height": 84.50356416152019
  },
  "h4": {
    "x": 1486.4323046460809,
    "y": 616.7220914774347,
    "width": 210.26128144418067,
    "height": 121.20665022327799
  }
}