{
  "a1": {
    "x": 226.31935227642566,
    "y": 300.0106902326907,
    "width": 202.84835371841928,
    "height": 32.0897023221561
  },
  "a2": {
    "x": 226.31935227642566,
    "y": 333.2881955789949,
    "width": 202.84835371841928,
    "height": 23.775078720497923
  },
  "a3": {
    "x": 226.31935227642566,
    "y": 358.25107732364086,
    "width": 202.84835371841928,
    "height": 23.775078720497923
  },
  "a4": {
    "x": 226.31935227642566,
    "y": 383.21395906828684,
    "width": 202.84835371841928,
    "height": 23.775078720497923
  },
  "a5": {
    "x": 226.31935227642566,
    "y": 408.18634263383575,
    "width": 202.84835371841928,
    "height": 23.76557446697312
  },
  "a6": {
    "x": 226.31935227642566,
    "y": 433.14922437848173,
    "width": 202.84835371841928,
    "height": 23.775076287876093
  },
  "a7": {
    "x": 226.31935227642566,
    "y": 458.1121036905059,
    "width": 202.84835371841928,
    "height": 23.775078720497923
  },
  "a8": {
    "x": 226.31935227642566,
    "y": 483.07498543515186,
    "width": 202.84835371841928,
    "height": 23.775078720497923
  },
  "a9": {
    "x": 226.31935227642566,
    "y": 508.03786717979784,
    "width": 202.84835371841928,
    "height": 23.775078720497923
  },
  "a10": {
    "x": 226.31935227642566,
    "y": 533.0007489244438,
    "width": 202.84835371841928,
    "height": 23.775076287876093
  },
  "a11": {
    "x": 226.31935227642566,
    "y": 557.9636306690898,
    "width": 202.84835371841928,
    "height": 23.775076287876093
  },
  "a12": {
    "x": 226.31935227642566,
    "y": 582.9265099811139,
    "width": 202.84835371841928,
    "height": 23.775078720497923
  },
  "a13": {
    "x": 226.31935227642566,
    "y": 607.8893917257599,
    "width": 202.84835371841928,
    "height": 23.775076287876093
  },
  "a14": {
    "x": 226.31935227642566,
    "y": 632.852273470406,
    "width": 202.84835371841928,
    "height": 23.775076287875955
  },
  "a15": {
    "x": 226.31935227642566,
    "y": 657.8151527824299,
    "width": 202.84835371841928,
    "height": 23.775078720498062
  },
  "a16": {
    "x": 226.31935227642566,
    "y": 682.7780345270759,
    "width": 202.84835371841928,
    "height": 23.775078720498062
  },
  "a17": {
    "x": 226.31935227642566,
    "y": 707.740916271722,
    "width": 202.84835371841928,
    "height": 43.98674350330796
  },
  "a18": {
    "x": 226.31935227642566,
    "y": 752.9154627991779,
    "width": 202.84835371841928,
    "height": 23.775078720498062
  },
  "a19": {
    "x": 226.31935227642566,
    "y": 777.8783445438239,
    "width": 202.84835371841928,
    "height": 23.775078720498062
  },
  "a20": {
    "x": 226.31935227642566,
    "y": 802.84122628847,
    "width": 202.84835371841928,
    "height": 23.775078720497923
  },
  "a21": {
    "x": 226.31935227642566,
    "y": 827.8041080331159,
    "width": 202.84835371841928,
    "height": 23.775076287876093
  },
  "a22": {
    "x": 226.31935227642566,
    "y": 852.766989777762,
    "width": 202.84835371841928,
    "height": 23.775076287876093
  },
  "a23": {
    "x": 226.31935227642566,
    "y": 877.729869089786,
    "width": 202.84835371841928,
    "height": 23.775078720498062
  },
  "a24": {
    "x": 226.31935227642566,
    "y": 902.6927508344321,
    "width": 202.84835371841928,
    "height": 23.775076287876093
  },
  "a25": {
    "x": 226.31935227642566,
    "y": 927.6556325790781,
    "width": 202.84835371841928,
    "height": 23.775076287875955
  },
  "a26": {
    "x": 226.31935227642566,
    "y": 952.618511891102,
    "width": 202.84835371841928,
    "height": 23.775078720498062
  },
  "a27": {
    "x": 226.31935227642566,
    "y": 977.5813936357481,
    "width": 202.84835371841928,
    "height": 23.775078720498062
  },
  "a28": {
    "x": 226.31935227642566,
    "y": 1002.5537772012972,
    "width": 202.84835371841928,
    "height": 23.765576899594887
  },
  "a29": {
    "x": 226.31935227642566,
    "y": 1027.5166589459432,
    "width": 202.84835371841928,
    "height": 23.775076287876093
  },
  "a30": {
    "x": 226.31935227642566,
    "y": 1052.4795406905891,
    "width": 202.84835371841928,
    "height": 23.775076287875955
  },
  "a31": {
    "x": 226.31935227642566,
    "y": 1077.442420002613,
    "width": 202.84835371841928,
    "height": 23.775078720498062
  },
  "a32": {
    "x": 226.31935227642566,
    "y": 1102.405301747259,
    "width": 202.84835371841928,
    "height": 23.775078720498062
  },
  "c1": {
    "x": 586.0623127867061,
    "y": 300.0106902326907,
    "width": 208.38826803501638,
    "height": 57.052584066802076
  },
  "c2": {
    "x": 586.0623127867061,
    "y": 358.25107732364086,
    "width": 208.38826803501638,
    "height": 23.775078720497923
  },
  "c3": {
    "x": 586.0623127867061,
    "y": 383.21395906828684,
    "width": 208.38826803501638,
    "height": 23.775078720497923
  },
  "c4": {
    "x": 586.0623127867061,
    "y": 408.18634263383575,
    "width": 208.38826803501638,
    "height": 23.76557446697312
  },
  "c5": {
    "x": 586.0623127867061,
    "y": 433.14922437848173,
    "width": 208.38826803501638,
    "height": 23.775076287876093
  },
  "c6": {
    "x": 586.0623127867061,
    "y": 458.1121036905059,
    "width": 208.38826803501638,
    "height": 48.7379604651439
  },
  "c7": {
    "x": 586.0623127867061,
    "y": 508.03786717979784,
    "width": 208.38826803501638,
    "height": 23.775078720497923
  },
  "c8": {
    "x": 586.0623127867061,
    "y": 533.0007489244438,
    "width": 208.38826803501638,
    "height": 23.775076287876093
  },
  "c9": {
    "x": 586.0623127867061,
    "y": 557.9636306690898,
    "width": 208.38826803501638,
    "height": 23.775076287876093
  },
  "c10": {
    "x": 586.0623127867061,
    "y": 582.9265099811139,
    "width": 208.38826803501638,
    "height": 23.775078720497923
  },
  "c11": {
    "x": 586.0623127867061,
    "y": 607.8893917257599,
    "width": 208.38826803501638,
    "height": 23.775076287876093
  },
  "c12": {
    "x": 586.0623127867061,
    "y": 632.852273470406,
    "width": 208.38826803501638,
    "height": 23.775076287875955
  },
  "c13": {
    "x": 586.0623127867061,
    "y": 657.8151527824299,
    "width": 208.38826803501638,
    "height": 23.775078720498062
  },
  "c14": {
    "x": 586.0623127867061,
    "y": 682.7780345270759,
    "width": 208.38826803501638,
    "height": 23.775078720498062
  },
  "c15": {
    "x": 586.0623127867061,
    "y": 707.740916271722,
    "width": 208.38826803501638,
    "height": 43.98674350330796
  },
  "c16": {
    "x": 586.0623127867061,
    "y": 752.9154627991779,
    "width": 208.38826803501638,
    "height": 23.775078720498062
  },
  "c17": {
    "x": 586.0623127867061,
    "y": 777.8783445438239,
    "width": 208.38826803501638,
    "height": 23.775078720498062
  },
  "c18": {
    "x": 586.0623127867061,
    "y": 802.84122628847,
    "width": 208.38826803501638,
    "height": 23.775078720497923
  },
  "c19": {
    "x": 586.0623127867061,
    "y": 827.8041080331159,
    "width": 208.38826803501638,
    "height": 23.775076287876093
  },
  "c20": {
    "x": 586.0623127867061,
    "y": 852.766989777762,
    "width": 208.38826803501638,
    "height": 23.775076287876093
  },
  "c21": {
    "x": 586.0623127867061,
    "y": 877.729869089786,
    "width": 208.38826803501638,
    "height": 23.775078720498062
  },
  "c22": {
    "x": 586.0623127867061,
    "y": 902.6927508344321,
    "width": 208.38826803501638,
    "height": 23.775076287876093
  },
  "c23": {
    "x": 586.0623127867061,
    "y": 927.6556325790781,
    "width": 208.38826803501638,
    "height": 23.775076287875955
  },
  "c24": {
    "x": 586.0623127867061,
    "y": 952.618511891102,
    "width": 208.38826803501638,
    "height": 23.775078720498062
  },
  "d1": {
    "x": 851.9022681252894,
    "y": 300.0106902326907,
    "width": 329.6297609996556,
    "height": 451.7169695423392
  },
  "d2": {
    "x": 851.9022681252894,
    "y": 752.9154627991779,
    "width": 329.6297609996556,