{
  "a1": {
    "x": 137.4536823182898,
    "y": 344.42755405225654,
    "width": 168.89311163895488,
    "height": 741.2636567410925
  },
  "b1": {
    "x": 307.5249412256532,
    "y": 344.42755405225654,
    "width": 168.89311163895488,
    "height": 227.53444180522567
  },
  "b2": {
    "x": 307.5249412256532,
    "y": 573.1401431258907,
    "width": 168.89311163895488,
    "height": 512.5510676674584
  },
  "c1": {
    "x": 544.4465564275534,
    "y": 344.42755405225654,
    "width": 220.50356294536826,
    "height": 30.48931055581948
  },
  "c2": {
    "x": 544.4465564275534,
    "y": 376.0855112969121,
    "width": 220.50356294536826,
    "height": 30.49881113539193
  },
  "c3": {
    "x": 544.4465564275534,
    "y": 407.7624697007126,
    "width": 220.50356294536826,
    "height": 30.489312988123512
  },
  "c4": {
    "x": 544.4465564275534,
    "y": 439.42992752494064,
    "width": 220.50356294536826,
    "height": 30.489312988123512
  },
  "c5": {
    "x": 544.4465564275534,
    "y": 471.0973877814727,
    "width": 220.50356294536826,
    "height": 62.15676838004751
  },
  "c6": {
    "x": 544.4465564275534,
    "y": 534.4323034299288,
    "width": 220.50356294536826,
    "height": 37.52969242755344
  },
  "c7": {
    "x": 544.4465564275534,
    "y": 573.1401431258907,
    "width": 220.50356294536826,
    "height": 37.52968999524941
  },
  "c8": {
    "x": 544.4465564275534,
    "y": 611.8384798099763,
    "width": 220.50356294536826,
    "height": 30.49881356769596
  },
  "c9": {
    "x": 544.4465564275534,
    "y": 643.5154382137767,
    "width": 220.50356294536826,
    "height": 30.489312988123583
  },
  "c10": {
    "x": 544.4465564275534,
    "y": 675.1828984703089,
    "width": 220.50356294536826,
    "height": 62.156768380047374
  },
  "c11": {
    "x": 544.4465564275534,
    "y": 738.5178141187648,
    "width": 220.50356294536826,
    "height": 30.48931055581955
  },
  "d1": {
    "x": 766.1282666413302,
    "y": 344.42755405225654,
    "width": 168.89311163895488,
    "height": 741.2636567410925
  },
  "e1": {
    "x": 1003.0498818432305,
    "y": 344.42755405225654,
    "width": 168.89311163895488,
    "height": 93.82422863657958
  },
  "e2": {
    "x": 1003.0498818432305,
    "y": 439.42992752494064,
    "width": 168.89311163895488,
    "height": 30.489312988123512
  },
  "e3": {
    "x": 1003.0498818432305,
    "y": 471.0973877814727,
    "width": 168.89311163895488,
    "height": 62.15676838004751
  },
  "e4": {
    "x": 1003.0498818432305,
    "y": 534.4323034299288,
    "width": 168.89311163895488,
    "height": 76.2375296912114
  },
  "e5": {
    "x": 1003.0498818432305,
    "y": 611.8384798099763,
    "width": 168.89311163895488,
    "height": 30.49881356769596
  },
  "f1": {
    "x": 1173.121140750594,
    "y": 344.42755405225654,
    "width": 168.89311163895474,
    "height": 93.82422863657958
  },
  "f2": {
    "x": 1173.121140750594,
    "y": 439.42992752494064,
    "width": 168.89311163895474,
    "height": 234.57482367695968
  },
  "h1": {
    "x": 1476.8931122470308,
    "y": 344.42755405225654,
    "width": 168.9026122185274,
    "height": 741.2636567410925
  }
}