{
  "a1": {
    "x": 257.7102137767221,
    "y": 327.06888361045134,
    "width": 129.87173335866984,
    "height": 948.4940611496438
  },
  "b1": {
    "x": 389.3871740047506,
    "y": 327.06888361045134,
    "width": 148.51306474109265,
    "height": 515.2779091306413
  },
  "b2": {
    "x": 389.3871740047506,
    "y": 844.1520196104512,
    "width": 148.51306474109265,
    "height": 431.41092514964384
  },
  "d1": {
    "x": 719.4774340712589,
    "y": 327.06888361045134,
    "width": 231.48693586698337,
    "height": 140.09501126840857
  },
  "d2": {
    "x": 719.4774340712589,
    "y": 468.9596211686461,
    "width": 231.48693586698337,
    "height": 87.18289786223278
  },
  "e1": {
    "x": 1030.935865767221,
    "y": 327.06888361045134,
    "width": 150.91686704038005,
    "height": 95.60095133491687
  },
  "e2": {
    "x": 1030.935865767221,
    "y": 424.46555880285035,
    "width": 150.91686704038005,
    "height": 42.698336076009504
  },
  "e3": {
    "x": 1030.935865767221,
    "y": 468.9596211686461,
    "width": 150.91686704038005,
    "height": 42.698336076009504
  },
  "e4": {
    "x": 1030.935865767221,
    "y": 513.4536811021378,
    "width": 150.91686704038005,
    "height": 42.68883792874109
  },
  "e5": {
    "x": 1030.935865767221,
    "y": 557.9477434679335,
    "width": 150.91686704038005,
    "height": 42.68883549643706
  },
  "e6": {
    "x": 1030.935865767221,
    "y": 602.4418058337293,
    "width": 150.91686704038005,
    "height": 42.68883549643706
  },
  "f1": {
    "x": 1183.6579572446556,
    "y": 327.06888361045134,
    "width": 184.2850356294537,
    "height": 95.60095133491687
  },
  "f2": {
    "x": 1183.6579572446556,
    "y": 424.46555880285035,
    "width": 184.2850356294537,
    "height": 131.67696022802852
  },
  "h1": {
    "x": 1518.8598574821854,
    "y": 327.06888361045134,
    "width": 144.6080760095012,
    "height": 273.56769535391925
  },
  "h2": {
    "x": 1518.8598574821854,
    "y": 602.4418058337293,
    "width": 144.6080760095012,
    "height": 215.25890736342052
  },
  "h3": {
    "x": 1518.8598574821854,
    "y": 819.5059376342044,
    "width": 144.6080760095012,
    "height": 72.15202021852731
  },
  "h4": {
    "x": 1518.8598574821854,
    "y": 893.4536817102138,
    "width": 144.6080760095012,
    "height": 75.458431087886
  },
  "h5": {
    "x": 1518.8598574821854,
    "y": 970.7173396674585,
    "width": 144.6080760095012,
    "height": 82.07126012351544
  }
}