{
  "b1": {
    "x": 258.6983372921615,
    "y": 314.04275473634203,
    "width": 199.94299287410928,
    "height": 300.92161520190024
  },
  "b2": {
    "x": 258.6983372921615,
    "y": 616.3895493016628,
    "width": 199.94299287410928,
    "height": 251.42992691686462
  },
  "c1": {
    "x": 553.8907357339667,
    "y": 314.04275473634203,
    "width": 158.74584323040375,
    "height": 786.0427559524941
  },
  "d1": {
    "x": 714.0712589073635,
    "y": 314.04275473634203,
    "width": 198.79334977672215,
    "height": 381.00712528266035
  },
  "d2": {
    "x": 714.0712589073635,
    "y": 696.4845599619954,
    "width": 198.79334977672215,
    "height": 171.334916256532
  },
  "d3": {
    "x": 714.0712589073635,
    "y": 869.2446555819478,
    "width": 198.79334977672215,
    "height": 177.34916742992874
  },
  "e1": {
    "x": 1008.1140142517816,
    "y": 314.04275473634203,
    "width": 133.58669833729218,
    "height": 171.34441926840856
  },
  "e2": {
    "x": 1008.1140142517816,
    "y": 486.812350935867,
    "width": 133.58669833729218,
    "height": 41.76722090261283
  },
  "e3": {
    "x": 1008.1140142517816,
    "y": 530.0047512019003,
    "width": 133.58669833729218,
    "height": 41.76722090261283
  },
  "e4": {
    "x": 1008.1140142517816,
    "y": 573.1971490356295,
    "width": 133.58669833729218,
    "height": 41.76722090261283
  },
  "e5": {
    "x": 1008.1140142517816,
    "y": 616.3895493016628,
    "width": 133.58669833729218,
    "height": 483.69596138717344
  },
  "f1": {
    "x": 1143.1258895201902,
    "y": 314.04275473634203,
    "width": 151.88598696437055,
    "height": 171.34441926840856
  },
  "f2": {
    "x": 1143.1258895201902,
    "y": 486.812350935867,
    "width": 151.88598696437055,
    "height": 41.76722090261283
  },
  "f3": {
    "x": 1143.1258895201902,
    "y": 530.0047512019003,
    "width": 151.88598696437055,
    "height": 41.76722090261283
  },
  "f4": {
    "x": 1143.1258895201902,
    "y": 573.1971490356295,
    "width": 151.88598696437055,
    "height": 41.76722090261283
  },
  "f5": {
    "x": 1143.1258895201902,
    "y": 616.3895493016628,
    "width": 151.88598696437055,
    "height": 483.69596138717344
  },
  "h1": {
    "x": 1484.0855106888362,
    "y": 314.04275473634203,
    "width": 211.38242280285036,
    "height": 84.95962116864608
  },
  "h2": {
    "x": 1484.0855106888362,
    "y": 400.42755283610455,
    "width": 211.38242280285036,
    "height": 128.1520190023753
  },
  "h3": {
    "x": 1484.0855106888362,
    "y": 530.0047512019003,
    "width": 211.38242280285036,
    "height": 84.95961873634205
  },
  "h4": {
    "x": 1484.0855106888362,
    "y": 616.3895493016628,
    "width": 211.38242280285036,
    "height": 121.85273098337292
  }
}
