{
  "a1": {
    "x": 54.320312,
    "y": 141.582031,
    "width": 117.273438,
    "height": 17.28125
  },
  "a2": {
    "x": 54.320312,
    "y": 159.554688,
    "width": 117.273438,
    "height": 17.28125
  },
  "a3": {
    "x": 54.320312,
    "y": 177.527344,
    "width": 117.273438,
    "height": 17.277344
  },
  "a4": {
    "x": 54.320312,
    "y": 195.496094,
    "width": 117.273438,
    "height": 8.296875
  },
  "a5": {
    "x": 54.320312,
    "y": 204.484375,
    "width": 117.273438,
    "height": 26.265625
  },
  "a6": {
    "x": 54.320312,
    "y": 231.441406,
    "width": 117.273438,
    "height": 8.292969
  },
  "b1": {
    "x": 172.285156,
    "y": 141.582031,
    "width": 72.347656,
    "height": 26.265625
  },
  "b2": {
    "x": 172.285156,
    "y": 168.539062,
    "width": 72.347656,
    "height": 26.265625999999997
  },
  "b3": {
    "x": 172.285156,
    "y": 195.496094,
    "width": 72.347656,
    "height": 26.265625
  },
  "b4": {
    "x": 172.285156,
    "y": 222.453125,
    "width": 72.347656,
    "height": 26.265625
  },
  "b5": {
    "x": 172.285156,
    "y": 249.410156,
    "width": 72.347656,
    "height": 134.09374999999997
  },
  "c1": {
    "x": 301.30859399999997,
    "y": 141.582031,
    "width": 78.914062,
    "height": 8.296875
  },
  "c2": {
    "x": 301.30859399999997,
    "y": 150.570312,
    "width": 78.914062,
    "height": 8.292969
  },
  "c3": {
    "x": 301.30859399999997,
    "y": 159.554688,
    "width": 78.914062,
    "height": 8.292968000000002
  },
  "c4": {
    "x": 301.30859399999997,
    "y": 168.539062,
    "width": 78.914062,
    "height": 8.296875999999997
  },
  "c5": {
    "x": 301.30859399999997,
    "y": 177.527344,
    "width": 78.914062,
    "height": 8.292968000000002
  },
  "c6": {
    "x": 301.30859399999997,
    "y": 186.511719,
    "width": 78.914062,
    "height": 8.292969
  },
  "c7": {
    "x": 301.30859399999997,
    "y": 195.496094,
    "width": 78.914062,
    "height": 8.296875
  },
  "c8": {
    "x": 301.30859399999997,
    "y": 204.484375,
    "width": 78.914062,
    "height": 8.292969
  },
  "c9": {
    "x": 301.30859399999997,
    "y": 213.46875,
    "width": 78.914062,
    "height": 8.292969
  },
  "c10": {
    "x": 301.30859399999997,
    "y": 222.453125,
    "width": 78.914062,
    "height": 8.296875
  },
  "c11": {
    "x": 301.30859399999997,
    "y": 231.441406,
    "width": 78.914062,
    "height": 8.292969
  },
  "c12": {
    "x": 301.30859399999997,
    "y": 240.425781,
    "width": 78.914062,
    "height": 8.292969
  },
  "c13": {
    "x": 301.30859399999997,
    "y": 249.410156,
    "width": 78.914062,
    "height": 8.296874999999972
  },
  "c14": {
    "x": 301.30859399999997,
    "y": 258.394531,
    "width": 78.914062,
    "height": 8.296875
  },
  "c15": {
    "x": 301.30859399999997,
    "y": 267.38281199999994,
    "width": 78.914062,
    "height": 8.292969000000028
  },
  "c16": {
    "x": 301.30859399999997,
    "y": 276.367188,
    "width": 78.914062,
    "height": 8.292967999999973
  },
  "c17": {
    "x": 301.30859399999997,
    "y": 285.35156199999994,
    "width": 78.914062,
    "height": 8.296876000000054
  },
  "c18": {
    "x": 301.30859399999997,
    "y": 294.33984399999997,
    "width": 78.914062,
    "height": 8.29296800000003
  },
  "c19": {
    "x": 301.30859399999997,
    "y": 303.324219,
    "width": 78.914062,
    "height": 8.292968999999971
  },
  "c20": {
    "x": 301.30859399999997,
    "y": 312.30859399999997,
    "width": 78.914062,
    "height": 8.296875000000057
  },
  "c21": {
    "x": 301.30859399999997,
    "y": 321.296875,
    "width": 78.914062,
    "height": 8.292969000000028
  },
  "c22": {
    "x": 301.30859399999997,
    "y": 330.28125,
    "width": 78.914062,
    "height": 8.292969000000028
  },
  "c23": {
    "x": 301.30859399999997,
    "y": 339.265625,
    "width": 78.914062,
    "height": 8.296875
  },
  "c24": {
    "x": 301.30859399999997,
    "y": 348.253906,
    "width": 78.914062,
    "height": 8.292969000000028
  },
  "c25": {
    "x": 301.30859399999997,
    "y": 357.238281,
    "width": 78.914062,
    "height": 8.292969000000028
  },
  "c26": {
    "x": 301.30859399999997,
    "y": 366.222656,
    "width": 78.914062,
    "height": 8.296875
  },
  "c27": {
    "x": 301.30859399999997,
    "y": 375.210938,
    "width": 78.914062,
    "height": 8.292967999999973
  },
  "e1": {
    "x": 439.43359399999997,
    "y": 141.582031,
    "width": 58.75390600000003,
    "height": 35.253907
  },
  "e2": {
    "x": 439.43359399999997,
    "y": 177.527344,
    "width": 58.75390600000003,
    "height": 8.292968000000002
  },
  "e3": {
    "x": 439.43359399999997,
    "y": 186.511719,
    "width": 58.75390600000003,
    "height": 17.28125
  },
  "e4": {
    "x": 439.43359399999997,
    "y": 204.484375,
    "width": 58.75390600000003,
    "height": 17.277344
  },
  "f1": {
    "x": 498.878906,
    "y": 141.582031,
    "width": 56.79296900000003,
    "height": 35.253907
  },
  "f2": {
    "x": 498.878906,
    "y": 177.527344,
    "width": 56.79296900000003,
    "height": 8.292968000000002
  },
  "f3": {
    "x": 498.878906,
    "y": 186.511719,
    "width": 56.79296900000003,
    "height": 17.28125
  },
  "f4": {
    "x": 498.878906,
    "y": 204.484375,
    "width": 56.79296900000003,
    "height": 8.292969
  },
  "f5": {
    "x": 498.878906,
    "y": 213.46875,
    "width": 56.79296900000003,
    "height": 8.292969
  },
  "h1": {
    "x": 614.882812,
    "y": 141.582031,
    "width": 59.789063000000056,
    "height": 35.253907
  },
  "h2": {
    "x": 614.882812,
    "y": 177.527344,
    "width": 59.789063000000056,
    "height": 17.277344
  },
  "h3": {
    "x": 614.882812,
    "y": 195.496094,
    "width": 59.789063000000056,
    "height": 188.00781199999997
  }
}
