{
  "a1": {
    "x": 139.8004738432304,
    "y": 304.34204275534444,
    "width": 159.08788598574822,
    "height": 54.28978500712589
  },
  "a2": {
    "x": 139.8004738432304,
    "y": 359.999998783848,
    "width": 159.08788598574822,
    "height": 49.14014495011876
  },
  "a3": {
    "x": 139.8004738432304,
    "y": 410.49881174346797,
    "width": 159.08788598574822,
    "height": 655.1543949073633
  },
  "b1": {
    "x": 300.2565308503563,
    "y": 304.34204275534444,
    "width": 342.74584444655585,
    "height": 71.12589195249406
  },
  "b2": {
    "x": 300.2565308503563,
    "y": 376.8361057292162,
    "width": 342.74584444655585,
    "height": 65.96674401900238
  },
  "b3": {
    "x": 300.2565308503563,
    "y": 444.1710207695962,
    "width": 342.74584444655585,
    "height": 65.96674645130642
  },
  "c1": {
    "x": 708.0570077339669,
    "y": 304.34204275534444,
    "width": 141.50118704038,
    "height": 54.28978500712589
  },
  "c2": {
    "x": 708.0570077339669,
    "y": 359.999998783848,
    "width": 141.50118704038,
    "height": 49.14014495011876
  },
  "c3": {
    "x": 708.0570077339669,
    "y": 410.49881174346797,
    "width": 141.50118704038,
    "height": 49.14014251781473
  },
  "c4": {
    "x": 708.0570077339669,
    "y": 460.9976247030879,
    "width": 141.50118704038,
    "height": 49.14014251781473
  },
  "d1": {
    "x": 850.9168652161521,
    "y": 304.34204275534444,
    "width": 203.06888300237523,
    "height": 761.311163895487
  },
  "e1": {
    "x": 1119.0498812351545,
    "y": 304.34204275534444,
    "width": 132.7030884940617,
    "height": 104.79810097862233
  },
  "e2": {
    "x": 1119.0498812351545,
    "y": 410.49881174346797,
    "width": 132.7030884940617,
    "height": 65.96674645130642
  },
  "e3": {
    "x": 1119.0498812351545,
    "y": 477.83372921615205,
    "width": 132.7030884940617,
    "height": 65.96674645130642
  },
  "e4": {
    "x": 1119.0498812351545,
    "y": 545.1686466888361,
    "width": 132.7030884940617,
    "height": 65.97624703087887
  },
  "f1": {
    "x": 1253.1116377387173,
    "y": 304.34204275534444,
    "width": 159.08788598574822,
    "height": 172.12351543942992
  },
  "f2": {
    "x": 1253.1116377387173,
    "y": 477.83372921615205,
    "width": 159.08788598574822,
    "height": 133.31116450356296
  },
  "h1": {
    "x": 1540.959618736342,
    "y": 304.34204275534444,
    "width": 132.69358791448946,
    "height": 104.79810097862233
  },
  "h2": {
    "x": 1540.959618736342,
    "y": 410.49881174346797,
    "width": 132.69358791448946,
    "height": 99.63895547743468
  },
  "h3": {
    "x": 1540.959618736342,
    "y": 511.5059382422803,
    "width": 132.69358791448946,
    "height": 99.63895547743468
  },
  "h4": {
    "x": 1540.959618736342,
    "y": 612.5035617292161,
    "width": 164.54156891211414,
    "height": 99.6389554774346
  }
}
