{
  "a1": {
    "x": 138.5083123230404,
    "y": 304.2565326745843,
    "width": 159.22090382897863,
    "height": 54.3372927695962
  },
  "a2": {
    "x": 138.5083123230404,
    "y": 359.9524934536817,
    "width": 159.22090382897863,
    "height": 49.17814726840855
  },
  "a3": {
    "x": 138.5083123230404,
    "y": 410.49881174346797,
    "width": 159.22090382897863,
    "height": 655.6674602565322
  },
  "b1": {
    "x": 299.08788659382424,
    "y": 304.2565326745843,
    "width": 343.0118752684085,
    "height": 71.18289786223278
  },
  "b2": {
    "x": 299.08788659382424,
    "y": 376.79809854631833,
    "width": 343.0118752684085,
    "height": 66.02375479334917
  },
  "b3": {
    "x": 299.08788659382424,
    "y": 444.1900243610452,
    "width": 343.0118752684085,
    "height": 66.02375236104514
  },
  "c1": {
    "x": 707.2209032209028,
    "y": 304.2565326745843,
    "width": 141.60570071258908,
    "height": 54.3372927695962
  },
  "c2": {
    "x": 707.2209032209028,
    "y": 359.9524934536817,
    "width": 141.60570071258908,
    "height": 49.17814726840855
  },
  "c3": {
    "x": 707.2209032209028,
    "y": 410.49881174346797,
    "width": 141.60570071258908,
    "height": 49.17814726840855
  },
  "c4": {
    "x": 707.2209032209028,
    "y": 461.03562945368174,
    "width": 141.60570071258908,
    "height": 49.17814726840855
  },
  "d1": {
    "x": 850.1852719429929,
    "y": 304.2565326745843,
    "width": 203.2304050166271,
    "height": 761.9097393254157
  },
  "e1": {
    "x": 1118.5273153064134,
    "y": 304.2565326745843,
    "width": 132.80760216627078,
    "height": 104.87410804750594
  },
  "e2": {
    "x": 1118.5273153064134,
    "y": 410.49881174346797,
    "width": 132.80760216627078,
    "height": 66.02375236104514
  },
  "e3": {
    "x": 1118.5273153064134,
    "y": 477.8812345463183,
    "width": 132.80760216627078,
    "height": 66.02375479334917
  },
  "e4": {
    "x": 1118.5273153064134,
    "y": 545.2731603610451,
    "width": 132.80760216627078,
    "height": 66.02375236104514
  },
  "f1": {
    "x": 1252.7030884940618,
    "y": 304.2565326745843,
    "width": 159.2114008171022,
    "height": 172.26603142992874
  },
  "f2": {
    "x": 1252.7030884940618,
    "y": 477.8812345463183,
    "width": 159.2114008171022,
    "height": 133.41567817577197
  },
  "h1": {
    "x": 1540.7695974156773,
    "y": 304.2565326745843,
    "width": 132.8075997339666,
    "height": 104.87410804750594
  },
  "h2": {
    "x": 1540.7695974156773,
    "y": 410.49881174346797,
    "width": 132.8075997339666,
    "height": 99.71496497862233
  },
  "h3": {
    "x": 1540.7695974156773,
    "y": 511.58194774346794,
    "width": 132.8075997339666,
    "height": 99.71496497862233
  },
  "h4": {
    "x": 1540.7695974156773,
    "y": 612.6650837434679,
    "width": 164.67458189073608,
    "height": 99.7149625463183
  }
}
