{
  "a1": {
    "x": 144.14251842280285,
    "y": 353.9857476104513,
    "width": 189.38717278859858,
    "height": 53.52018941567697
  },
  "a2": {
    "x": 144.14251842280285,
    "y": 408.8931116389549,
    "width": 189.38717278859858,
    "height": 53.510688836104514
  },
  "a3": {
    "x": 144.14251842280285,
    "y": 463.790975087886,
    "width": 189.38717278859858,
    "height": 53.52018941567697
  },
  "a4": {
    "x": 144.14251842280285,
    "y": 518.6983366840856,
    "width": 189.38717278859858,
    "height": 53.510688836104514
  },
  "a5": {
    "x": 144.14251842280285,
    "y": 573.5962001330166,
    "width": 189.38717278859858,
    "height": 73.48218405700706
  },
  "a6": {
    "x": 144.14251842280285,
    "y": 648.4655588028503,
    "width": 189.38717278859858,
    "height": 36.04750472209027
  },
  "a7": {
    "x": 144.14251842280285,
    "y": 685.9002381377671,
    "width": 189.38717278859858,
    "height": 36.04750472209027
  },
  "a8": {
    "x": 144.14251842280285,
    "y": 723.3349174726841,
    "width": 189.38717278859858,
    "height": 36.038004142517885
  },
  "a9": {
    "x": 144.14251842280285,
    "y": 760.7600962280285,
    "width": 189.38717278859858,
    "height": 36.04750472209027
  },
  "b1": {
    "x": 334.916863391924,
    "y": 353.9857476104513,
    "width": 153.89073816627078,
    "height": 218.22327790973873
  },
  "b2": {
    "x": 334.916863391924,
    "y": 573.5962001330166,
    "width": 153.89073816627078,
    "height": 541.2541549453682
  },
  "c1": {
    "x": 562.2897856152019,
    "y": 353.9857476104513,
    "width": 225.98575004275534,
    "height": 53.52018941567697
  },
  "c2": {
    "x": 562.2897856152019,
    "y": 408.8931116389549,
    "width": 225.98575004275534,
    "height": 53.510688836104514
  },
  "c3": {
    "x": 562.2897856152019,
    "y": 463.790975087886,
    "width": 225.98575004275534,
    "height": 108.41805043230404
  },
  "c4": {
    "x": 562.2897856152019,
    "y": 573.5962001330166,
    "width": 225.98575004275534,
    "height": 73.48218405700706
  },
  "c5": {
    "x": 562.2897856152019,
    "y": 648.4655588028503,
    "width": 225.98575004275534,
    "height": 36.04750472209027
  },
  "c6": {
    "x": 562.2897856152019,
    "y": 685.9002381377671,
    "width": 225.98575004275534,
    "height": 36.04750472209027
  },
  "c7": {
    "x": 562.2897856152019,
    "y": 723.3349174726841,
    "width": 225.98575004275534,
    "height": 36.038004142517885
  },
  "c8": {
    "x": 562.2897856152019,
    "y": 760.7600962280285,
    "width": 225.98575004275534,
    "height": 36.04750472209027
  },
  "c9": {
    "x": 562.2897856152019,
    "y": 798.1947731306414,
    "width": 225.98575004275534,
    "height": 36.047507154394296
  },
  "c10": {
    "x": 562.2897856152019,
    "y": 835.6294548978623,
    "width": 225.98575004275534,
    "height": 36.04750472209027
  },
  "c11": {
    "x": 562.2897856152019,
    "y": 873.0641318004751,
    "width": 225.98575004275534,
    "height": 36.047507154394296
  },
  "c12": {
    "x": 562.2897856152019,
    "y": 910.498813567696,
    "width": 225.98575004275534,
    "height": 36.04750472209027
  },
  "d1": {
    "x": 789.6627078384798,
    "y": 353.9857476104513,
    "width": 156.10451428028503,
    "height": 108.41805286460809
  },
  "d2": {
    "x": 789.6627078384798,
    "y": 463.790975087886,
    "width": 156.10451428028503,
    "height": 53.52018941567697
  },
  "e1": {
    "x": 1021.4726853016628,
    "y": 353.9857476104513,
    "width": 168.30403678859858,
    "height": 108.41805286460809
  },
  "e2": {
    "x": 1021.4726853016628,
    "y": 463.790975087886,
    "width": 168.30403678859858,
    "height": 53.52018941567697
  },
  "e3": {
    "x": 1021.4726853016628,
    "y": 518.6983366840856,
    "width": 168.30403678859858,
    "height": 90.94536817102139
  },
  "e4": {
    "x": 1021.4726853016628,
    "y": 611.0308794679336,
    "width": 168.30403678859858,
    "height": 73.48218405700706
  },
  "e5": {
    "x": 1021.4726853016628,
    "y": 685.9002381377671,
    "width": 168.30403678859858,
    "height": 73.47268347743476
  },
  "f1": {
    "x": 1191.1638942707839,
    "y": 353.9857476104513,
    "width": 197.14964492161522,
    "height": 108.41805286460809
  },
  "f2": {
    "x": 1191.1638942707839,
    "y": 463.790975087886,
    "width": 197.14964492161522,
    "height": 370.4513051971497
  },
  "h1": {
    "x": 1538.3182897862234,
    "y": 353.9857476104513,
    "width": 145.02612826603325,
    "height": 760.8646074679336
  }
}