{
  "a1": {
    "x": 154.71854871301477,
    "y": 364.72223333689675,
    "width": 286.1086383446769,
    "height": 48.28184143771752
  },
  "a2": {
    "x": 154.71854871301477,
    "y": 414.57197496109944,
    "width": 286.1086383446769,
    "height": 48.28184143771752
  },
  "a3": {
    "x": 154.71854871301477,
    "y": 464.42171658530214,
    "width": 286.1086383446769,
    "height": 48.28184387033935
  },
  "a4": {
    "x": 154.71854871301477,
    "y": 514.2714606421266,
    "width": 286.1086383446769,
    "height": 48.28184143771752
  },
  "a5": {
    "x": 154.71854871301477,
    "y": 564.1212046989511,
    "width": 286.1086383446769,
    "height": 48.28184143771752
  },
  "a6": {
    "x": 154.71854871301477,
    "y": 613.9804481440568,
    "width": 286.1086383446769,
    "height": 48.27233961681448
  },
  "a7": {
    "x": 154.71854871301477,
    "y": 663.8301922008812,
    "width": 286.1086383446769,
    "height": 48.28184143771759
  },
  "a8": {
    "x": 154.71854871301477,
    "y": 713.6799338250839,
    "width": 286.1086383446769,
    "height": 48.28184143771759
  },
  "a9": {
    "x": 154.71854871301477,
    "y": 763.5296778819086,
    "width": 286.1086383446769,
    "height": 48.281841437717446
  },
  "a10": {
    "x": 154.71854871301477,
    "y": 813.3794195061112,
    "width": 286.1086383446769,
    "height": 48.28184387033942
  },
  "a11": {
    "x": 154.71854871301477,
    "y": 863.2291635629357,
    "width": 286.1086383446769,
    "height": 98.13158306192028
  },
  "a12": {
    "x": 154.71854871301477,
    "y": 962.928649243963,
    "width": 286.1086383446769,
    "height": 48.281841437717446
  },
  "a13": {
    "x": 154.71854871301477,
    "y": 1012.7783908681656,
    "width": 286.1086383446769,
    "height": 48.28184387033942
  },
  "a14": {
    "x": 154.71854871301477,
    "y": 1062.6376367458931,
    "width": 286.1086383446769,
    "height": 48.27233961681455
  },
  "a15": {
    "x": 154.71854871301477,
    "y": 1112.487378370096,
    "width": 286.1086383446769,
    "height": 48.27233961681455
  },
  "a16": {
    "x": 154.71854871301477,
    "y": 1162.3371224269204,
    "width": 286.1086383446769,
    "height": 48.281841437717446
  },
  "c1": {
    "x": 644.9203571582985,
    "y": 364.72223333689675,
    "width": 235.09009490551023,
    "height": 98.13158306192021
  },
  "c2": {
    "x": 644.9203571582985,
    "y": 464.42171658530214,
    "width": 235.09009490551023,
    "height": 98.13158549454204
  },
  "c3": {
    "x": 644.9203571582985,
    "y": 564.1212046989511,
    "width": 235.09009490551023,
    "height": 48.28184143771752
  },
  "e1": {
    "x": 1084.0941227761346,
    "y": 364.72223333689675,
    "width": 235.09009247288824,
    "height": 98.13158306192021
  }
}