{
  "a1": {
    "x": 162.34679395724467,
    "y": 385.4441805225653,
    "width": 137.54869297862234,
    "height": 873.0926359714965
  },
  "b1": {
    "x": 301.70071137292166,
    "y": 385.4441805225653,
    "width": 157.37767464133017,
    "height": 386.84085571496445
  },
  "b2": {
    "x": 301.70071137292166,
    "y": 774.0902606745844,
    "width": 157.37767464133017,
    "height": 484.44655581947745
  },
  "d1": {
    "x": 651.6009495106889,
    "y": 385.4441805225653,
    "width": 245.37767342517816,
    "height": 194.62232779097388
  },
  "d2": {
    "x": 651.6009495106889,
    "y": 581.8717327505939,
    "width": 245.37767342517816,
    "height": 91.90498994774353
  },
  "e1": {
    "x": 981.6722084180524,
    "y": 385.4441805225653,
    "width": 159.78147207600944,
    "height": 100.91211340617578
  },
  "e2": {
    "x": 981.6722084180524,
    "y": 488.1615207980998,
    "width": 159.78147207600944,
    "height": 45.05463061282661
  },
  "e3": {
    "x": 981.6722084180524,
    "y": 535.0118777007126,
    "width": 159.78147207600944,
    "height": 45.05463061282661
  },
  "e4": {
    "x": 981.6722084180524,
    "y": 581.8717327505939,
    "width": 159.78147207600944,
    "height": 45.04513246555826
  },
  "e5": {
    "x": 981.6722084180524,
    "y": 628.7220896532067,
    "width": 159.78147207600944,
    "height": 45.05463304513064
  },
  "e6": {
    "x": 981.6722084180524,
    "y": 675.5724465558195,
    "width": 159.78147207600944,
    "height": 45.05463304513064
  },
  "f1": {
    "x": 1143.2589073634206,
    "y": 385.4441805225653,
    "width": 192.81710335391938,
    "height": 100.91211340617578
  },
  "f2": {
    "x": 1143.2589073634206,
    "y": 488.1615207980998,
    "width": 192.81710335391938,
    "height": 138.75534441805235
  },
  "h1": {
    "x": 1495.8574827933494,
    "y": 385.4441805225653,
    "width": 150.77434618527295,
    "height": 288.33254217577206
  },
  "h2": {
    "x": 1495.8574827933494,
    "y": 675.5724465558195,
    "width": 150.77434618527295,
    "height": 221.05463061282663
  },
  "h3": {
    "x": 1495.8574827933494,
    "y": 898.4323040380048,
    "width": 150.77434618527295,
    "height": 75.67695901187642
  },
  "h4": {
    "x": 1495.8574827933494,
    "y": 975.9144899192398,
    "width": 150.77434618527295,
    "height": 79.28741031828986
  },
  "h5": {
    "x": 1495.8574827933494,
    "y": 1057.0071246745845,
    "width": 150.77434618527295,
    "height": 86.49881235154395
  }
}