{
  "a1": {
    "x": 156.58907302612826,
    "y": 308.76959498337294,
    "width": 131.32541689311165,
    "height": 720.6745849311163
  },
  "b1": {
    "x": 289.42517936342045,
    "y": 308.76959498337294,
    "width": 176.104511239905,
    "height": 47.48693708313539
  },
  "b2": {
    "x": 289.42517936342045,
    "y": 357.7577209311164,
    "width": 176.104511239905,
    "height": 48.68408307838481
  },
  "b3": {
    "x": 289.42517936342045,
    "y": 407.9429928741093,
    "width": 176.104511239905,
    "height": 58.308787990498814
  },
  "b4": {
    "x": 289.42517936342045,
    "y": 467.75296972921615,
    "width": 176.104511239905,
    "height": 57.10213655106889
  },
  "b5": {
    "x": 289.42517936342045,
    "y": 526.3562951448931,
    "width": 176.104511239905,
    "height": 49.58669651306414
  },
  "b6": {
    "x": 289.42517936342045,
    "y": 577.4441805225654,
    "width": 176.104511239905,
    "height": 49.59619952494062
  },
  "b7": {
    "x": 289.42517936342045,
    "y": 628.5415664798101,
    "width": 176.104511239905,
    "height": 49.586698945368106
  },
  "b8": {
    "x": 289.42517936342045,
    "y": 679.6294542897862,
    "width": 176.104511239905,
    "height": 349.8147256247031
  },
  "c1": {
    "x": 556.5985760380048,
    "y": 308.76959498337294,
    "width": 135.83847920190033,
    "height": 47.48693708313539
  },
  "c2": {
    "x": 556.5985760380048,
    "y": 357.7577209311164,
    "width": 135.83847920190033,
    "height": 671.6864589833729
  },
  "d1": {
    "x": 693.9382416722091,
    "y": 308.76959498337294,
    "width": 120.5130641330165,
    "height": 47.48693708313539
  },
  "d2": {
    "x": 693.9382416722091,
    "y": 357.7577209311164,
    "width": 120.5130641330165,
    "height": 48.68408307838481
  },
  "d3": {
    "x": 693.9382416722091,
    "y": 407.9429928741093,
    "width": 120.5130641330165,
    "height": 58.308787990498814
  },
  "d4": {
    "x": 693.9382416722091,
    "y": 467.75296972921615,
    "width": 120.5130641330165,
    "height": 57.10213655106889
  },
  "d5": {
    "x": 693.9382416722091,
    "y": 526.3562951448931,
    "width": 120.5130641330165,
    "height": 503.08788476959614
  },
  "e1": {
    "x": 905.5106882280286,
    "y": 308.76959498337294,
    "width": 213.37767342517816,
    "height": 97.67220902612827
  },
  "e2": {
    "x": 905.5106882280286,
    "y": 407.9429928741093,
    "width": 213.37767342517816,
    "height": 58.308787990498814
  },
  "e3": {
    "x": 905.5106882280286,
    "y": 467.75296972921615,
    "width": 213.37767342517816,
    "height": 57.10213655106889
  },
  "e4": {
    "x": 905.5106882280286,
    "y": 526.3562951448931,
    "width": 213.37767342517816,
    "height": 49.58669651306414
  },
  "e5": {
    "x": 905.5106882280286,
    "y": 577.4441805225654,
    "width": 213.37767342517816,
    "height": 451.99999939192395
  },
  "f1": {
    "x": 1120.3990486650832,
    "y": 308.76959498337294,
    "width": 157.47268530166272,
    "height": 157.48218588123515
  },
  "f2": {
    "x": 1120.3990486650832,
    "y": 467.75296972921615,
    "width": 157.47268530166272,
    "height": 561.6912101852731
  },
  "h1": {
    "x": 1458.4893099477433,
    "y": 308.76959498337294,
    "width": 207.97149826128273,
    "height": 97.67220902612827
  },
  "h2": {
    "x": 1458.4893099477433,
    "y": 407.9429928741093,
    "width": 207.97149826128273,
    "height": 58.308787990498814
  },
  "h3": {
    "x": 1458.4893099477433,
    "y": 467.75296972921615,
    "width": 207.97149826128273,
    "height": 561.6912101852731
  }
}