{
  "a1": {
    "x": 126.48931055581949,
    "y": 349.6437054631829,
    "width": 143.86698458907364,
    "height": 44.75059504038005
  },
  "a2": {
    "x": 126.48931055581949,
    "y": 396.0855106888361,
    "width": 143.86698458907364,
    "height": 349.48218588123524
  },
  "b1": {
    "x": 272.05700590973873,
    "y": 349.6437054631829,
    "width": 286.603327239905,
    "height": 44.75059504038005
  },
  "b2": {
    "x": 272.05700590973873,
    "y": 396.0855106888361,
    "width": 286.603327239905,
    "height": 349.48218588123524
  },
  "c1": {
    "x": 619.2684073349169,
    "y": 349.6437054631829,
    "width": 155.19240026603325,
    "height": 395.9239911068884
  },
  "d1": {
    "x": 776.1615207980999,
    "y": 349.6437054631829,
    "width": 203.91448809501176,
    "height": 44.75059504038005
  },
  "d2": {
    "x": 776.1615207980999,
    "y": 396.0855106888361,
    "width": 203.91448809501176,
    "height": 23.230403192399052
  },
  "d3": {
    "x": 776.1615207980999,
    "y": 421.00712649881234,
    "width": 203.91448809501176,
    "height": 48.1520190023753
  },
  "d4": {
    "x": 776.1615207980999,
    "y": 470.8598586983373,
    "width": 203.91448809501176,
    "height": 48.14251599049882
  },
  "d5": {
    "x": 776.1615207980999,
    "y": 520.7030878859857,
    "width": 203.91448809501176,
    "height": 224.8646086840856
  },
  "e1": {
    "x": 1042.9453669548693,
    "y": 349.6437054631829,
    "width": 174.46080881710213,
    "height": 119.51544003800475
  },
  "e2": {
    "x": 1042.9453669548693,
    "y": 470.8598586983373,
    "width": 174.46080881710213,
    "height": 23.220900180522573
  },
  "e3": {
    "x": 1042.9453669548693,
    "y": 495.78147207600955,
    "width": 174.46080881710213,
    "height": 73.0641342327791
  },
  "e4": {
    "x": 1042.9453669548693,
    "y": 570.5463170736342,
    "width": 174.46080881710213,
    "height": 74.7648474299288
  },
  "e5": {
    "x": 1042.9453669548693,
    "y": 647.0118752684086,
    "width": 174.46080881710213,
    "height": 22.090263106888425
  },
  "e6": {
    "x": 1042.9453669548693,
    "y": 670.8028491401426,
    "width": 174.46080881710213,
    "height": 74.7648474299288
  },
  "f1": {
    "x": 1219.0973883895488,
    "y": 349.6437054631829,
    "width": 173.32066386698338,
    "height": 119.51544003800475
  },
  "f2": {
    "x": 1219.0973883895488,
    "y": 470.8598586983373,
    "width": 173.32066386698338,
    "height": 23.220900180522573
  },
  "f3": {
    "x": 1219.0973883895488,
    "y": 495.78147207600955,
    "width": 173.32066386698338,
    "height": 149.52969242755353
  },
  "f4": {
    "x": 1219.0973883895488,
    "y": 647.0118752684086,
    "width": 173.32066386698338,
    "height": 98.55582130166277
  },
  "h1": {
    "x": 1520.9976240950118,
    "y": 349.6437054631829,
    "width": 186.91686643230437,
    "height": 169.35866922565322
  },
  "h2": {
    "x": 1520.9976240950118,
    "y": 520.7030878859857,
    "width": 186.91686643230437,
    "height": 148.39905048931124
  },
  "h3": {
    "x": 1520.9976240950118,
    "y": 670.8028491401426,
    "width": 186.91686643230437,
    "height": 74.7648474299288
  }
}
