{
  "a1": {
    "x": 144.36104391448933,
    "y": 370.707837871734,
    "width": 137.01662890261284,
    "height": 706.0237547933492
  },
  "b1": {
    "x": 283.0783835819478,
    "y": 370.707837871734,
    "width": 152.0190023752969,
    "height": 177.21615201900238
  },
  "b2": {
    "x": 283.0783835819478,
    "y": 549.6152025083136,
    "width": 152.0190023752969,
    "height": 30.574820636579577
  },
  "b3": {
    "x": 283.0783835819478,
    "y": 581.8907363420428,
    "width": 152.0190023752969,
    "height": 494.8408563230404
  },
  "c1": {
    "x": 538.1377678289787,
    "y": 370.707837871734,
    "width": 165.33016566270786,
    "height": 43.03087825178147
  },
  "c2": {
    "x": 538.1377678289787,
    "y": 415.4394293206651,
    "width": 165.33016566270786,
    "height": 43.02137767220903
  },
  "c3": {
    "x": 538.1377678289787,
    "y": 460.1615201900238,
    "width": 165.33016566270786,
    "height": 43.03087825178147
  },
  "c4": {
    "x": 538.1377678289787,
    "y": 504.8931116389549,
    "width": 165.33016566270786,
    "height": 571.8384810261283
  },
  "d1": {
    "x": 705.1591436769596,
    "y": 370.707837871734,
    "width": 174.09976490261283,
    "height": 132.48456057007127
  },
  "d2": {
    "x": 705.1591436769596,
    "y": 504.8931116389549,
    "width": 174.09976490261283,
    "height": 75.29691150593824
  },
  "d3": {
    "x": 705.1591436769596,
    "y": 581.8907363420428,
    "width": 174.09976490261283,
    "height": 494.8408563230404
  },
  "e1": {
    "x": 982.3087885985749,
    "y": 370.707837871734,
    "width": 143.23990498812353,
    "height": 177.21615201900238
  },
  "e2": {
    "x": 982.3087885985749,
    "y": 549.6152025083136,
    "width": 143.23990498812353,
    "height": 30.574820636579577
  },
  "e3": {
    "x": 982.3087885985749,
    "y": 581.8907363420428,
    "width": 143.23990498812353,
    "height": 43.03087825178141
  },
  "e4": {
    "x": 982.3087885985749,
    "y": 626.6223277909739,
    "width": 143.23990498812353,
    "height": 30.574820636579577
  },
  "e5": {
    "x": 982.3087885985749,
    "y": 658.8978616247032,
    "width": 143.23990498812353,
    "height": 417.83373104038
  },
  "f1": {
    "x": 1127.2494067838481,
    "y": 370.707837871734,
    "width": 153.14964188123497,
    "height": 177.21615201900238
  },
  "f2": {
    "x": 1127.2494067838481,
    "y": 549.6152025083136,
    "width": 153.14964188123497,
    "height": 30.574820636579577
  },
  "f3": {
    "x": 1127.2494067838481,
    "y": 581.8907363420428,
    "width": 153.14964188123497,
    "height": 43.03087825178141
  },
  "f4": {
    "x": 1127.2494067838481,
    "y": 626.6223277909739,
    "width": 153.14964188123497,
    "height": 30.574820636579577
  },
  "f5": {
    "x": 1127.2494067838481,
    "y": 658.8978616247032,
    "width": 153.14964188123497,
    "height": 417.83373104038
  },
  "h1": {
    "x": 1484.7885973586697,
    "y": 370.707837871734,
    "width": 178.07126012351557,
    "height": 254.21377672209022
  },
  "h2": {
    "x": 1484.7885973586697,
    "y": 626.6223277909739,
    "width": 178.07126012351557,
    "height": 191.93349107838475
  },
  "h3": {
    "x": 1484.7885973586697,
    "y": 820.2565320665084,
    "width": 178.07126012351557,
    "height": 159.6579572446556
  },
  "h4": {
    "x": 1484.7885973586697,
    "y": 981.6152025083137,
    "width": 178.07126012351557,
    "height": 95.11639015676953
  }
}