{
  "a1": {
    "x": 144.92161459382424,
    "y": 375.4204269453682,
    "width": 150.35629636104514,
    "height": 70.14726901662708
  },
  "a2": {
    "x": 144.92161459382424,
    "y": 447.0023759049881,
    "width": 150.35629636104514,
    "height": 22.422802850356295
  },
  "a3": {
    "x": 144.92161459382424,
    "y": 470.8598586983373,
    "width": 150.35629636104514,
    "height": 22.422802850356295
  },
  "a4": {
    "x": 144.92161459382424,
    "y": 494.72684207125894,
    "width": 150.35629636104514,
    "height": 22.422802850356295
  },
  "a5": {
    "x": 144.92161459382424,
    "y": 518.584322432304,
    "width": 150.35629636104514,
    "height": 22.422802850356295
  },
  "a6": {
    "x": 144.92161459382424,
    "y": 542.4513058052257,
    "width": 150.35629636104514,
    "height": 22.422802850356295
  },
  "a7": {
    "x": 144.92161459382424,
    "y": 566.3087885985749,
    "width": 150.35629636104514,
    "height": 22.422802850356295
  },
  "b1": {
    "x": 296.7125884655582,
    "y": 375.4204269453682,
    "width": 175.6579572446556,
    "height": 117.86223460332542
  },
  "b2": {
    "x": 296.7125884655582,
    "y": 494.72684207125894,
    "width": 175.6579572446556,
    "height": 70.14726658432305
  },
  "b3": {
    "x": 296.7125884655582,
    "y": 566.3087885985749,
    "width": 175.6579572446556,
    "height": 147.7624703087886
  },
  "c1": {
    "x": 535.9049881235154,
    "y": 375.4204269453682,
    "width": 166.45130702137774,
    "height": 22.422802850356295
  },
  "c2": {
    "x": 535.9049881235154,
    "y": 399.27790973871737,
    "width": 166.45130702137774,
    "height": 22.422802850356295
  },
  "c3": {
    "x": 535.9049881235154,
    "y": 423.14489311163896,
    "width": 166.45130702137774,
    "height": 22.422802850356295
  },
  "c4": {
    "x": 535.9049881235154,
    "y": 447.0023759049881,
    "width": 166.45130702137774,
    "height": 22.422802850356295
  },
  "c5": {
    "x": 535.9049881235154,
    "y": 470.8598586983373,
    "width": 166.45130702137774,
    "height": 22.422802850356295
  },
  "d1": {
    "x": 703.790972655582,
    "y": 375.4204269453682,
    "width": 210.14726962470309,
    "height": 46.28028564370546
  },
  "d2": {
    "x": 703.790972655582,
    "y": 423.14489311163896,
    "width": 210.14726962470309,
    "height": 22.422802850356295
  },
  "d3": {
    "x": 703.790972655582,
    "y": 447.0023759049881,
    "width": 210.14726962470309,
    "height": 22.422802850356295
  },
  "d4": {
    "x": 703.790972655582,
    "y": 470.8598586983373,
    "width": 210.14726962470309,
    "height": 22.422802850356295
  },
  "e1": {
    "x": 977.4726846935868,
    "y": 375.4204269453682,
    "width": 212.45605639904983,
    "height": 94.00475180997624
  },
  "e2": {
    "x": 977.4726846935868,
    "y": 470.8598586983373,
    "width": 212.45605639904983,
    "height": 22.422802850356295
  },
  "e3": {
    "x": 977.4726846935868,
    "y": 494.72684207125894,
    "width": 212.45605639904983,
    "height": 22.422802850356295
  },
  "e4": {
    "x": 977.4726846935868,
    "y": 518.584322432304,
    "width": 212.45605639904983,
    "height": 22.422802850356295
  },
  "f1": {
    "x": 1191.3634210356295,
    "y": 375.4204269453682,
    "width": 226.251780864608,
    "height": 94.00475180997624
  },
  "f2": {
    "x": 1191.3634210356295,
    "y": 470.8598586983373,
    "width": 226.251780864608,
    "height": 22.422802850356295
  },
  "f3": {
    "x": 1191.3634210356295,
    "y": 494.72684207125894,
    "width": 226.251780864608,
    "height": 22.422802850356295
  },
  "f4": {
    "x": 1191.3634210356295,
    "y": 518.584322432304,
    "width": 226.251780864608,
    "height": 22.422802850356295
  },
  "f5": {
    "x": 1191.3634210356295,
    "y": 542.4513058052257,
    "width": 226.251780864608,
    "height": 22.422802850356295
  },
  "f6": {
    "x": 1191.3634210356295,
    "y": 566.3087885985749,
    "width": 226.251780864608,
    "height": 22.422802850356295
  },
  "h1": {
    "x": 1543.2399037719715,
    "y": 375.4204269453682,
    "width": 204.39905170546325,
    "height": 70.14726901662708
  },
  "h2": {
    "x": 1543.2399037719715,
    "y": 447.0023759049881,
    "width": 204.39905170546325,
    "height": 141.729215543943
  },
  "h3": {
    "x": 1543.2399037719715,
    "y": 590.166271391924,
    "width": 204.39905170546325,
    "height": 70.14726658432305
  },
  "h4": {
    "x": 1543.2399037719715,
    "y": 661.74821791924,
    "width": 204.39905170546325,
    "height": 52.323040988123445
  }
}