{
  "a1": {
    "x": 143.46793349168647,
    "y": 369.520190023753,
    "width": 147.94299348218527,
    "height": 44.78859979097387
  },
  "a2": {
    "x": 143.46793349168647,
    "y": 415.7529703372922,
    "width": 147.94299348218527,
    "height": 21.67220841805226
  },
  "a3": {
    "x": 143.46793349168647,
    "y": 438.8693592779098,
    "width": 147.94299348218527,
    "height": 21.67220841805226
  },
  "a4": {
    "x": 143.46793349168647,
    "y": 461.98574821852736,
    "width": 147.94299348218527,
    "height": 21.67220841805226
  },
  "a5": {
    "x": 143.46793349168647,
    "y": 485.1021371591449,
    "width": 147.94299348218527,
    "height": 21.67220841805226
  },
  "a6": {
    "x": 143.46793349168647,
    "y": 508.21852609976247,
    "width": 147.94299348218527,
    "height": 21.67221085035629
  },
  "b1": {
    "x": 292.8551074964371,
    "y": 369.520190023753,
    "width": 171.93349168646083,
    "height": 114.13776661282661
  },
  "b2": {
    "x": 292.8551074964371,
    "y": 485.1021371591449,
    "width": 171.93349168646083,
    "height": 67.90498873159144
  },
  "b3": {
    "x": 292.8551074964371,
    "y": 554.4513064133017,
    "width": 171.93349168646083,
    "height": 91.60094951068878
  },
  "c1": {
    "x": 526.916863391924,
    "y": 369.520190023753,
    "width": 162.67933613301662,
    "height": 21.67220841805226
  },
  "c2": {
    "x": 526.916863391924,
    "y": 392.6365789643706,
    "width": 162.67933613301662,
    "height": 21.67221085035629
  },
  "c3": {
    "x": 526.916863391924,
    "y": 415.7529703372922,
    "width": 162.67933613301662,
    "height": 21.67220841805226
  },
  "c4": {
    "x": 526.916863391924,
    "y": 438.8693592779098,
    "width": 162.67933613301662,
    "height": 21.67220841805226
  },
  "c5": {
    "x": 526.916863391924,
    "y": 461.98574821852736,
    "width": 162.67933613301662,
    "height": 21.67220841805226
  },
  "d1": {
    "x": 691.040380047506,
    "y": 369.520190023753,
    "width": 205.73871612351545,
    "height": 44.78859979097387
  },
  "d2": {
    "x": 691.040380047506,
    "y": 415.7529703372922,
    "width": 205.73871612351545,
    "height": 21.67220841805226
  },
  "d3": {
    "x": 691.040380047506,
    "y": 438.8693592779098,
    "width": 205.73871612351545,
    "height": 21.67220841805226
  },
  "d4": {
    "x": 691.040380047506,
    "y": 461.98574821852736,
    "width": 205.73871612351545,
    "height": 21.67220841805226
  },
  "e1": {
    "x": 958.9073628123515,
    "y": 369.520190023753,
    "width": 209.77672269833738,
    "height": 91.02137767220903
  },
  "e2": {
    "x": 958.9073628123515,
    "y": 461.98574821852736,
    "width": 209.77672269833738,
    "height": 21.67220841805226
  },
  "e3": {
    "x": 958.9073628123515,
    "y": 485.1021371591449,
    "width": 209.77672269833738,
    "height": 21.67220841805226
  },
  "e4": {
    "x": 958.9073628123515,
    "y": 508.21852609976247,
    "width": 209.77672269833738,
    "height": 21.67221085035629
  },
  "f1": {
    "x": 1170.1282660332542,
    "y": 369.520190023753,
    "width": 232.32304038004753,
    "height": 91.02137767220903
  },
  "f2": {
    "x": 1170.1282660332542,
    "y": 461.98574821852736,
    "width": 232.32304038004753,
    "height": 21.67220841805226
  },
  "f3": {
    "x": 1170.1282660332542,
    "y": 485.1021371591449,
    "width": 232.32304038004753,
    "height": 21.67220841805226
  },
  "f4": {
    "x": 1170.1282660332542,
    "y": 508.21852609976247,
    "width": 232.32304038004753,
    "height": 21.67221085035629
  },
  "f5": {
    "x": 1170.1282660332542,
    "y": 531.3349174726841,
    "width": 232.32304038004753,
    "height": 21.67220841805226
  },
  "f6": {
    "x": 1170.1282660332542,
    "y": 554.4513064133017,
    "width": 232.32304038004753,
    "height": 21.67220841805226
  },
  "h1": {
    "x": 1525.263659173397,
    "y": 369.520190023753,
    "width": 207.76246848456051,
    "height": 67.90498873159144
  },
  "h2": {
    "x": 1525.263659173397,
    "y": 438.8693592779098,
    "width": 207.76246848456051,
    "height": 137.25415555344418
  },
  "h3": {
    "x": 1525.263659173397,
    "y": 577.5676953539192,
    "width": 207.76246848456051,
    "height": 68.4845605700712
  }
}