{
  "a1": {
    "x": 142.09026189073634,
    "y": 343.50593702612827,
    "width": 147.07838479809976,
    "height": 679.4489311163895
  },
  "b1": {
    "x": 290.6603325415677,
    "y": 343.50593702612827,
    "width": 217.35866922565322,
    "height": 131.60095072684086
  },
  "b2": {
    "x": 290.6603325415677,
    "y": 476.5985736057007,
    "width": 217.35866922565322,
    "height": 546.3562945368171
  },
  "c1": {
    "x": 585.729216152019,
    "y": 343.50593702612827,
    "width": 191.74346732541562,
    "height": 679.4489311163895
  },
  "d1": {
    "x": 778.9643693301662,
    "y": 343.50593702612827,
    "width": 254.27078506413315,
    "height": 679.4489311163895
  },
  "e1": {
    "x": 1110.9453687790974,
    "y": 343.50593702612827,
    "width": 141.72921554394293,
    "height": 131.60095072684086
  },
  "e2": {
    "x": 1110.9453687790974,
    "y": 476.5985736057007,
    "width": 141.72921554394293,
    "height": 42.87886168171021
  },
  "e3": {
    "x": 1110.9453687790974,
    "y": 520.9596205605701,
    "width": 141.72921554394293,
    "height": 42.878859249406176
  },
  "e4": {
    "x": 1110.9453687790974,
    "y": 565.3301656627078,
    "width": 141.72921554394293,
    "height": 42.86935866983373
  },
  "e5": {
    "x": 1110.9453687790974,
    "y": 609.6912101852732,
    "width": 141.72921554394293,
    "height": 42.87886168171028
  },
  "f1": {
    "x": 1254.1567695961996,
    "y": 343.50593702612827,
    "width": 149.4726840855107,
    "height": 131.60095072684086
  },
  "f2": {
    "x": 1254.1567695961996,
    "y": 476.5985736057007,
    "width": 149.4726840855107,
    "height": 175.97149826128273
  },
  "h1": {
    "x": 1481.3396680665082,
    "y": 343.50593702612827,
    "width": 217.34916864608076,
    "height": 679.4489311163895
  }
}