{
  "a1": {
    "x": 249.56769657007126,
    "y": 299.7244643420428,
    "width": 132.7980991543943,
    "height": 36.19002557719715
  },
  "a2": {
    "x": 249.56769657007126,
    "y": 337.083136608076,
    "width": 132.7980991543943,
    "height": 174.8313533111639
  },
  "a3": {
    "x": 249.56769657007126,
    "y": 513.083134175772,
    "width": 132.7980991543943,
    "height": 221.53919422327797
  },
  "b1": {
    "x": 383.5344424133017,
    "y": 299.7244643420428,
    "width": 167.24940435154394,
    "height": 212.19002557719716
  },
  "b2": {
    "x": 383.5344424133017,
    "y": 513.083134175772,
    "width": 167.24940435154394,
    "height": 221.53919422327797
  },
  "b3": {
    "x": 383.5344424133017,
    "y": 735.790972655582,
    "width": 167.24940435154394,
    "height": 327.19240087410935
  },
  "c1": {
    "x": 609.1591436769596,
    "y": 299.7244643420428,
    "width": 154.40380108313533,
    "height": 63.3349180807601
  },
  "d1": {
    "x": 764.7315914489311,
    "y": 299.7244643420428,
    "width": 370.38479870783857,
    "height": 112.95962177672209
  },
  "d2": {
    "x": 764.7315914489311,
    "y": 413.8432297957245,
    "width": 370.38479870783857,
    "height": 649.140143733967
  },
  "e1": {
    "x": 1193.4916870688837,
    "y": 299.7244643420428,
    "width": 134.85035568646074,
    "height": 112.95962177672209
  },
  "e2": {
    "x": 1193.4916870688837,
    "y": 413.8432297957245,
    "width": 134.85035568646074,
    "height": 48.45605700712589
  },
  "e3": {
    "x": 1193.4916870688837,
    "y": 463.4679334916865,
    "width": 134.85035568646074,
    "height": 48.446556427553446
  },
  "e4": {
    "x": 1193.4916870688837,
    "y": 513.083134175772,
    "width": 134.85035568646074,
    "height": 48.45605943942992
  },
  "e5": {
    "x": 1193.4916870688837,
    "y": 562.707837871734,
    "width": 134.85035568646074,
    "height": 48.446556427553446
  },
  "f1": {
    "x": 1329.5106894441806,
    "y": 299.7244643420428,
    "width": 150.60332602375317,
    "height": 112.95962177672209
  },
  "f2": {
    "x": 1329.5106894441806,
    "y": 413.8432297957245,
    "width": 150.60332602375317,
    "height": 147.69596381947744
  },
  "h1": {
    "x": 1595.6959626033254,
    "y": 299.7244643420428,
    "width": 150.61282660332543,
    "height": 763.2589091876486
  }
}