{
  "a1": {
    "x": 280.36104513064134,
    "y": 285.17814787648456,
    "width": 124.48455935391925,
    "height": 61.5771965415677
  },
  "a2": {
    "x": 280.36104513064134,
    "y": 347.92399110688837,
    "width": 124.48455935391925,
    "height": 173.52018819952497
  },
  "a3": {
    "x": 280.36104513064134,
    "y": 522.6128259952494,
    "width": 124.48455935391925,
    "height": 73.70071198099762
  },
  "a4": {
    "x": 280.36104513064134,
    "y": 597.4821846650832,
    "width": 124.48455935391925,
    "height": 230.43230342992877
  },
  "b1": {
    "x": 406.0142511733967,
    "y": 285.17814787648456,
    "width": 139.95249527790975,
    "height": 211.31591388123516
  },
  "b2": {
    "x": 406.0142511733967,
    "y": 497.6627084465558,
    "width": 139.95249527790975,
    "height": 197.73871733966755
  },
  "b3": {
    "x": 406.0142511733967,
    "y": 696.5700700427553,
    "width": 139.95249527790975,
    "height": 395.35391984798093
  },
  "c1": {
    "x": 603.1733966745843,
    "y": 285.17814787648456,
    "width": 151.6294542897863,
    "height": 61.5771965415677
  },
  "c2": {
    "x": 603.1733966745843,
    "y": 347.92399110688837,
    "width": 151.6294542897863,
    "height": 48.75059443230404
  },
  "d1": {
    "x": 755.9714976532068,
    "y": 285.17814787648456,
    "width": 369.0736335961995,
    "height": 111.49643766270785
  },
  "d2": {
    "x": 755.9714976532068,
    "y": 397.83372921615205,
    "width": 369.0736335961995,
    "height": 694.0902606745843
  },
  "e1": {
    "x": 1182.2612820522565,
    "y": 285.17814787648456,
    "width": 109.00712528266027,
    "height": 186.3562933206651
  },
  "e2": {
    "x": 1182.2612820522565,
    "y": 472.7030878859858,
    "width": 109.00712528266027,
    "height": 48.74109142042756
  },
  "e3": {
    "x": 1182.2612820522565,
    "y": 522.6128259952494,
    "width": 109.00712528266027,
    "height": 48.74109385273159
  },
  "e4": {
    "x": 1182.2612820522565,
    "y": 572.5225641045131,
    "width": 109.00712528266027,
    "height": 48.75059443230404
  },
  "e5": {
    "x": 1182.2612820522565,
    "y": 622.4323046460809,
    "width": 109.00712528266027,
    "height": 48.75059199999994
  },
  "f1": {
    "x": 1292.4370540237528,
    "y": 285.17814787648456,
    "width": 132.228027895487,
    "height": 186.3562933206651
  },
  "f2": {
    "x": 1292.4370540237528,
    "y": 472.7030878859858,
    "width": 132.228027895487,
    "height": 198.479808760095
  },
  "h1": {
    "x": 1537.9097381092638,
    "y": 285.17814787648456,
    "width": 201.83372982422796,
    "height": 286.17577197149643
  },
  "h2": {
    "x": 1537.9097381092638,
    "y": 572.5225641045131,
    "width": 201.83372982422796,
    "height": 519.4014257862233
  }
}