{
  "a1": {
    "x": 144.73159084085512,
    "y": 347.5249400095012,
    "width": 142.43230464608075,
    "height": 44.3040386128266
  },
  "a2": {
    "x": 144.73159084085512,
    "y": 393.5106882280285,
    "width": 142.43230464608075,
    "height": 345.98574882660336
  },
  "b1": {
    "x": 288.8456050926366,
    "y": 347.5249400095012,
    "width": 283.7434679334917,
    "height": 44.3040386128266
  },
  "b2": {
    "x": 288.8456050926366,
    "y": 393.5106882280285,
    "width": 283.7434679334917,
    "height": 345.98574882660336
  },
  "c1": {
    "x": 632.5890736342043,
    "y": 347.5249400095012,
    "width": 153.64370607125898,
    "height": 391.97149704513066
  },
  "d1": {
    "x": 787.9239898907365,
    "y": 347.5249400095012,
    "width": 201.86223399524943,
    "height": 44.3040386128266
  },
  "d2": {
    "x": 787.9239898907365,
    "y": 393.5106882280285,
    "width": 201.86223399524943,
    "height": 22.99287410926366
  },
  "d3": {
    "x": 787.9239898907365,
    "y": 418.18527437529696,
    "width": 201.86223399524943,
    "height": 47.657957244655584
  },
  "d4": {
    "x": 787.9239898907365,
    "y": 467.5249412256532,
    "width": 201.86223399524943,
    "height": 47.66745782422803
  },
  "d5": {
    "x": 787.9239898907365,
    "y": 516.874108655582,
    "width": 201.86223399524943,
    "height": 222.62232839904988
  },
  "e1": {
    "x": 1052.0380053586698,
    "y": 347.5249400095012,
    "width": 172.7125878574822,
    "height": 118.31829161045131
  },
  "e2": {
    "x": 1052.0380053586698,
    "y": 467.5249412256532,
    "width": 172.7125878574822,
    "height": 22.99287410926366
  },
  "e3": {
    "x": 1052.0380053586698,
    "y": 492.1995249406176,
    "width": 172.7125878574822,
    "height": 72.34204153919241
  },
  "e4": {
    "x": 1052.0380053586698,
    "y": 566.2232785178147,
    "width": 172.7125878574822,
    "height": 74.01425056532061
  },
  "e5": {
    "x": 1052.0380053586698,
    "y": 641.919238688836,
    "width": 172.7125878574822,
    "height": 21.871735182898
  },
  "e6": {
    "x": 1052.0380053586698,
    "y": 665.4726834774347,
    "width": 172.7125878574822,
    "height": 74.02375357719723
  },
  "f1": {
    "x": 1226.4323028218525,
    "y": 347.5249400095012,
    "width": 171.58194835154416,
    "height": 118.31829161045131
  },
  "f2": {
    "x": 1226.4323028218525,
    "y": 467.5249412256532,
    "width": 171.58194835154416,
    "height": 22.99287410926366
  },
  "f3": {
    "x": 1226.4323028218525,
    "y": 492.1995249406176,
    "width": 171.58194835154416,
    "height": 148.03800414251776
  },
  "f4": {
    "x": 1226.4323028218525,
    "y": 641.919238688836,
    "width": 171.58194835154416,
    "height": 97.57719836579587
  },
  "h1": {
    "x": 1525.3111645035628,
    "y": 347.5249400095012,
    "width": 185.04513064133016,
    "height": 167.66745904038007
  },
  "h2": {
    "x": 1525.3111645035628,
    "y": 516.874108655582,
    "width": 185.04513064133016,
    "height": 146.91686521615202
  },
  "h3": {
    "x": 1525.3111645035628,
    "y": 665.4726834774347,
    "width": 185.04513064133016,
    "height": 74.02375357719723
  }
}