{
  "a1": {
    "x": 147.5439423847981,
    "y": 344.4940605415677,
    "width": 258.49881295961995,
    "height": 135.4204293776722
  },
  "a2": {
    "x": 147.5439423847981,
    "y": 481.87173335866987,
    "width": 258.49881295961995,
    "height": 122.52731591448932
  },
  "a3": {
    "x": 147.5439423847981,
    "y": 606.3657957244656,
    "width": 258.49881295961995,
    "height": 78.22327730166265
  },
  "a4": {
    "x": 147.5439423847981,
    "y": 686.5463188978622,
    "width": 258.49881295961995,
    "height": 354.6793337007126
  },
  "b1": {
    "x": 408.0095017957245,
    "y": 344.4940605415677,
    "width": 176.07600950118766,
    "height": 135.4204293776722
  },
  "b2": {
    "x": 408.0095017957245,
    "y": 481.87173335866987,
    "width": 176.07600950118766,
    "height": 122.52731591448932
  },
  "b3": {
    "x": 408.0095017957245,
    "y": 606.3657957244656,
    "width": 176.07600950118766,
    "height": 78.22327730166265
  },
  "b4": {
    "x": 408.0095017957245,
    "y": 686.5463188978622,
    "width": 176.07600950118766,
    "height": 354.6793337007126
  },
  "c1": {
    "x": 668.4750587743468,
    "y": 344.4940605415677,
    "width": 127.57244716389542,
    "height": 135.4204293776722
  },
  "d1": {
    "x": 798.0142523895488,
    "y": 344.4940605415677,
    "width": 199.62945185748214,
    "height": 340.0950124845605
  },
  "d2": {
    "x": 798.0142523895488,
    "y": 686.5463188978622,
    "width": 199.62945185748214,
    "height": 354.6793337007126
  },
  "e1": {
    "x": 1082.0332541567695,
    "y": 344.4940605415677,
    "width": 136.26603203800477,
    "height": 222.61282781947745
  },
  "e2": {
    "x": 1082.0332541567695,
    "y": 569.0736348123515,
    "width": 136.26603203800477,
    "height": 35.32541446080761
  },
  "e3": {
    "x": 1082.0332541567695,
    "y": 606.3657957244656,
    "width": 136.26603203800477,
    "height": 78.22327730166265
  },
  "e4": {
    "x": 1082.0332541567695,
    "y": 686.5463188978622,
    "width": 136.26603203800477,
    "height": 35.334915040380125
  },
  "f1": {
    "x": 1220.2565320665083,
    "y": 344.4940605415677,
    "width": 152.5320677244657,
    "height": 222.61282781947745
  },
  "h1": {
    "x": 1539.6104513064133,
    "y": 344.4940605415677,
    "width": 140.7505926080759,
    "height": 222.61282781947745
  },
  "h2": {
    "x": 1539.6104513064133,
    "y": 569.0736348123515,
    "width": 140.7505926080759,
    "height": 472.1520177862232
  }
}