{
  "a1": {
    "x": 143.49643766270785,
    "y": 357.4441799144893,
    "width": 137.06413180047508,
    "height": 696.1235160475059
  },
  "b1": {
    "x": 282.26128266033254,
    "y": 357.4441799144893,
    "width": 152.08551129691213,
    "height": 162.56532188123515
  },
  "b2": {
    "x": 282.26128266033254,
    "y": 521.7102149928742,
    "width": 152.08551129691213,
    "height": 38.23277909738717
  },
  "b3": {
    "x": 282.26128266033254,
    "y": 561.6342042755344,
    "width": 152.08551129691213,
    "height": 491.93349168646085
  },
  "c1": {
    "x": 537.4346787268408,
    "y": 357.4441799144893,
    "width": 165.39667458432297,
    "height": 39.36342103562946
  },
  "c2": {
    "x": 537.4346787268408,
    "y": 398.50831414726844,
    "width": 165.39667458432297,
    "height": 39.36342103562946
  },
  "c3": {
    "x": 537.4346787268408,
    "y": 439.57244594774346,
    "width": 165.39667458432297,
    "height": 39.3729216152019
  },
  "c4": {
    "x": 537.4346787268408,
    "y": 480.63658018052257,
    "width": 165.39667458432297,
    "height": 572.9311157814727
  },
  "d1": {
    "x": 704.5225659287411,
    "y": 357.4441799144893,
    "width": 174.17577197149657,
    "height": 121.50118764845607
  },
  "d2": {
    "x": 704.5225659287411,
    "y": 480.63658018052257,
    "width": 174.17577197149657,
    "height": 79.30641390973872
  },
  "d3": {
    "x": 704.5225659287411,
    "y": 561.6342042755344,
    "width": 174.17577197149657,
    "height": 491.93349168646085
  },
  "e1": {
    "x": 981.7862226698338,
    "y": 357.4441799144893,
    "width": 143.30641390973867,
    "height": 162.56532188123515
  },
  "e2": {
    "x": 981.7862226698338,
    "y": 521.7102149928742,
    "width": 143.30641390973867,
    "height": 38.23277909738717
  },
  "e3": {
    "x": 981.7862226698338,
    "y": 561.6342042755344,
    "width": 143.30641390973867,
    "height": 47.86698458907363
  },
  "e4": {
    "x": 981.7862226698338,
    "y": 611.2018996294537,
    "width": 143.30641390973867,
    "height": 28.883610451306346
  },
  "e5": {
    "x": 981.7862226698338,
    "y": 641.7862232779098,
    "width": 143.30641390973867,
    "height": 411.78147268408554
  },
  "f1": {
    "x": 1126.7933497767222,
    "y": 357.4441799144893,
    "width": 153.21615080285036,
    "height": 162.56532188123515
  },
  "f2": {
    "x": 1126.7933497767222,
    "y": 521.7102149928742,
    "width": 153.21615080285036,
    "height": 38.23277909738717
  },
  "f3": {
    "x": 1126.7933497767222,
    "y": 561.6342042755344,
    "width": 153.21615080285036,
    "height": 47.86698458907363
  },
  "f4": {
    "x": 1126.7933497767222,
    "y": 611.2018996294537,
    "width": 153.21615080285036,
    "height": 28.883610451306346
  },
  "f5": {
    "x": 1126.7933497767222,
    "y": 641.7862232779098,
    "width": 153.21615080285036,
    "height": 411.78147268408554
  },
  "h1": {
    "x": 1484.4845593539192,
    "y": 357.4441799144893,
    "width": 178.1377690451307,
    "height": 252.05700895011879
  },
  "h2": {
    "x": 1484.4845593539192,
    "y": 611.2018996294537,
    "width": 178.1377690451307,
    "height": 197.6817114299288
  },
  "h3": {
    "x": 1484.4845593539192,
    "y": 810.5748212446557,
    "width": 178.1377690451307,
    "height": 151.23990620427554
  },
  "h4": {
    "x": 1484.4845593539192,
    "y": 963.5059376342044,
    "width": 178.1377690451307,
    "height": 90.06175832779091
  }
}