{
  "a1": {
    "x": 143.67695840380048,
    "y": 391.5059394584323,
    "width": 137.05463365320665,
    "height": 719.2779097387174
  },
  "b1": {
    "x": 282.4323052541568,
    "y": 391.5059394584323,
    "width": 152.06650770546318,
    "height": 177.2731579287411
  },
  "b2": {
    "x": 282.4323052541568,
    "y": 570.4798105843231,
    "width": 152.06650770546318,
    "height": 30.584323648456056
  },
  "b3": {
    "x": 282.4323052541568,
    "y": 602.7648449976248,
    "width": 152.06650770546318,
    "height": 508.01900419952494
  },
  "c1": {
    "x": 537.5771971496438,
    "y": 391.5059394584323,
    "width": 165.37767099287413,
    "height": 43.04987941092637
  },
  "c2": {
    "x": 537.5771971496438,
    "y": 436.2470314869359,
    "width": 165.37767099287413,
    "height": 43.0498818432304
  },
  "c3": {
    "x": 537.5771971496438,
    "y": 480.9976240950119,
    "width": 165.37767099287413,
    "height": 43.040381263657956
  },
  "c4": {
    "x": 537.5771971496438,
    "y": 525.7387185558194,
    "width": 165.37767099287413,
    "height": 585.0451306413302
  },
  "d1": {
    "x": 704.6555813396676,
    "y": 391.5059394584323,
    "width": 174.15677081235154,
    "height": 132.53206590023754
  },
  "d2": {
    "x": 704.6555813396676,
    "y": 525.7387185558194,
    "width": 174.15677081235154,
    "height": 75.32541567695962
  },
  "d3": {
    "x": 704.6555813396676,
    "y": 602.7648449976248,
    "width": 174.15677081235154,
    "height": 508.01900419952494
  },
  "e1": {
    "x": 981.8812357624703,
    "y": 391.5059394584323,
    "width": 143.29691089786223,
    "height": 177.2731579287411
  },
  "e2": {
    "x": 981.8812357624703,
    "y": 570.4798105843231,
    "width": 143.29691089786223,
    "height": 30.584323648456056
  },
  "e3": {
    "x": 981.8812357624703,
    "y": 602.7648449976248,
    "width": 143.29691089786223,
    "height": 43.04038126365803
  },
  "e4": {
    "x": 981.8812357624703,
    "y": 647.5059394584325,
    "width": 143.29691089786223,
    "height": 30.584321216151817
  },
  "e5": {
    "x": 981.8812357624703,
    "y": 679.7814732921615,
    "width": 143.29691089786223,
    "height": 431.0023759049882
  },
  "f1": {
    "x": 1126.8693592779098,
    "y": 391.5059394584323,
    "width": 153.206650223278,
    "height": 177.2731579287411
  },
  "f2": {
    "x": 1126.8693592779098,
    "y": 570.4798105843231,
    "width": 153.206650223278,
    "height": 30.584323648456056
  },
  "f3": {
    "x": 1126.8693592779098,
    "y": 602.7648449976248,
    "width": 153.206650223278,
    "height": 43.04038126365803
  },
  "f4": {
    "x": 1126.8693592779098,
    "y": 647.5059394584325,
    "width": 153.206650223278,
    "height": 30.584321216151817
  },
  "f5": {
    "x": 1126.8693592779098,
    "y": 679.7814732921615,
    "width": 153.206650223278,
    "height": 431.0023759049882
  },
  "h1": {
    "x": 1484.5320671163895,
    "y": 391.5059394584323,
    "width": 178.11876302137762,
    "height": 254.29928680285045
  },
  "h2": {
    "x": 1484.5320671163895,
    "y": 647.5059394584325,
    "width": 178.11876302137762,
    "height": 205.01662586223264
  },
  "h3": {
    "x": 1484.5320671163895,
    "y": 854.2232785178148,
    "width": 178.11876302137762,
    "height": 159.71496315439418
  },
  "h4": {
    "x": 1484.5320671163895,
    "y": 1015.6389548693587,
    "width": 178.11876302137762,
    "height": 95.14489432779098
  }
}