{
  "a1": {
    "x": 157.9192392969121,
    "y": 265.3206644750594,
    "width": 233.9287404845606,
    "height": 62.86936049406176
  },
  "a2": {
    "x": 157.9192392969121,
    "y": 329.8907357339668,
    "width": 233.9287404845606,
    "height": 160.8646086840855
  },
  "a3": {
    "x": 157.9192392969121,
    "y": 492.4465570356295,
    "width": 233.9287404845606,
    "height": 629.5771953254157
  },
  "b1": {
    "x": 393.54869297862234,
    "y": 265.3206644750594,
    "width": 273.5771983657958,
    "height": 193.1496455296912
  },
  "b2": {
    "x": 393.54869297862234,
    "y": 460.1615201900238,
    "width": 273.5771983657958,
    "height": 159.73396674584325
  },
  "b3": {
    "x": 393.54869297862234,
    "y": 621.5962001330166,
    "width": 273.5771983657958,
    "height": 500.42755222802845
  },
  "c1": {
    "x": 668.8266021092637,
    "y": 265.3206644750594,
    "width": 226.28028503562948,
    "height": 257.71971435629456
  },
  "c2": {
    "x": 668.8266021092637,
    "y": 524.7410920285035,
    "width": 226.28028503562948,
    "height": 256.5795718384798
  },
  "c3": {
    "x": 668.8266021092637,
    "y": 783.0213770641332,
    "width": 226.28028503562948,
    "height": 30.58432364845599
  },
  "d1": {
    "x": 896.8076003420429,
    "y": 265.3206644750594,
    "width": 228.83610390498808,
    "height": 62.86936049406176
  },
  "d2": {
    "x": 896.8076003420429,
    "y": 329.8907357339668,
    "width": 228.83610390498808,
    "height": 225.4346799429929
  },
  "e1": {
    "x": 1127.3444174441806,
    "y": 265.3206644750594,
    "width": 171.33491868883618,
    "height": 127.43942932066508
  },
  "e2": {
    "x": 1127.3444174441806,
    "y": 394.46080699287415,
    "width": 171.33491868883618,
    "height": 30.584323648456056
  },
  "e3": {
    "x": 1127.3444174441806,
    "y": 426.7458438384798,
    "width": 171.33491868883618,
    "height": 31.724466166270783
  },
  "e4": {
    "x": 1127.3444174441806,
    "y": 460.1615201900238,
    "width": 171.33491868883618,
    "height": 30.593824228028506
  },
  "f1": {
    "x": 1300.3800468978623,
    "y": 265.3206644750594,
    "width": 186.9168639999998,
    "height": 127.43942932066508
  },
  "f2": {
    "x": 1300.3800468978623,
    "y": 394.46080699287415,
    "width": 186.9168639999998,
    "height": 128.5795718384798
  },
  "f3": {
    "x": 1300.3800468978623,
    "y": 524.7410920285035,
    "width": 186.9168639999998,
    "height": 30.584323648456056
  },
  "h1": {
    "x": 1554.4133004465557,
    "y": 265.3206644750594,
    "width": 181.82422985273166,
    "height": 127.43942932066508
  },
  "h2": {
    "x": 1554.4133004465557,
    "y": 394.46080699287415,
    "width": 181.82422985273166,
    "height": 727.5629453681711
  }
}