{
  "a1": {
    "x": 144.91211401425178,
    "y": 324.6745843230404,
    "width": 242.43230403800476,
    "height": 177.1306419382423
  },
  "a2": {
    "x": 144.91211401425178,
    "y": 503.249406783848,
    "width": 242.43230403800476,
    "height": 146.21377611401425
  },
  "a3": {
    "x": 144.91211401425178,
    "y": 650.9073634204276,
    "width": 242.43230403800476,
    "height": 65.01662768646088
  },
  "b1": {
    "x": 388.7885985748219,
    "y": 324.6745843230404,
    "width": 231.7434685415677,
    "height": 177.1306419382423
  },
  "b2": {
    "x": 388.7885985748219,
    "y": 503.249406783848,
    "width": 231.7434685415677,
    "height": 212.67458432304045
  },
  "c1": {
    "x": 621.9762476389549,
    "y": 324.6745843230404,
    "width": 260.93111699762477,
    "height": 31.781472076009504
  },
  "c2": {
    "x": 621.9762476389549,
    "y": 357.9002369216152,
    "width": 260.93111699762477,
    "height": 31.790975087885982
  },
  "c3": {
    "x": 621.9762476389549,
    "y": 391.13539253206653,
    "width": 260.93111699762477,
    "height": 31.781472076009504
  },
  "c4": {
    "x": 621.9762476389549,
    "y": 424.36104513064134,
    "width": 260.93111699762477,
    "height": 77.44418113064133
  },
  "c5": {
    "x": 621.9762476389549,
    "y": 503.249406783848,
    "width": 260.93111699762477,
    "height": 31.790972655581953
  },
  "c6": {
    "x": 621.9762476389549,
    "y": 536.4845599619953,
    "width": 260.93111699762477,
    "height": 46.517814726840854
  },
  "c7": {
    "x": 621.9762476389549,
    "y": 584.4465552114015,
    "width": 260.93111699762477,
    "height": 31.790975087885982
  },
  "c8": {
    "x": 621.9762476389549,
    "y": 617.6817108218528,
    "width": 260.93111699762477,
    "height": 31.781472076009504
  },
  "c9": {
    "x": 621.9762476389549,
    "y": 650.9073634204276,
    "width": 260.93111699762477,
    "height": 31.781472076009436
  },
  "c10": {
    "x": 621.9762476389549,
    "y": 684.1425190308789,
    "width": 260.93111699762477,
    "height": 31.781472076009575
  },
  "c11": {
    "x": 621.9762476389549,
    "y": 717.3681716294537,
    "width": 260.93111699762477,
    "height": 31.781472076009436
  },
  "c12": {
    "x": 621.9762476389549,
    "y": 750.5938242280286,
    "width": 260.93111699762477,
    "height": 31.790972655581953
  },
  "c13": {
    "x": 621.9762476389549,
    "y": 783.8289774061758,
    "width": 260.93111699762477,
    "height": 31.781474508313604
  },
  "d1": {
    "x": 884.351545159145,
    "y": 324.6745843230404,
    "width": 232.60807479334918,
    "height": 324.7885985748219
  },
  "d2": {
    "x": 884.351545159145,
    "y": 650.9073634204276,
    "width": 232.60807479334918,
    "height": 131.4774334631829
  },
  "d3": {
    "x": 884.351545159145,
    "y": 783.8289774061758,
    "width": 232.60807479334918,
    "height": 131.47743589548693
  },
  "d4": {
    "x": 884.351545159145,
    "y": 916.7505938242281,
    "width": 232.60807479334918,
    "height": 65.01662768646088
  },
  "e1": {
    "x": 1118.4133010546318,
    "y": 324.6745843230404,
    "width": 197.06413484085533,
    "height": 177.1306419382423
  },
  "e2": {
    "x": 1118.4133010546318,
    "y": 503.249406783848,
    "width": 197.06413484085533,
    "height": 31.790972655581953
  },
  "e3": {
    "x": 1118.4133010546318,
    "y": 536.4845599619953,
    "width": 197.06413484085533,
    "height": 46.517814726840854
  },
  "e4": {
    "x": 1118.4133010546318,
    "y": 584.4465552114015,
    "width": 197.06413484085533,
    "height": 31.790975087885982
  },
  "f1": {
    "x": 1316.9216164180525,
    "y": 324.6745843230404,
    "width": 197.0736329881234,
    "height": 177.1306419382423
  },
  "f2": {
    "x": 1316.9216164180525,
    "y": 503.249406783848,
    "width": 197.0736329881234,
    "height": 146.21377611401425
  },
  "h1": {
    "x": 1606.4608076009501,
    "y": 324.6745843230404,
    "width": 197.06413240855116,
    "height": 177.1306419382423
  },
  "h2": {
    "x": 1606.4608076009501,
    "y": 503.249406783848,
    "width": 197.06413240855116,
    "height": 146.21377611401425
  }
}