{
  "a1": {
    "x": 144.91211401425178,
    "y": 341.15914550118765,
    "width": 242.43230403800476,
    "height": 177.1306419382423
  },
  "a2": {
    "x": 144.91211401425178,
    "y": 519.7434685415677,
    "width": 242.43230403800476,
    "height": 146.20427553444188
  },
  "a3": {
    "x": 144.91211401425178,
    "y": 667.391924598575,
    "width": 242.43230403800476,
    "height": 65.01662768646074
  },
  "b1": {
    "x": 388.7885985748219,
    "y": 341.15914550118765,
    "width": 231.7434685415677,
    "height": 177.1306419382423
  },
  "b2": {
    "x": 388.7885985748219,
    "y": 519.7434685415677,
    "width": 231.7434685415677,
    "height": 212.66508374346793
  },
  "c1": {
    "x": 621.9762476389549,
    "y": 341.15914550118765,
    "width": 260.93111699762477,
    "height": 31.790972655581953
  },
  "c2": {
    "x": 621.9762476389549,
    "y": 374.39429867933495,
    "width": 260.93111699762477,
    "height": 31.781474508313536
  },
  "c3": {
    "x": 621.9762476389549,
    "y": 407.6199537102138,
    "width": 260.93111699762477,
    "height": 31.790972655581953
  },
  "c4": {
    "x": 621.9762476389549,
    "y": 440.8551068883611,
    "width": 260.93111699762477,
    "height": 77.43468055106888
  },
  "c5": {
    "x": 621.9762476389549,
    "y": 519.7434685415677,
    "width": 260.93111699762477,
    "height": 31.781472076009504
  },
  "c6": {
    "x": 621.9762476389549,
    "y": 552.9691211401425,
    "width": 260.93111699762477,
    "height": 46.517814726840854
  },
  "c7": {
    "x": 621.9762476389549,
    "y": 600.9406169691212,
    "width": 260.93111699762477,
    "height": 31.781472076009504
  },
  "c8": {
    "x": 621.9762476389549,
    "y": 634.166269567696,
    "width": 260.93111699762477,
    "height": 31.781474508313604
  },
  "c9": {
    "x": 621.9762476389549,
    "y": 667.391924598575,
    "width": 260.93111699762477,
    "height": 31.790972655581815
  },
  "c10": {
    "x": 621.9762476389549,
    "y": 700.6270777767221,
    "width": 260.93111699762477,
    "height": 31.781474508313604
  },
  "c11": {
    "x": 621.9762476389549,
    "y": 733.852732807601,
    "width": 260.93111699762477,
    "height": 31.790972655581953
  },
  "c12": {
    "x": 621.9762476389549,
    "y": 767.0878859857482,
    "width": 260.93111699762477,
    "height": 31.781472076009436
  },
  "c13": {
    "x": 621.9762476389549,
    "y": 800.313538584323,
    "width": 260.93111699762477,
    "height": 31.79097508788612
  },
  "d1": {
    "x": 884.351545159145,
    "y": 341.15914550118765,
    "width": 232.60807479334918,
    "height": 291.562943543943
  },
  "d2": {
    "x": 884.351545159145,
    "y": 634.166269567696,
    "width": 232.60807479334918,
    "height": 131.47743589548693
  },
  "d3": {
    "x": 884.351545159145,
    "y": 767.0878859857482,
    "width": 232.60807479334918,
    "height": 131.47743589548693
  },
  "d4": {
    "x": 884.351545159145,
    "y": 900.0095024038005,
    "width": 232.60807479334918,
    "height": 131.4774334631829
  },
  "e1": {
    "x": 1118.4133010546318,
    "y": 341.15914550118765,
    "width": 197.06413484085533,
    "height": 177.1306419382423
  },
  "e2": {
    "x": 1118.4133010546318,
    "y": 519.7434685415677,
    "width": 197.06413484085533,
    "height": 31.781472076009504
  },
  "e3": {
    "x": 1118.4133010546318,
    "y": 552.9691211401425,
    "width": 197.06413484085533,
    "height": 46.517814726840854
  },
  "e4": {
    "x": 1118.4133010546318,
    "y": 600.9406169691212,
    "width": 197.06413484085533,
    "height": 31.781472076009504
  },
  "f1": {
    "x": 1316.9216164180525,
    "y": 341.15914550118765,
    "width": 197.0736329881234,
    "height": 177.1306419382423
  },
  "f2": {
    "x": 1316.9216164180525,
    "y": 519.7434685415677,
    "width": 197.0736329881234,
    "height": 146.20427553444188
  },
  "h1": {
    "x": 1606.4608076009501,
    "y": 341.15914550118765,
    "width": 197.06413240855116,
    "height": 177.1306419382423
  },
  "h2": {
    "x": 1606.4608076009501,
    "y": 519.7434685415677,
    "width": 197.06413240855116,
    "height": 146.20427553444188
  }
}