{
  "a1": {
    "x": 144.91211401425178,
    "y": 354.47980936817106,
    "width": 242.43230403800476,
    "height": 177.1306419382423
  },
  "a2": {
    "x": 144.91211401425178,
    "y": 533.0546318289787,
    "width": 242.43230403800476,
    "height": 145.33966685035622
  },
  "a3": {
    "x": 144.91211401425178,
    "y": 679.8479797814725,
    "width": 242.43230403800476,
    "height": 65.0071271068885
  },
  "b1": {
    "x": 388.7885985748219,
    "y": 354.47980936817106,
    "width": 231.7434685415677,
    "height": 177.1306419382423
  },
  "b2": {
    "x": 388.7885985748219,
    "y": 533.0546318289787,
    "width": 231.7434685415677,
    "height": 211.80047505938242
  },
  "c1": {
    "x": 621.9762476389549,
    "y": 354.47980936817106,
    "width": 260.93111699762477,
    "height": 31.781474508313536
  },
  "c2": {
    "x": 621.9762476389549,
    "y": 387.7054643990499,
    "width": 260.93111699762477,
    "height": 31.790972655581953
  },
  "c3": {
    "x": 621.9762476389549,
    "y": 420.94061757719714,
    "width": 260.93111699762477,
    "height": 31.781472076009504
  },
  "c4": {
    "x": 621.9762476389549,
    "y": 454.166270175772,
    "width": 260.93111699762477,
    "height": 77.44418113064133
  },
  "c5": {
    "x": 621.9762476389549,
    "y": 533.0546318289787,
    "width": 260.93111699762477,
    "height": 31.781472076009504
  },
  "c6": {
    "x": 621.9762476389549,
    "y": 566.2802844275535,
    "width": 260.93111699762477,
    "height": 45.662709054631826
  },
  "c7": {
    "x": 621.9762476389549,
    "y": 613.3871740047506,
    "width": 260.93111699762477,
    "height": 31.781472076009504
  },
  "c8": {
    "x": 621.9762476389549,
    "y": 646.6128266033254,
    "width": 260.93111699762477,
    "height": 31.781472076009436
  },
  "c9": {
    "x": 621.9762476389549,
    "y": 679.8479797814725,
    "width": 260.93111699762477,
    "height": 31.781474508313742
  },
  "c10": {
    "x": 621.9762476389549,
    "y": 713.0736348123517,
    "width": 260.93111699762477,
    "height": 31.781472076009436
  },
  "c11": {
    "x": 621.9762476389549,
    "y": 746.2992874109264,
    "width": 260.93111699762477,
    "height": 31.790975087885982
  },
  "c12": {
    "x": 621.9762476389549,
    "y": 779.5344430213777,
    "width": 260.93111699762477,
    "height": 31.781472076009575
  },
  "c13": {
    "x": 621.9762476389549,
    "y": 812.7600956199526,
    "width": 260.93111699762477,
    "height": 31.790972655581815
  },
  "d1": {
    "x": 884.351545159145,
    "y": 354.47980936817106,
    "width": 232.60807479334918,
    "height": 290.6888367125891
  },
  "d2": {
    "x": 884.351545159145,
    "y": 646.6128266033254,
    "width": 232.60807479334918,
    "height": 131.47743589548693
  },
  "d3": {
    "x": 884.351545159145,
    "y": 779.5344430213777,
    "width": 232.60807479334918,
    "height": 131.4774334631829
  },
  "d4": {
    "x": 884.351545159145,
    "y": 912.4560570071259,
    "width": 232.60807479334918,
    "height": 131.4774334631829
  },
  "e1": {
    "x": 1118.4133010546318,
    "y": 354.47980936817106,
    "width": 197.06413484085533,
    "height": 177.1306419382423
  },
  "e2": {
    "x": 1118.4133010546318,
    "y": 533.0546318289787,
    "width": 197.06413484085533,
    "height": 31.781472076009504
  },
  "e3": {
    "x": 1118.4133010546318,
    "y": 566.2802844275535,
    "width": 197.06413484085533,
    "height": 45.662709054631826
  },
  "e4": {
    "x": 1118.4133010546318,
    "y": 613.3871740047506,
    "width": 197.06413484085533,
    "height": 31.781472076009504
  },
  "f1": {
    "x": 1316.9216164180525,
    "y": 354.47980936817106,
    "width": 197.0736329881234,
    "height": 177.1306419382423
  },
  "f2": {
    "x": 1316.9216164180525,
    "y": 533.0546318289787,
    "width": 197.0736329881234,
    "height": 145.33966685035622
  },
  "h1": {
    "x": 1606.4608076009501,
    "y": 354.47980936817106,
    "width": 197.06413240855116,
    "height": 177.1306419382423
  },
  "h2": {
    "x": 1606.4608076009501,
    "y": 533.0546318289787,
    "width": 197.06413240855116,
    "height": 145.33966685035622
  }
}