{
  "b1": {
    "x": 275.353918631829,
    "y": 318.14726780047505,
    "width": 197.93824410451307,
    "height": 297.90023874584324
  },
  "b2": {
    "x": 275.353918631829,
    "y": 617.4631828978622,
    "width": 197.93824410451307,
    "height": 248.91211279809977
  },
  "c1": {
    "x": 567.5914495391925,
    "y": 318.14726780047505,
    "width": 157.168644864608,
    "height": 778.1757725795724
  },
  "d1": {
    "x": 726.1757731876485,
    "y": 318.14726780047505,
    "width": 196.80759973396675,
    "height": 377.18764906413304
  },
  "d2": {
    "x": 726.1757731876485,
    "y": 696.750593216152,
    "width": 196.80759973396675,
    "height": 169.62470247981005
  },
  "d3": {
    "x": 726.1757731876485,
    "y": 867.7909744798101,
    "width": 196.80759973396675,
    "height": 175.57244716389542
  },
  "e1": {
    "x": 1017.2826597244656,
    "y": 318.14726780047505,
    "width": 132.24703148693595,
    "height": 169.62470247981
  },
  "e2": {
    "x": 1017.2826597244656,
    "y": 489.18764906413304,
    "width": 132.24703148693595,
    "height": 41.33966806650832
  },
  "e3": {
    "x": 1017.2826597244656,
    "y": 531.9429934821853,
    "width": 132.24703148693595,
    "height": 41.34916864608076
  },
  "e4": {
    "x": 1017.2826597244656,
    "y": 574.70783847981,
    "width": 132.24703148693595,
    "height": 41.33966806650832
  },
  "e5": {
    "x": 1017.2826597244656,
    "y": 617.4631828978622,
    "width": 132.24703148693595,
    "height": 478.8598574821853
  },
  "f1": {
    "x": 1150.9453675629454,
    "y": 318.14726780047505,
    "width": 150.36579694061757,
    "height": 169.62470247981
  },
  "f2": {
    "x": 1150.9453675629454,
    "y": 489.18764906413304,
    "width": 150.36579694061757,
    "height": 41.33966806650832
  },
  "f3": {
    "x": 1150.9453675629454,
    "y": 531.9429934821853,
    "width": 150.36579694061757,
    "height": 41.34916864608076
  },
  "f4": {
    "x": 1150.9453675629454,
    "y": 574.70783847981,
    "width": 150.36579694061757,
    "height": 41.33966806650832
  },
  "f5": {
    "x": 1150.9453675629454,
    "y": 617.4631828978622,
    "width": 150.36579694061757,
    "height": 478.8598574821853
  },
  "h1": {
    "x": 1488.4940617577197,
    "y": 318.14726780047505,
    "width": 209.26365734916874,
    "height": 84.10451306413302
  },
  "h2": {
    "x": 1488.4940617577197,
    "y": 403.6674596484561,
    "width": 209.26365734916874,
    "height": 126.85985748218528
  },
  "h3": {
    "x": 1488.4940617577197,
    "y": 531.9429934821853,
    "width": 209.26365734916874,
    "height": 84.10451306413302
  },
  "h4": {
    "x": 1488.4940617577197,
    "y": 617.4631828978622,
    "width": 209.26365734916874,
    "height": 120.63657896437049
  }
}