{
  "a1": {
    "x": 147.2399043800475,
    "y": 350.47980997624705,
    "width": 156.53206711638956,
    "height": 58.15676898812352
  },
  "a2": {
    "x": 147.2399043800475,
    "y": 409.9952494061758,
    "width": 156.53206711638956,
    "height": 58.15676898812352
  },
  "a3": {
    "x": 147.2399043800475,
    "y": 469.5106888361045,
    "width": 156.53206711638956,
    "height": 58.15676898812352
  },
  "b1": {
    "x": 305.1306419382423,
    "y": 350.47980997624705,
    "width": 239.97149582897865,
    "height": 177.187647847981
  },
  "b2": {
    "x": 305.1306419382423,
    "y": 529.0261282660333,
    "width": 239.97149582897865,
    "height": 264.96912114014253
  },
  "c1": {
    "x": 624.4560570071259,
    "y": 350.47980997624705,
    "width": 164.9596211686461,
    "height": 117.67220841805226
  },
  "d1": {
    "x": 790.7743461852731,
    "y": 350.47980997624705,
    "width": 193.49168585273168,
    "height": 384
  },
  "d2": {
    "x": 790.7743461852731,
    "y": 735.8384804180523,
    "width": 193.49168585273168,
    "height": 236.71258785748205
  },
  "d3": {
    "x": 790.7743461852731,
    "y": 973.9097387173397,
    "width": 193.49168585273168,
    "height": 237.78622388598583
  },
  "e1": {
    "x": 1072.0475053301664,
    "y": 350.47980997624705,
    "width": 156.5320671163895,
    "height": 236.70308727790976
  },
  "e2": {
    "x": 1072.0475053301664,
    "y": 588.541567695962,
    "width": 156.5320671163895,
    "height": 86.4228028503563
  },
  "e3": {
    "x": 1072.0475053301664,
    "y": 676.3230409881236,
    "width": 156.5320671163895,
    "height": 58.15676898812345
  },
  "e4": {
    "x": 1072.0475053301664,
    "y": 735.8384804180523,
    "width": 156.5320671163895,
    "height": 58.15676898812345
  },
  "e5": {
    "x": 1072.0475053301664,
    "y": 795.353919847981,
    "width": 156.5320671163895,
    "height": 473.4156751353917
  },
  "f1": {
    "x": 1229.9382428883612,
    "y": 350.47980997624705,
    "width": 147.29691028978604,
    "height": 236.70308727790976
  },
  "f2": {
    "x": 1229.9382428883612,
    "y": 588.541567695962,
    "width": 147.29691028978604,
    "height": 86.4228028503563
  },
  "f3": {
    "x": 1229.9382428883612,
    "y": 676.3230409881236,
    "width": 147.29691028978604,
    "height": 58.15676898812345
  },
  "f4": {
    "x": 1229.9382428883612,
    "y": 735.8384804180523,
    "width": 147.29691028978604,
    "height": 58.15676898812345
  },
  "f5": {
    "x": 1229.9382428883612,
    "y": 795.353919847981,
    "width": 147.29691028978604,
    "height": 473.4156751353917
  },
  "h1": {
    "x": 1523.1733954584322,
    "y": 350.47980997624705,
    "width": 203.81947986698364,
    "height": 58.15676898812352
  },
  "h2": {
    "x": 1523.1733954584322,
    "y": 409.9952494061758,
    "width": 203.81947986698364,
    "height": 117.67220841805226
  },
  "h3": {
    "x": 1523.1733954584322,
    "y": 529.0261282660333,
    "width": 203.81947986698364,
    "height": 58.15676898812352
  },
  "h4": {
    "x": 1523.1733954584322,
    "y": 588.541567695962,
    "width": 203.81947986698364,
    "height": 145.93824228028504
  }
}