{
  "b1": {
    "x": 378.6983360760095,
    "y": 307.77197088836107,
    "width": 163.25890797149646,
    "height": 192.16151958194774
  },
  "b2": {
    "x": 378.6983360760095,
    "y": 501.37767099287413,
    "width": 163.25890797149646,
    "height": 327.0973877814726
  },
  "c1": {
    "x": 622.0047493776723,
    "y": 307.77197088836107,
    "width": 163.25890797149637,
    "height": 68.48456057007127
  },
  "d1": {
    "x": 786.7078378717339,
    "y": 307.77197088836107,
    "width": 163.2589079714965,
    "height": 192.16151958194774
  },
  "d2": {
    "x": 786.7078378717339,
    "y": 501.37767099287413,
    "width": 163.2589079714965,
    "height": 195.33491747268403
  },
  "d3": {
    "x": 786.7078378717339,
    "y": 698.1567689881235,
    "width": 163.2589079714965,
    "height": 262.0807600950119
  },
  "e1": {
    "x": 1030.0047505938244,
    "y": 307.77197088836107,
    "width": 163.2684085510689,
    "height": 99.40142639429929
  },
  "e2": {
    "x": 1030.0047505938244,
    "y": 408.61757780522566,
    "width": 163.2684085510689,
    "height": 29.472682869358675
  },
  "e3": {
    "x": 1030.0047505938244,
    "y": 439.53444119714965,
    "width": 163.2684085510689,
    "height": 29.482185881235154
  },
  "e4": {
    "x": 1030.0047505938244,
    "y": 470.46080760095015,
    "width": 163.2684085510689,
    "height": 29.472682869358675
  },
  "e5": {
    "x": 1030.0047505938244,
    "y": 501.37767099287413,
    "width": 163.2684085510689,
    "height": 29.472685301662708
  },
  "f1": {
    "x": 1194.7173396674584,
    "y": 307.77197088836107,
    "width": 163.25890797149637,
    "height": 99.40142639429929
  },
  "f2": {
    "x": 1194.7173396674584,
    "y": 408.61757780522566,
    "width": 163.25890797149637,
    "height": 29.472682869358675
  },
  "f3": {
    "x": 1194.7173396674584,
    "y": 439.53444119714965,
    "width": 163.25890797149637,
    "height": 29.482185881235154
  },
  "f4": {
    "x": 1194.7173396674584,
    "y": 470.46080760095015,
    "width": 163.25890797149637,
    "height": 29.472682869358675
  },
  "f5": {
    "x": 1194.7173396674584,
    "y": 501.37767099287413,
    "width": 163.25890797149637,
    "height": 29.472685301662708
  },
  "h1": {
    "x": 1516.6175771971498,
    "y": 307.77197088836107,
    "width": 163.25890797149637,
    "height": 68.48456057007127
  },
  "h2": {
    "x": 1516.6175771971498,
    "y": 377.70071198099765,
    "width": 163.25890797149637,
    "height": 91.31591509738718
  },
  "h3": {
    "x": 1516.6175771971498,
    "y": 470.46080760095015,
    "width": 163.25890797149637,
    "height": 60.389548693586704
  },
  "h4": {
    "x": 1516.6175771971498,
    "y": 532.2945368171022,
    "width": 163.25890797149637,
    "height": 133.50118825653215
  }
}