{
  "a1": {
    "x": 141.80522504513064,
    "y": 361.5676965700713,
    "width": 152.19002496912114,
    "height": 46.63182897862233
  },
  "a2": {
    "x": 141.80522504513064,
    "y": 409.3491686460808,
    "width": 152.19002496912114,
    "height": 46.622328399049884
  },
  "b1": {
    "x": 295.13539253206653,
    "y": 361.5676965700713,
    "width": 278.06175650356295,
    "height": 571.5724453396674
  },
  "b2": {
    "x": 295.13539253206653,
    "y": 934.2802844275534,
    "width": 278.06175650356295,
    "height": 94.40380047505938
  },
  "b3": {
    "x": 295.13539253206653,
    "y": 1029.8242274204276,
    "width": 278.06175650356295,
    "height": 142.17577197149643
  },
  "c1": {
    "x": 640.7125896817103,
    "y": 361.5676965700713,
    "width": 218.55582008551062,
    "height": 46.63182897862233
  },
  "c2": {
    "x": 640.7125896817103,
    "y": 409.3491686460808,
    "width": 218.55582008551062,
    "height": 46.622328399049884
  },
  "c3": {
    "x": 640.7125896817103,
    "y": 457.12114014251785,
    "width": 218.55582008551062,
    "height": 46.63182897862233
  },
  "c4": {
    "x": 640.7125896817103,
    "y": 504.8931116389549,
    "width": 218.55582008551062,
    "height": 46.63182897862233
  },
  "c5": {
    "x": 640.7125896817103,
    "y": 552.6650831353919,
    "width": 218.55582008551062,
    "height": 46.63182897862233
  },
  "c6": {
    "x": 640.7125896817103,
    "y": 600.437054631829,
    "width": 218.55582008551062,
    "height": 46.06175771971497
  },
  "c7": {
    "x": 640.7125896817103,
    "y": 647.6389548693587,
    "width": 218.55582008551062,
    "height": 46.63182897862233
  },
  "c8": {
    "x": 640.7125896817103,
    "y": 695.4109263657957,
    "width": 218.55582008551062,
    "height": 46.63182897862233
  },
  "c9": {
    "x": 640.7125896817103,
    "y": 743.1828978622328,
    "width": 218.55582008551062,
    "height": 46.63182897862233
  },
  "c10": {
    "x": 640.7125896817103,
    "y": 790.9643699382423,
    "width": 218.55582008551062,
    "height": 46.62232839904995
  },
  "c11": {
    "x": 640.7125896817103,
    "y": 838.7363414346793,
    "width": 218.55582008551062,
    "height": 46.62232839904995
  },
  "c12": {
    "x": 640.7125896817103,
    "y": 886.5083129311164,
    "width": 218.55582008551062,
    "height": 46.63182897862233
  },
  "c13": {
    "x": 640.7125896817103,
    "y": 934.2802844275534,
    "width": 218.55582008551062,
    "height": 46.63182897862233
  },
  "c14": {
    "x": 640.7125896817103,
    "y": 982.0522559239905,
    "width": 218.55582008551062,
    "height": 46.63182897862233
  },
  "c15": {
    "x": 640.7125896817103,
    "y": 1029.8242274204276,
    "width": 218.55582008551062,
    "height": 46.63182897862233
  },
  "c16": {
    "x": 640.7125896817103,
    "y": 1077.605699496437,
    "width": 218.55582008551062,
    "height": 46.62232839904995
  },
  "c17": {
    "x": 640.7125896817103,
    "y": 1125.3776734251783,
    "width": 218.55582008551062,
    "height": 46.622325966745784
  },
  "d1": {
    "x": 860.4085522850356,
    "y": 361.5676965700713,
    "width": 168.20902612826603,
    "height": 810.4323028218527
  },
  "e1": {
    "x": 1096.1330166270784,
    "y": 361.5676965700713,
    "width": 151.04037943943,
    "height": 142.1852725510689
  },
  "e2": {
    "x": 1096.1330166270784,
    "y": 504.8931116389549,
    "width": 151.04037943943,
    "height": 46.63182897862233
  },
  "e3": {
    "x": 1096.1330166270784,
    "y": 552.6650831353919,
    "width": 151.04037943943,
    "height": 46.63182897862233
  },
  "e4": {
    "x": 1096.1330166270784,
    "y": 600.437054631829,
    "width": 151.04037943943,
    "height": 46.06175771971497
  },
  "e5": {
    "x": 1096.1330166270784,
    "y": 647.6389548693587,
    "width": 151.04037943943,
    "height": 46.63182897862233
  },
  "f1": {
    "x": 1248.3230391638956,
    "y": 361.5676965700713,
    "width": 171.6389566935865,
    "height": 142.1852725510689
  },
  "f2": {
    "x": 1248.3230391638956,
    "y": 504.8931116389549,
    "width": 171.6389566935865,
    "height": 332.6935866983373
  },
  "h1": {
    "x": 1553.8432316199528,
    "y": 361.5676965700713,
    "width": 162.47980936817083,
    "height": 810.4323028218527
  }
}