{
  "a1": {
    "x": 445.7102143847981,
    "y": 232.75059321615203,
    "width": 157.02612887410928,
    "height": 243.4204275534442
  },
  "a2": {
    "x": 445.7102143847981,
    "y": 477.9192392969121,
    "width": 157.02612887410928,
    "height": 725.0261276579573
  },
  "b1": {
    "x": 604.4845617862233,
    "y": 232.75059321615203,
    "width": 179.21140020902615,
    "height": 47.27790973871734
  },
  "b2": {
    "x": 604.4845617862233,
    "y": 281.7767214821853,
    "width": 179.21140020902615,
    "height": 921.1686454726841
  },
  "c1": {
    "x": 842.6603313254158,
    "y": 232.75059321615203,
    "width": 132.51306474109256,
    "height": 970.1947737387175
  },
  "d1": {
    "x": 976.9216145938242,
    "y": 232.75059321615203,
    "width": 195.55344539667473,
    "height": 970.1947737387175
  },
  "e1": {
    "x": 1232.6080760095012,
    "y": 232.75059321615203,
    "width": 107.99049759619939,
    "height": 120.83610572921616
  },
  "e2": {
    "x": 1232.6080760095012,
    "y": 355.3349174726841,
    "width": 107.99049759619939,
    "height": 22.764845605700714
  },
  "e3": {
    "x": 1232.6080760095012,
    "y": 379.84798160570074,
    "width": 107.99049759619939,
    "height": 47.28741031828979
  },
  "e4": {
    "x": 1232.6080760095012,
    "y": 428.8836104513064,
    "width": 107.99049759619939,
    "height": 774.061756503563
  },
  "f1": {
    "x": 1342.3467921330166,
    "y": 232.75059321615203,
    "width": 127.25890857957259,
    "height": 96.31353858432304
  },
  "f2": {
    "x": 1342.3467921330166,
    "y": 330.81235032779097,
    "width": 127.25890857957259,
    "height": 872.1330166270784
  },
  "h1": {
    "x": 1585.7767226983374,
    "y": 232.75059321615203,
    "width": 174.54631646555814,
    "height": 970.1947737387175
  }
}