{
  "a1": {
    "x": 370.43230403800476,
    "y": 291.562945976247,
    "width": 164.88361166745844,
    "height": 152.6270783847981
  },
  "a2": {
    "x": 370.43230403800476,
    "y": 446.0237529691212,
    "width": 164.88361166745844,
    "height": 859.3444192684087
  },
  "b1": {
    "x": 537.1496443135392,
    "y": 291.562945976247,
    "width": 188.1710207695962,
    "height": 49.65320543467934
  },
  "b2": {
    "x": 537.1496443135392,
    "y": 343.0498800190024,
    "width": 188.1710207695962,
    "height": 49.65320786698337
  },
  "b3": {
    "x": 537.1496443135392,
    "y": 394.5368164940618,
    "width": 188.1710207695962,
    "height": 910.8313557434681
  },
  "c1": {
    "x": 787.2304038004751,
    "y": 291.562945976247,
    "width": 139.1353919239905,
    "height": 1013.8052262612829
  },
  "d1": {
    "x": 928.2090273444181,
    "y": 291.562945976247,
    "width": 205.33016444655576,
    "height": 1013.8052262612829
  },
  "e1": {
    "x": 1196.6745855391925,
    "y": 291.562945976247,
    "width": 113.39667276009509,
    "height": 126.87885864133017
  },
  "e2": {
    "x": 1196.6745855391925,
    "y": 420.2850362375297,
    "width": 113.39667276009509,
    "height": 23.90498812351544
  },
  "e3": {
    "x": 1196.6745855391925,
    "y": 446.0237529691212,
    "width": 113.39667276009509,
    "height": 49.65320543467934
  },
  "e4": {
    "x": 1196.6745855391925,
    "y": 497.51068944418057,
    "width": 113.39667276009509,
    "height": 807.8574827933494
  },
  "f1": {
    "x": 1311.9049893396677,
    "y": 291.562945976247,
    "width": 133.624703087886,
    "height": 101.14014190973873
  },
  "f2": {
    "x": 1311.9049893396677,
    "y": 394.5368164940618,
    "width": 133.624703087886,
    "height": 910.8313557434681
  },
  "h1": {
    "x": 1567.5059382422803,
    "y": 291.562945976247,
    "width": 183.26840794299295,
    "height": 1013.8052262612829
  }
}