{
  "a1": {
    "x": 151.18289786223278,
    "y": 329.8242268123516,
    "width": 164.32304098812352,
    "height": 46.40380290736341
  },
  "a2": {
    "x": 151.18289786223278,
    "y": 377.6912114014252,
    "width": 164.32304098812352,
    "height": 121.13064072209026
  },
  "a3": {
    "x": 151.18289786223278,
    "y": 500.2755356579573,
    "width": 164.32304098812352,
    "height": 202.85985565795718
  },
  "a4": {
    "x": 151.18289786223278,
    "y": 704.5890748503563,
    "width": 164.32304098812352,
    "height": 262.10926183372914
  },
  "b1": {
    "x": 316.96912053206654,
    "y": 329.8242268123516,
    "width": 207.23040440855107,
    "height": 128.13301784323042
  },
  "b2": {
    "x": 316.96912053206654,
    "y": 459.4109257577197,
    "width": 207.23040440855107,
    "height": 507.28741092636574
  },
  "c1": {
    "x": 638.3182903942992,
    "y": 329.8242268123516,
    "width": 164.3325415676961,
    "height": 636.8741098717339
  },
  "d1": {
    "x": 804.104513064133,
    "y": 329.8242268123516,
    "width": 126.38479931591449,
    "height": 636.8741098717339
  },
  "e1": {
    "x": 1044.6175759809976,
    "y": 329.8242268123516,
    "width": 115.28741214251782,
    "height": 168.99762531116392
  },
  "e2": {
    "x": 1044.6175759809976,
    "y": 500.2755356579573,
    "width": 115.28741214251782,
    "height": 39.40142335391925
  },
  "e3": {
    "x": 1044.6175759809976,
    "y": 541.1401431258907,
    "width": 115.28741214251782,
    "height": 39.40142578622328
  },
  "e4": {
    "x": 1044.6175759809976,
    "y": 582.0047505938243,
    "width": 115.28741214251782,
    "height": 39.40142578622321
  },
  "e5": {
    "x": 1044.6175759809976,
    "y": 622.8693580617577,
    "width": 115.28741214251782,
    "height": 343.8289786223278
  },
  "f1": {
    "x": 1161.3681698052258,
    "y": 329.8242268123516,
    "width": 111.20190023752956,
    "height": 168.99762531116392
  },
  "f2": {
    "x": 1161.3681698052258,
    "y": 500.2755356579573,
    "width": 136.8836110593825,
    "height": 466.42280102612824
  },
  "h1": {
    "x": 1432.807601558195,
    "y": 329.8242268123516,
    "width": 231.75296912113987,
    "height": 636.8741098717339
  }
}