{
  "a1": {
    "x": 149.19715025178147,
    "y": 342.39429867933495,
    "width": 282.5748212446556,
    "height": 41.63420549168646
  },
  "a2": {
    "x": 149.19715025178147,
    "y": 385.70071319714964,
    "width": 282.5748212446556,
    "height": 41.63420305938243
  },
  "a3": {
    "x": 149.19715025178147,
    "y": 428.9976247030879,
    "width": 282.5748212446556,
    "height": 41.63420549168646
  },
  "a4": {
    "x": 149.19715025178147,
    "y": 472.29453620902615,
    "width": 282.5748212446556,
    "height": 19.990498812351547
  },
  "a5": {
    "x": 149.19715025178147,
    "y": 493.9477434679335,
    "width": 282.5748212446556,
    "height": 63.287410318289794
  },
  "a6": {
    "x": 149.19715025178147,
    "y": 558.8978622327792,
    "width": 282.5748212446556,
    "height": 19.990498812351547
  },
  "b1": {
    "x": 433.4346799429929,
    "y": 342.39429867933495,
    "width": 174.31829039429928,
    "height": 63.287410318289794
  },
  "b2": {
    "x": 433.4346799429929,
    "y": 407.3444174441805,
    "width": 174.31829039429928,
    "height": 63.28741275059382
  },
  "b3": {
    "x": 433.4346799429929,
    "y": 472.29453620902615,
    "width": 174.31829039429928,
    "height": 63.287410318289794
  },
  "b4": {
    "x": 433.4346799429929,
    "y": 537.2541555534442,
    "width": 174.31829039429928,
    "height": 63.28741275059382
  },
  "b5": {
    "x": 433.4346799429929,
    "y": 602.2042767505939,
    "width": 125.73871612351545,
    "height": 323.0878853776723
  },
  "c1": {
    "x": 744.3135398004752,
    "y": 342.39429867933495,
    "width": 190.13776722090262,
    "height": 19.990498812351547
  },
  "c2": {
    "x": 744.3135398004752,
    "y": 364.0475059382423,
    "width": 190.13776722090262,
    "height": 19.980998232779097
  },
  "c3": {
    "x": 744.3135398004752,
    "y": 385.70071319714964,
    "width": 190.13776722090262,
    "height": 19.980995800475064
  },
  "c4": {
    "x": 744.3135398004752,
    "y": 407.3444174441805,
    "width": 190.13776722090262,
    "height": 19.990498812351547
  },
  "c5": {
    "x": 744.3135398004752,
    "y": 428.9976247030879,
    "width": 190.13776722090262,
    "height": 19.980998232779097
  },
  "c6": {
    "x": 744.3135398004752,
    "y": 450.65083196199527,
    "width": 190.13776722090262,
    "height": 19.980998232779097
  },
  "c7": {
    "x": 744.3135398004752,
    "y": 472.29453620902615,
    "width": 190.13776722090262,
    "height": 19.990498812351547
  },
  "c8": {
    "x": 744.3135398004752,
    "y": 493.9477434679335,
    "width": 190.13776722090262,
    "height": 19.990498812351547
  },
  "c9": {
    "x": 744.3135398004752,
    "y": 515.6009507268409,
    "width": 190.13776722090262,
    "height": 19.980995800475064
  },
  "c10": {
    "x": 744.3135398004752,
    "y": 537.2541555534442,
    "width": 190.13776722090262,
    "height": 19.980998232779097
  },
  "c11": {
    "x": 744.3135398004752,
    "y": 558.8978622327792,
    "width": 190.13776722090262,
    "height": 19.990498812351547
  },
  "c12": {
    "x": 744.3135398004752,
    "y": 580.5510694916865,
    "width": 190.13776722090262,
    "height": 19.990498812351547
  },
  "c13": {
    "x": 744.3135398004752,
    "y": 602.2042767505939,
    "width": 190.13776722090262,
    "height": 19.980995800475135
  },
  "c14": {
    "x": 744.3135398004752,
    "y": 623.8574815771973,
    "width": 190.13776722090262,
    "height": 19.980998232779026
  },
  "c15": {
    "x": 744.3135398004752,
    "y": 645.5011882565321,
    "width": 190.13776722090262,
    "height": 19.990498812351547
  },
  "c16": {
    "x": 744.3135398004752,
    "y": 667.1543930831355,
    "width": 190.13776722090262,
    "height": 19.980998232779026
  },
  "c17": {
    "x": 744.3135398004752,
    "y": 688.8076003420427,
    "width": 190.13776722090262,
    "height": 19.980998232779164
  },
  "c18": {
    "x": 744.3135398004752,
    "y": 710.4513070213777,
    "width": 190.13776722090262,
    "height": 19.990498812351547
  },
  "c19": {
    "x": 744.3135398004752,
    "y": 732.1045142802852,
    "width": 190.13776722090262,
    "height": 19.990498812351408
  },
  "c20": {
    "x": 744.3135398004752,
    "y": 753.7577191068883,
    "width": 190.13776722090262,
    "height": 19.980998232779164
  },
  "c21": {
    "x": 744.3135398004752,
    "y": 775.4109263657957,
    "width": 190.13776722090262,
    "height": 19.980998232779164
  },
  "c22": {
    "x": 744.3135398004752,
    "y": 797.0546306128266,
    "width": 190.13776722090262,
    "height": 19.990498812351547
  },
  "c23": {
    "x": 744.3135398004752,
    "y": 818.7078378717341,
    "width": 190.13776722090262,
    "height": 19.980998232779026
  },
  "c24": {
    "x": 744.3135398004752,
    "y": 840.3610451306414,
    "width": 190.13776722090262,
    "height": 19.980998232779164
  },
  "c25": {
    "x": 744.3135398004752,
    "y": 862.0047518099764,
    "width": 190.13776722090262,
    "height": 19.990498812351408
  },
  "c26": {
    "x": 744.3135398004752,
    "y": 883.6579566365796,
    "width": 190.13776722090262,
    "height": 19.990498812351547
  },
  "c27": {
    "x": 744.3135398004752,
    "y": 905.311163895487,
    "width": 190.13776722090262,
    "height": 19.980998232779164
  },
  "e1": {
    "x": 1077.121140750594,
    "y": 342.39429867933495,
    "width": 141.56769596199527,
    "height": 84.94061757719716
  },
  "e2": {
    "x": 1077.121140750594,
    "y": 428.9976247030879,
    "width": 141.56769596199527,
    "height": 19.980998232779097
  },
  "e3": {
    "x": 1077.121140750594,
    "y": 450.65083196199527,
    "width": 141.56769596199527,
    "height": 41.63420305938243
  },
  "e4": {
    "x": 1077.121140750594,
    "y": 493.9477434679335,
    "width": 141.56769596199527,
    "height": 41.63420305938243
  },
  "f1": {
    "x": 1220.351542726841,
    "y": 342.39429867933495,
    "width": 136.83610572921614,
    "height": 84.94061757719716
  },
  "f2": {
    "x": 1220.351542726841,
    "y": 428.9976247030879,
    "width": 136.83610572921614,
    "height": 19.980998232779097
  },
  "f3": {
    "x": 1220.351542726841,
    "y": 450.65083196199527,
    "width": 136.83610572921614,
    "height": 41.63420305938243
  },
  "f4": {
    "x": 1220.351542726841,
    "y": 493.9477434679335,
    "width": 136.83610572921614,
    "height": 19.990498812351547
  },
  "f5": {
    "x": 1220.351542726841,
    "y": 515.6009507268409,
    "width": 136.83610572921614,
    "height": 19.980995800475064
  },
  "h1": {
    "x": 1499.8669827648457,
    "y": 342.39429867933495,
    "width": 144.05700834204262,
    "height": 84.94061757719716
  },
  "h2": {
    "x": 1499.8669827648457,
    "y": 428.9976247030879,
    "width": 144.05700834204262,
    "height": 41.63420549168646
  },
  "h3": {
    "x": 1499.8669827648457,
    "y": 472.29453620902615,
    "width": 96.58907485035616,
    "height": 452.99762591923997
  }
}