{
  "a1": {
    "x": 212.49406114964373,
    "y": 391.9144887030879,
    "width": 133.68171142992875,
    "height": 854.622329615202
  },
  "b1": {
    "x": 347.92399110688837,
    "y": 391.9144887030879,
    "width": 152.95011754869358,
    "height": 382.07126073159145
  },
  "b2": {
    "x": 347.92399110688837,
    "y": 775.7339679619953,
    "width": 152.95011754869358,
    "height": 470.8028503562947
  },
  "d1": {
    "x": 687.9619952494062,
    "y": 391.9144887030879,
    "width": 238.4608063847981,
    "height": 195.2684085510689
  },
  "d2": {
    "x": 687.9619952494062,
    "y": 588.9311157814727,
    "width": 238.4608063847981,
    "height": 134.8503556864608
  },
  "e1": {
    "x": 1008.7410914204274,
    "y": 391.9144887030879,
    "width": 155.27791034679342,
    "height": 98.07126012351544
  },
  "e2": {
    "x": 1008.7410914204274,
    "y": 491.74346793349173,
    "width": 155.27791034679342,
    "height": 43.781472684085514
  },
  "e3": {
    "x": 1008.7410914204274,
    "y": 537.2731591448932,
    "width": 155.27791034679342,
    "height": 49.909738109263664
  },
  "e4": {
    "x": 1008.7410914204274,
    "y": 588.9311157814727,
    "width": 155.27791034679342,
    "height": 43.78147268408544
  },
  "e5": {
    "x": 1008.7410914204274,
    "y": 634.4703075724465,
    "width": 155.27791034679342,
    "height": 43.78147268408565
  },
  "e6": {
    "x": 1008.7410914204274,
    "y": 679.999998783848,
    "width": 155.27791034679342,
    "height": 43.781472684085514
  },
  "f1": {
    "x": 1165.7672202945369,
    "y": 391.9144887030879,
    "width": 187.38242401900237,
    "height": 98.07126012351544
  },
  "f2": {
    "x": 1165.7672202945369,
    "y": 491.74346793349173,
    "width": 187.38242401900237,
    "height": 140.96912053206646
  },
  "h1": {
    "x": 1508.4275522280284,
    "y": 391.9144887030879,
    "width": 146.52731713064148,
    "height": 286.3372915534442
  },
  "h2": {
    "x": 1508.4275522280284,
    "y": 679.999998783848,
    "width": 146.52731713064148,
    "height": 214.82185394774348
  },
  "h3": {
    "x": 1508.4275522280284,
    "y": 896.5700712589074,
    "width": 146.52731713064148,
    "height": 73.55819355819479
  },
  "h4": {
    "x": 1508.4275522280284,
    "y": 971.8764833444181,
    "width": 146.52731713064148,
    "height": 77.05463304513064
  },
  "h5": {
    "x": 1508.4275522280284,
    "y": 1050.6793349168647,
    "width": 146.52731713064148,
    "height": 84.0665083135392
  }
}