{
  "a1": {
    "x": 216.85510688836106,
    "y": 343.2304031923991,
    "width": 132.19002314489313,
    "height": 780.6840861187648
  },
  "b1": {
    "x": 350.8313533111639,
    "y": 343.2304031923991,
    "width": 151.25890736342043,
    "height": 467.75296972921615
  },
  "b2": {
    "x": 350.8313533111639,
    "y": 812.7695961995249,
    "width": 151.25890736342043,
    "height": 311.14489311163896
  },
  "d1": {
    "x": 687.5819477434679,
    "y": 343.2304031923991,
    "width": 236.11401485985755,
    "height": 140.83610512114015
  },
  "d2": {
    "x": 687.5819477434679,
    "y": 485.85273159144896,
    "width": 236.11401485985755,
    "height": 87.53444119714965
  },
  "e1": {
    "x": 1005.273158536817,
    "y": 343.2304031923991,
    "width": 153.9382434964372,
    "height": 96.17102259382423
  },
  "e2": {
    "x": 1005.273158536817,
    "y": 441.18764906413304,
    "width": 153.9382434964372,
    "height": 42.878859249406176
  },
  "e3": {
    "x": 1005.273158536817,
    "y": 485.85273159144896,
    "width": 153.9382434964372,
    "height": 42.86935866983373
  },
  "e4": {
    "x": 1005.273158536817,
    "y": 530.5083135391924,
    "width": 153.9382434964372,
    "height": 42.878859249406176
  },
  "e5": {
    "x": 1005.273158536817,
    "y": 575.1733960665083,
    "width": 153.9382434964372,
    "height": 42.878859249406176
  },
  "e6": {
    "x": 1005.273158536817,
    "y": 619.8384810261283,
    "width": 153.9382434964372,
    "height": 42.86935866983373
  },
  "f1": {
    "x": 1160.997625311164,
    "y": 343.2304031923991,
    "width": 186.6793349168645,
    "height": 96.17102259382423
  },
  "f2": {
    "x": 1160.997625311164,
    "y": 441.18764906413304,
    "width": 186.6793349168645,
    "height": 132.19952372446556
  },
  "h1": {
    "x": 1501.311163287411,
    "y": 343.2304031923991,
    "width": 156.3230397719713,
    "height": 274.82185212351544
  },
  "h2": {
    "x": 1501.311163287411,
    "y": 619.8384810261283,
    "width": 156.3230397719713,
    "height": 215.85748036104508
  },
  "h3": {
    "x": 1501.311163287411,
    "y": 837.4821846650831,
    "width": 156.3230397719713,
    "height": 72.35154455106895
  },
  "h4": {
    "x": 1501.311163287411,
    "y": 911.6199524940617,
    "width": 156.3230397719713,
    "height": 72.35154455106895
  },
  "h5": {
    "x": 1501.311163287411,
    "y": 985.7577203230405,
    "width": 156.3230397719713,
    "height": 82.18527194299274
  }
}