{
  "a1": {
    "x": 155.8479816057007,
    "y": 348.75059260807603,
    "width": 137.76722090261282,
    "height": 915.0308794679336
  },
  "b1": {
    "x": 295.3634210356295,
    "y": 348.75059260807603,
    "width": 157.32066386698338,
    "height": 463.21140324940626
  },
  "b2": {
    "x": 295.3634210356295,
    "y": 813.7102143847982,
    "width": 157.32066386698338,
    "height": 450.07125769121143
  },
  "d1": {
    "x": 645.3301656627078,
    "y": 348.75059260807603,
    "width": 245.1686460807601,
    "height": 197.8907387743468
  },
  "d2": {
    "x": 645.3301656627078,
    "y": 548.3990504893112,
    "width": 245.1686460807601,
    "height": 90.47980815201902
  },
  "e1": {
    "x": 975.144891895487,
    "y": 348.75059260807603,
    "width": 159.95249466983367,
    "height": 99.23990681235155
  },
  "e2": {
    "x": 975.144891895487,
    "y": 449.7387179477435,
    "width": 159.95249466983367,
    "height": 44.370545102137775
  },
  "e3": {
    "x": 975.144891895487,
    "y": 495.8574815771972,
    "width": 159.95249466983367,
    "height": 50.78384980522565
  },
  "e4": {
    "x": 975.144891895487,
    "y": 548.3990504893112,
    "width": 159.95249466983367,
    "height": 44.36104452256532
  },
  "e5": {
    "x": 975.144891895487,
    "y": 594.5083135391924,
    "width": 159.95249466983367,
    "height": 44.370545102137775
  },
  "e6": {
    "x": 975.144891895487,
    "y": 640.6270771686461,
    "width": 159.95249466983367,
    "height": 44.370547534441805
  },
  "f1": {
    "x": 1136.8456050926366,
    "y": 348.75059260807603,
    "width": 190.30878981472685,
    "height": 99.23990681235155
  },
  "f2": {
    "x": 1136.8456050926366,
    "y": 449.7387179477435,
    "width": 190.30878981472685,
    "height": 143.02137706413302
  },
  "h1": {
    "x": 1487.097386565321,
    "y": 348.75059260807603,
    "width": 158.78384798099762,
    "height": 290.1282660332542
  },
  "h2": {
    "x": 1487.097386565321,
    "y": 640.6270771686461,
    "width": 158.78384798099762,
    "height": 222.11876606175773
  },
  "h3": {
    "x": 1487.097386565321,
    "y": 864.4940617577198,
    "width": 158.78384798099762,
    "height": 74.43230525415677
  },
  "h4": {
    "x": 1487.097386565321,
    "y": 940.6745855391924,
    "width": 158.78384798099762,
    "height": 74.43230282185274
  },
  "h5": {
    "x": 1487.097386565321,
    "y": 1016.8551068883611,
    "width": 158.78384798099762,
    "height": 74.43230282185274
  }
}