{
  "a1": {
    "x": 306.7743467933492,
    "y": 338.3847987078385,
    "width": 126.09026189073634,
    "height": 924.370545102138
  },
  "b1": {
    "x": 434.61282721140145,
    "y": 338.3847987078385,
    "width": 144.19002375296913,
    "height": 503.771970280285
  },
  "b2": {
    "x": 434.61282721140145,
    "y": 843.9144905273159,
    "width": 144.19002375296913,
    "height": 418.8408532826604
  },
  "d1": {
    "x": 755.0973859572447,
    "y": 338.3847987078385,
    "width": 224.7410938527316,
    "height": 139.51543942992873
  },
  "d2": {
    "x": 755.0973859572447,
    "y": 479.64845666508313,
    "width": 224.7410938527316,
    "height": 84.64608015201901
  },
  "e1": {
    "x": 1057.4821852731593,
    "y": 338.3847987078385,
    "width": 146.5178141187648,
    "height": 92.81710152969121
  },
  "e2": {
    "x": 1057.4821852731593,
    "y": 432.9501187648456,
    "width": 146.5178141187648,
    "height": 44.95011937292161
  },
  "e3": {
    "x": 1057.4821852731593,
    "y": 479.64845666508313,
    "width": 146.5178141187648,
    "height": 41.444179306413304
  },
  "e4": {
    "x": 1057.4821852731593,
    "y": 522.8503575106888,
    "width": 146.5178141187648,
    "height": 41.444179306413304
  },
  "e5": {
    "x": 1057.4821852731593,
    "y": 566.0427553444181,
    "width": 146.5178141187648,
    "height": 41.453682318289786
  },
  "e6": {
    "x": 1057.4821852731593,
    "y": 609.2446561900238,
    "width": 146.5178141187648,
    "height": 41.44417930641324
  },
  "f1": {
    "x": 1205.7577184988122,
    "y": 338.3847987078385,
    "width": 178.91686521615225,
    "height": 92.81710152969121
  },
  "f2": {
    "x": 1205.7577184988122,
    "y": 432.9501187648456,
    "width": 178.91686521615225,
    "height": 131.34441805225654
  },
  "h1": {
    "x": 1531.1924002660335,
    "y": 338.3847987078385,
    "width": 140.3895486935867,
    "height": 269.11163895486936
  },
  "h2": {
    "x": 1531.1924002660335,
    "y": 609.2446561900238,
    "width": 140.3895486935867,
    "height": 208.97862293586698
  },
  "h3": {
    "x": 1531.1924002660335,
    "y": 819.980998232779,
    "width": 140.3895486935867,
    "height": 70.05225592399057
  },
  "h4": {
    "x": 1531.1924002660335,
    "y": 891.7814726840855,
    "width": 140.3895486935867,
    "height": 73.26365856532074
  },
  "h5": {
    "x": 1531.1924002660335,
    "y": 966.7933497767222,
    "width": 140.3895486935867,
    "height": 79.67695840380034
  }
}