{
  "a1": {
    "x": 160.24702966270786,
    "y": 395.97149643705467,
    "width": 136.07601071733967,
    "height": 594.8883610451306
  },
  "b1": {
    "x": 297.5106882280285,
    "y": 395.97149643705467,
    "width": 190.85035690261284,
    "height": 91.10688775296913
  },
  "b2": {
    "x": 297.5106882280285,
    "y": 488.2755350498812,
    "width": 190.85035690261284,
    "height": 40.78859796674585
  },
  "b3": {
    "x": 297.5106882280285,
    "y": 530.2517808646081,
    "width": 190.85035690261284,
    "height": 40.79810097862233
  },
  "b4": {
    "x": 297.5106882280285,
    "y": 572.2375296912114,
    "width": 190.85035690261284,
    "height": 40.78859796674585
  },
  "b5": {
    "x": 297.5106882280285,
    "y": 614.2232785178147,
    "width": 190.85035690261284,
    "height": 40.78859796674585
  },
  "b6": {
    "x": 297.5106882280285,
    "y": 656.1995243325415,
    "width": 190.85035690261284,
    "height": 40.78860039904995
  },
  "b7": {
    "x": 297.5106882280285,
    "y": 698.1852731591449,
    "width": 190.85035690261284,
    "height": 292.6745843230404
  },
  "c1": {
    "x": 581.2636567410926,
    "y": 395.97149643705467,
    "width": 159.58195017577196,
    "height": 594.8883610451306
  },
  "d1": {
    "x": 742.0427553444181,
    "y": 395.97149643705467,
    "width": 162.8598568741092,
    "height": 40.78859796674585
  },
  "d2": {
    "x": 742.0427553444181,
    "y": 437.95724526365797,
    "width": 162.8598568741092,
    "height": 49.1211389263658
  },
  "d3": {
    "x": 742.0427553444181,
    "y": 488.2755350498812,
    "width": 162.8598568741092,
    "height": 40.78859796674585
  },
  "d4": {
    "x": 742.0427553444181,
    "y": 530.2517808646081,
    "width": 162.8598568741092,
    "height": 460.60807661757724
  },
  "e1": {
    "x": 997.8052262612827,
    "y": 395.97149643705467,
    "width": 222.10926304988132,
    "height": 91.10688775296913
  },
  "e2": {
    "x": 997.8052262612827,
    "y": 488.2755350498812,
    "width": 222.10926304988132,
    "height": 40.78859796674585
  },
  "e3": {
    "x": 997.8052262612827,
    "y": 530.2517808646081,
    "width": 222.10926304988132,
    "height": 40.79810097862233
  },
  "e4": {
    "x": 997.8052262612827,
    "y": 572.2375296912114,
    "width": 222.10926304988132,
    "height": 40.78859796674585
  },
  "e5": {
    "x": 997.8052262612827,
    "y": 614.2232785178147,
    "width": 222.10926304988132,
    "height": 40.78859796674585
  },
  "e6": {
    "x": 997.8052262612827,
    "y": 656.1995243325415,
    "width": 222.10926304988132,
    "height": 334.6603331496438
  },
  "f1": {
    "x": 1221.1116377387175,
    "y": 395.97149643705467,
    "width": 128.32304159619952,
    "height": 133.09263657957246
  },
  "f2": {
    "x": 1221.1116377387175,
    "y": 530.2517808646081,
    "width": 128.32304159619952,
    "height": 460.60807661757724
  },
  "h1": {
    "x": 1534.0332535486937,
    "y": 395.97149643705467,
    "width": 142.9168658242279,
    "height": 175.07838540617578
  },
  "h2": {
    "x": 1534.0332535486937,
    "y": 572.2375296912114,
    "width": 142.9168658242279,
    "height": 82.77434679334917
  },
  "h3": {
    "x": 1534.0332535486937,
    "y": 656.1995243325415,
    "width": 142.9168658242279,
    "height": 334.6603331496438
  }
}