{
  "a1": {
    "x": 133.28266033254158,
    "y": 795.8289780142518,
    "width": 254.60332480760096,
    "height": 26.337292161520192
  },
  "a2": {
    "x": 133.28266033254158,
    "y": 823.5819465273158,
    "width": 254.60332480760096,
    "height": 26.33729459382436
  },
  "a3": {
    "x": 133.28266033254158,
    "y": 851.3349174726841,
    "width": 254.60332480760096,
    "height": 26.33729216152033
  },
  "a4": {
    "x": 133.28266033254158,
    "y": 879.0878859857482,
    "width": 254.60332480760096,
    "height": 26.337292161520192
  },
  "a5": {
    "x": 133.28266033254158,
    "y": 906.8408544988123,
    "width": 254.60332480760096,
    "height": 26.34679274109271
  },
  "a6": {
    "x": 133.28266033254158,
    "y": 934.6033260237531,
    "width": 254.60332480760096,
    "height": 26.337292161520192
  },
  "a7": {
    "x": 133.28266033254158,
    "y": 962.3562945368171,
    "width": 254.60332480760096,
    "height": 248.37054571021372
  },
  "b1": {
    "x": 389.30166392399053,
    "y": 795.8289780142518,
    "width": 175.3064114774347,
    "height": 109.5962001330167
  },
  "b2": {
    "x": 389.30166392399053,
    "y": 906.8408544988123,
    "width": 175.3064114774347,
    "height": 303.88598574821856
  },
  "c1": {
    "x": 631.7244649501188,
    "y": 795.8289780142518,
    "width": 245.54869358669833,
    "height": 26.337292161520192
  },
  "c2": {
    "x": 631.7244649501188,
    "y": 823.5819465273158,
    "width": 245.54869358669833,
    "height": 54.090263106888564
  },
  "c3": {
    "x": 631.7244649501188,
    "y": 879.0878859857482,
    "width": 245.54869358669833,
    "height": 54.099761254156775
  },
  "c4": {
    "x": 631.7244649501188,
    "y": 934.6033260237531,
    "width": 245.54869358669833,
    "height": 54.09026067458426
  },
  "c5": {
    "x": 631.7244649501188,
    "y": 990.1092630498812,
    "width": 245.54869358669833,
    "height": 26.337292161520192
  },
  "c6": {
    "x": 631.7244649501188,
    "y": 1017.8622315629452,
    "width": 245.54869358669833,
    "height": 26.33729459382436
  },
  "c7": {
    "x": 631.7244649501188,
    "y": 1045.6152025083136,
    "width": 245.54869358669833,
    "height": 26.33729216152033
  },
  "c8": {
    "x": 631.7244649501188,
    "y": 1073.3681710213777,
    "width": 245.54869358669833,
    "height": 26.337292161520192
  },
  "c9": {
    "x": 631.7244649501188,
    "y": 1101.1306425463183,
    "width": 245.54869358669833,
    "height": 26.33728972921616
  },
  "c10": {
    "x": 631.7244649501188,
    "y": 1128.8836110593825,
    "width": 245.54869358669833,
    "height": 26.337292161520192
  },
  "c11": {
    "x": 631.7244649501188,
    "y": 1156.6365795724466,
    "width": 245.54869358669833,
    "height": 26.337292161520192
  },
  "c12": {
    "x": 631.7244649501188,
    "y": 1184.3895480855106,
    "width": 245.54869358669833,
    "height": 26.337292161520192
  },
  "d1": {
    "x": 878.6888348883609,
    "y": 795.8289780142518,
    "width": 175.30641390973878,
    "height": 414.8978622327791
  },
  "e1": {
    "x": 1121.1116383467934,
    "y": 795.8289780142518,
    "width": 136.78859796674578,
    "height": 137.35866922565327
  },
  "e2": {
    "x": 1121.1116383467934,
    "y": 934.6033260237531,
    "width": 136.78859796674578,
    "height": 81.84322918764832
  },
  "e3": {
    "x": 1121.1116383467934,
    "y": 1017.8622315629452,
    "width": 136.78859796674578,
    "height": 26.33729459382436
  },
  "e4": {
    "x": 1121.1116383467934,
    "y": 1045.6152025083136,
    "width": 136.78859796674578,
    "height": 165.11163773871735
  },
  "f1": {
    "x": 1259.3159150973872,
    "y": 795.8289780142518,
    "width": 159.43942932066517,
    "height": 137.35866922565327
  },
  "f2": {
    "x": 1259.3159150973872,
    "y": 934.6033260237531,
    "width": 159.43942932066517,
    "height": 276.12351422327777
  },
  "h1": {
    "x": 1551.581947743468,
    "y": 795.8289780142518,
    "width": 171.9049875154395,
    "height": 165.11164017102152
  },
  "h2": {
    "x": 1551.581947743468,
    "y": 962.3562945368171,
    "width": 171.9049875154395,
    "height": 248.37054571021372
  }
}