{
  "a1": {
    "x": 141.52969121140143,
    "y": 348.49406236579574,
    "width": 252.05700651781473,
    "height": 26.080759486935868
  },
  "a2": {
    "x": 141.52969121140143,
    "y": 375.97149704513066,
    "width": 252.05700651781473,
    "height": 26.080759486935868
  },
  "a3": {
    "x": 141.52969121140143,
    "y": 403.4489317244656,
    "width": 252.05700651781473,
    "height": 26.080759486935868
  },
  "a4": {
    "x": 141.52969121140143,
    "y": 430.9263664038005,
    "width": 252.05700651781473,
    "height": 26.080759486935868
  },
  "a5": {
    "x": 141.52969121140143,
    "y": 458.4038010831354,
    "width": 252.05700651781473,
    "height": 26.080759486935868
  },
  "a6": {
    "x": 141.52969121140143,
    "y": 485.88123576247034,
    "width": 252.05700651781473,
    "height": 26.080759486935868
  },
  "a7": {
    "x": 141.52969121140143,
    "y": 513.3586704418052,
    "width": 252.05700651781473,
    "height": 245.89073634204283
  },
  "b1": {
    "x": 394.99287350118766,
    "y": 348.49406236579574,
    "width": 173.54869480285035,
    "height": 108.51306352494062
  },
  "b2": {
    "x": 394.99287350118766,
    "y": 458.4038010831354,
    "width": 173.54869480285035,
    "height": 300.84560570071267
  },
  "c1": {
    "x": 634.9928735011877,
    "y": 348.49406236579574,
    "width": 243.08788537767228,
    "height": 26.080759486935868
  },
  "c2": {
    "x": 634.9928735011877,
    "y": 375.97149704513066,
    "width": 243.08788537767228,
    "height": 53.55819416627079
  },
  "c3": {
    "x": 634.9928735011877,
    "y": 430.9263664038005,
    "width": 243.08788537767228,
    "height": 53.55819416627079
  },
  "c4": {
    "x": 634.9928735011877,
    "y": 485.88123576247034,
    "width": 243.08788537767228,
    "height": 53.55819416627079
  },
  "c5": {
    "x": 634.9928735011877,
    "y": 540.8361051211401,
    "width": 243.08788537767228,
    "height": 26.080759486935868
  },
  "c6": {
    "x": 634.9928735011877,
    "y": 568.313539800475,
    "width": 243.08788537767228,
    "height": 26.071258907363422
  },
  "c7": {
    "x": 634.9928735011877,
    "y": 595.79097447981,
    "width": 243.08788537767228,
    "height": 26.07125890736335
  },
  "c8": {
    "x": 634.9928735011877,
    "y": 623.2684091591449,
    "width": 243.08788537767228,
    "height": 26.07125890736356
  },
  "c9": {
    "x": 634.9928735011877,
    "y": 650.7458438384799,
    "width": 243.08788537767228,
    "height": 26.071258907363422
  },
  "c10": {
    "x": 634.9928735011877,
    "y": 678.2232785178148,
    "width": 243.08788537767228,
    "height": 26.071258907363422
  },
  "c11": {
    "x": 634.9928735011877,
    "y": 705.7007131971498,
    "width": 243.08788537767228,
    "height": 26.071258907363422
  },
  "c12": {
    "x": 634.9928735011877,
    "y": 733.1781478764847,
    "width": 243.08788537767228,
    "height": 26.071258907363422
  },
  "d1": {
    "x": 879.477434071259,
    "y": 348.49406236579574,
    "width": 173.55819538242275,
    "height": 410.75534441805235
  },
  "e1": {
    "x": 1119.4869346508315,
    "y": 348.49406236579574,
    "width": 135.42042937767215,
    "height": 135.99049820427555
  },
  "e2": {
    "x": 1119.4869346508315,
    "y": 485.88123576247034,
    "width": 135.42042937767215,
    "height": 81.0356288456057
  },
  "e3": {
    "x": 1119.4869346508315,
    "y": 568.313539800475,
    "width": 135.42042937767215,
    "height": 26.071258907363422
  },
  "e4": {
    "x": 1119.4869346508315,
    "y": 595.79097447981,
    "width": 135.42042937767215,
    "height": 163.45843230403807
  },
  "f1": {
    "x": 1256.3040367885985,
    "y": 348.49406236579574,
    "width": 157.8527328076011,
    "height": 135.99049820427555
  },
  "f2": {
    "x": 1256.3040367885985,
    "y": 485.88123576247034,
    "width": 157.8527328076011,
    "height": 273.36817102137775
  },
  "h1": {
    "x": 1545.6532066508314,
    "y": 348.49406236579574,
    "width": 170.1852731591449,
    "height": 163.46793288361047
  },
  "h2": {
    "x": 1545.6532066508314,
    "y": 513.3586704418052,
    "width": 170.1852731591449,
    "height": 245.89073634204283
  }
}