{
  "a1": {
    "x": 144.66508191923992,
    "y": 327.13539253206653,
    "width": 187.95249527790975,
    "height": 23.458431695962
  },
  "a2": {
    "x": 144.66508191923992,
    "y": 352.0190011591449,
    "width": 187.95249527790975,
    "height": 48.3515457672209
  },
  "a3": {
    "x": 144.66508191923992,
    "y": 401.7957238574822,
    "width": 187.95249527790975,
    "height": 23.45843412826603
  },
  "a4": {
    "x": 144.66508191923992,
    "y": 426.6888354964371,
    "width": 187.95249527790975,
    "height": 23.44893111638955
  },
  "a5": {
    "x": 144.66508191923992,
    "y": 451.5724465558195,
    "width": 187.95249527790975,
    "height": 23.458431695962
  },
  "a6": {
    "x": 144.66508191923992,
    "y": 476.4560576152019,
    "width": 187.95249527790975,
    "height": 23.458431695962
  },
  "b1": {
    "x": 334.04275656057007,
    "y": 327.13539253206653,
    "width": 112.99762409501189,
    "height": 595.8764845605701
  },
  "c1": {
    "x": 522.8503575106888,
    "y": 327.13539253206653,
    "width": 249.16864547268418,
    "height": 23.458431695962
  },
  "c2": {
    "x": 522.8503575106888,
    "y": 352.0190011591449,
    "width": 249.16864547268418,
    "height": 23.45843412826603
  },
  "c3": {
    "x": 522.8503575106888,
    "y": 376.9121152304038,
    "width": 249.16864547268418,
    "height": 23.458431695962
  },
  "c4": {
    "x": 522.8503575106888,
    "y": 401.7957238574822,
    "width": 249.16864547268418,
    "height": 23.45843412826603
  },
  "c5": {
    "x": 522.8503575106888,
    "y": 426.6888354964371,
    "width": 249.16864547268418,
    "height": 23.44893111638955
  },
  "c6": {
    "x": 522.8503575106888,
    "y": 451.5724465558195,
    "width": 249.16864547268418,
    "height": 23.458431695962
  },
  "c7": {
    "x": 522.8503575106888,
    "y": 476.4560576152019,
    "width": 249.16864547268418,
    "height": 23.458431695962
  },
  "c8": {
    "x": 522.8503575106888,
    "y": 501.3491692541568,
    "width": 249.16864547268418,
    "height": 23.458431695962
  },
  "c9": {
    "x": 522.8503575106888,
    "y": 526.2327778812352,
    "width": 249.16864547268418,
    "height": 23.45843412826603
  },
  "c10": {
    "x": 522.8503575106888,
    "y": 551.125891952494,
    "width": 249.16864547268418,
    "height": 23.458431695962
  },
  "c11": {
    "x": 522.8503575106888,
    "y": 576.0095005795724,
    "width": 249.16864547268418,
    "height": 23.45843412826603
  },
  "c12": {
    "x": 522.8503575106888,
    "y": 600.9026122185273,
    "width": 249.16864547268418,
    "height": 23.458431695962
  },
  "c13": {
    "x": 522.8503575106888,
    "y": 625.7862232779098,
    "width": 249.16864547268418,
    "height": 23.458431695961927
  },
  "c14": {
    "x": 522.8503575106888,
    "y": 650.6793349168646,
    "width": 249.16864547268418,
    "height": 23.458431695961927
  },
  "d1": {
    "x": 773.4441799144894,
    "y": 327.13539253206653,
    "width": 112.99762409501182,
    "height": 595.8764845605701
  },
  "e1": {
    "x": 962.251780864608,
    "y": 327.13539253206653,
    "width": 213.1211407505939,
    "height": 98.11876545368172
  },
  "e2": {
    "x": 962.251780864608,
    "y": 426.6888354964371,
    "width": 213.1211407505939,
    "height": 23.44893111638955
  },
  "e3": {
    "x": 962.251780864608,
    "y": 451.5724465558195,
    "width": 213.1211407505939,
    "height": 23.458431695962
  },
  "e4": {
    "x": 962.251780864608,
    "y": 476.4560576152019,
    "width": 213.1211407505939,
    "height": 23.458431695962
  },
  "f1": {
    "x": 1176.7980985463184,
    "y": 327.13539253206653,
    "width": 159.91448991923997,
    "height": 98.11876545368172
  },
  "f2": {
    "x": 1176.7980985463184,
    "y": 426.6888354964371,
    "width": 159.91448991923997,
    "height": 23.44893111638955
  },
  "f3": {
    "x": 1176.7980985463184,
    "y": 451.5724465558195,
    "width": 159.91448991923997,
    "height": 23.458431695962
  },
  "f4": {
    "x": 1176.7980985463184,
    "y": 476.4560576152019,
    "width": 159.91448991923997,
    "height": 23.458431695962
  },
  "f5": {
    "x": 1176.7980985463184,
    "y": 501.3491692541568,
    "width": 159.91448991923997,
    "height": 23.458431695962
  },
  "h1": {
    "x": 1486.897862232779,
    "y": 327.13539253206653,
    "width": 171.9239911068883,
    "height": 147.89548571971497
  },
  "h2": {
    "x": 1486.897862232779,
    "y": 476.4560576152019,
    "width": 171.9239911068883,
    "height": 48.35154333491687
  },
  "h3": {
    "x": 1486.897862232779,
    "y": 526.2327778812352,
    "width": 171.9239911068883,
    "height": 98.12826603325416
  }
}