{
  "a1": {
    "x": 189.41567695961996,
    "y": 362.28028381947746,
    "width": 282.24227906888365,
    "height": 459.70546318289786
  },
  "a2": {
    "x": 189.41567695961996,
    "y": 824.0285029548695,
    "width": 282.24227906888365,
    "height": 39.41092636579559
  },
  "a3": {
    "x": 189.41567695961996,
    "y": 865.4821852731592,
    "width": 282.24227906888365,
    "height": 185.63420549168646
  },
  "b1": {
    "x": 473.70071198099765,
    "y": 362.28028381947746,
    "width": 115.29691272209027,
    "height": 688.8361069453682
  },
  "c1": {
    "x": 671.5914483230404,
    "y": 362.28028381947746,
    "width": 136.0190023752969,
    "height": 138.06175832779098
  },
  "c2": {
    "x": 671.5914483230404,
    "y": 502.3847980997625,
    "width": 136.0190023752969,
    "height": 140.97862111163897
  },
  "c3": {
    "x": 671.5914483230404,
    "y": 645.4061751638956,
    "width": 136.0190023752969,
    "height": 56.9121152304038
  },
  "c4": {
    "x": 671.5914483230404,
    "y": 704.3610463467935,
    "width": 136.0190023752969,
    "height": 346.7553444180521
  },
  "d1": {
    "x": 809.6532066508314,
    "y": 362.28028381947746,
    "width": 150.61282660332543,
    "height": 688.8361069453682
  },
  "e1": {
    "x": 1042.8598568741095,
    "y": 362.28028381947746,
    "width": 157.03562945368157,
    "height": 340.0380065748219
  },
  "e2": {
    "x": 1042.8598568741095,
    "y": 704.3610463467935,
    "width": 157.03562945368157,
    "height": 49.330166270783714
  },
  "e3": {
    "x": 1042.8598568741095,
    "y": 755.7339661377672,
    "width": 157.03562945368157,
    "height": 24.807601558194843
  },
  "e4": {
    "x": 1042.8598568741095,
    "y": 782.5843236484561,
    "width": 157.03562945368157,
    "height": 268.5320671163895
  },
  "f1": {
    "x": 1201.938242280285,
    "y": 362.28028381947746,
    "width": 161.70071319714958,
    "height": 340.0380065748219
  },
  "f2": {
    "x": 1201.938242280285,
    "y": 704.3610463467935,
    "width": 161.70071319714958,
    "height": 346.7553444180521
  },
  "h1": {
    "x": 1526.7933497767222,
    "y": 362.28028381947746,
    "width": 133.09263657957246,
    "height": 688.8361069453682
  }
}