{
  "a1": {
    "x": 161.00915796600506,
    "y": 364.72223333689675,
    "width": 287.2869371153001,
    "height": 48.28184143771752
  },
  "a2": {
    "x": 161.00915796600506,
    "y": 414.57197496109944,
    "width": 287.2869371153001,
    "height": 48.28184143771752
  },
  "a3": {
    "x": 161.00915796600506,
    "y": 464.42171658530214,
    "width": 287.2869371153001,
    "height": 48.28184387033935
  },
  "a4": {
    "x": 161.00915796600506,
    "y": 514.2714606421266,
    "width": 287.2869371153001,
    "height": 48.28184143771752
  },
  "a5": {
    "x": 161.00915796600506,
    "y": 564.1212046989511,
    "width": 287.2869371153001,
    "height": 48.28184143771752
  },
  "a6": {
    "x": 161.00915796600506,
    "y": 613.9804481440568,
    "width": 287.2869371153001,
    "height": 48.27233961681448
  },
  "a7": {
    "x": 161.00915796600506,
    "y": 663.8301922008812,
    "width": 287.2869371153001,
    "height": 48.27233961681468
  },
  "a8": {
    "x": 161.00915796600506,
    "y": 713.6799338250842,
    "width": 287.2869371153001,
    "height": 48.281841437717446
  },
  "a9": {
    "x": 161.00915796600506,
    "y": 763.5296778819086,
    "width": 287.2869371153001,
    "height": 48.281841437717446
  },
  "a10": {
    "x": 161.00915796600506,
    "y": 813.3794195061112,
    "width": 287.2869371153001,
    "height": 48.28184387033942
  },
  "a11": {
    "x": 161.00915796600506,
    "y": 863.2291635629357,
    "width": 287.2869371153001,
    "height": 98.13158306192028
  },
  "a12": {
    "x": 161.00915796600506,
    "y": 962.928649243963,
    "width": 287.2869371153001,
    "height": 48.281841437717446
  },
  "a13": {
    "x": 161.00915796600506,
    "y": 1012.7783908681656,
    "width": 287.2869371153001,
    "height": 48.28184387033942
  },
  "a14": {
    "x": 161.00915796600506,
    "y": 1062.62813492499,
    "width": 287.2869371153001,
    "height": 48.28184143771759
  },
  "a15": {
    "x": 161.00915796600506,
    "y": 1112.487378370096,
    "width": 287.2869371153001,
    "height": 48.27233961681455
  },
  "c1": {
    "x": 652.3892676145339,
    "y": 364.72223333689675,
    "width": 235.09009490551037,
    "height": 98.13158306192021
  },
  "c2": {
    "x": 652.3892676145339,
    "y": 464.42171658530214,
    "width": 235.09009490551037,
    "height": 98.13158549454204
  },
  "c3": {
    "x": 652.3892676145339,
    "y": 564.1212046989511,
    "width": 235.09009490551037,
    "height": 48.28184143771752
  },
  "e1": {
    "x": 1091.5630307997483,
    "y": 364.72223333689675,
    "width": 235.09009490551023,
    "height": 98.13158306192021
  }
}