{
  "a1": {
    "x": 315.3571137702075,
    "y": 313.9317481951324,
    "width": 228.74247229448028,
    "height": 39.235531406715836
  },
  "a2": {
    "x": 315.3571137702075,
    "y": 354.3455783724715,
    "width": 228.74247229448028,
    "height": 39.245033227618805
  },
  "a3": {
    "x": 315.3571137702075,
    "y": 394.75941098243237,
    "width": 228.74247229448028,
    "height": 79.65886340495788
  },
  "a4": {
    "x": 315.3571137702075,
    "y": 475.59657315801354,
    "width": 228.74247229448028,
    "height": 120.08219783582177
  },
  "a5": {
    "x": 315.3571137702075,
    "y": 596.8475679435555,
    "width": 228.74247229448028,
    "height": 39.245033227618805
  },
  "a6": {
    "x": 315.3571137702075,
    "y": 637.2709023744195,
    "width": 228.74247229448028,
    "height": 39.23552897409394
  },
  "a7": {
    "x": 315.3571137702075,
    "y": 677.6847325517584,
    "width": 228.74247229448028,
    "height": 39.24503322761895
  },
  "a8": {
    "x": 315.3571137702075,
    "y": 718.1080669826225,
    "width": 228.74247229448028,
    "height": 39.23552897409394
  },
  "a9": {
    "x": 315.3571137702075,
    "y": 758.5218971599616,
    "width": 228.74247229448028,
    "height": 39.24503079499697
  },
  "a10": {
    "x": 315.3571137702075,
    "y": 798.9357273373007,
    "width": 228.74247229448028,
    "height": 39.245033227618805
  },
  "a11": {
    "x": 315.3571137702075,
    "y": 839.3590617681646,
    "width": 228.74247229448028,
    "height": 39.23552897409394
  },
  "a12": {
    "x": 315.3571137702075,
    "y": 879.7728919455036,
    "width": 228.74247229448028,
    "height": 39.24503079499697
  },
  "a13": {
    "x": 315.3571137702075,
    "y": 920.1962263763675,
    "width": 228.74247229448028,
    "height": 39.23552897409407
  },
  "a14": {
    "x": 315.3571137702075,
    "y": 960.6100565537066,
    "width": 228.74247229448028,
    "height": 79.65886097233599
  },
  "a15": {
    "x": 315.3571137702075,
    "y": 1041.4472211619095,
    "width": 228.74247229448028,
    "height": 39.23552897409407
  },
  "a16": {
    "x": 315.3571137702075,
    "y": 1081.8610513392487,
    "width": 228.74247229448028,
    "height": 39.245030794996836
  },
  "a17": {
    "x": 315.3571137702075,
    "y": 1122.2843833374907,
    "width": 228.74247229448028,
    "height": 39.23552897409407
  },
  "a18": {
    "x": 315.3571137702075,
    "y": 1162.6982159474517,
    "width": 228.74247229448028,
    "height": 39.23552897409407
  },
  "c1": {
    "x": 728.8933221394719,
    "y": 313.9317481951324,
    "width": 205.20495612490936,
    "height": 79.65886340495788
  },
  "c2": {
    "x": 728.8933221394719,
    "y": 394.75941098243237,
    "width": 205.20495612490936,
    "height": 79.65886340495788
  },
  "c3": {
    "x": 728.8933221394719,
    "y": 475.59657315801354,
    "width": 205.20495612490936,
    "height": 39.245033227618805
  },
  "d1": {
    "x": 935.2765794676263,
    "y": 313.9317481951324,
    "width": 118.8753887372461,
    "height": 160.48652619225788
  },
  "e1": {
    "x": 1112.610911772322,
    "y": 313.9317481951324,
    "width": 205.20495369228738,
    "height": 79.65886340495788
  },
  "e2": {
    "x": 1112.610911772322,
    "y": 394.75941098243237,
    "width": 205.20495369228738,
    "height": 39.24503079499697
  },
  "e3": {
    "x": 1112.610911772322,
    "y": 435.18274298067445,
    "width": 205.20495369228738,
    "height": 39.235531406715836
  },
  "e4": {
    "x": 1112.610911772322,
    "y": 475.59657315801354,
    "width": 205.20495369228738,
    "height": 39.245033227618805
  },
  "e5": {
    "x": 1112.610911772322,
    "y": 516.0199075888775,
    "width": 205.20495369228738,
    "height": 39.235528974094
  },
  "f1": {
    "x": 1318.9941691004763,
    "y": 313.9317481951324,
    "width": 118.87538630462426,
    "height": 79.65886340495788
  },
  "h1": {
    "x": 1553.6186431576573,
    "y": 313.9317481951324,
    "width": 205.19545430400632,
    "height": 79.65886340495788
  },
  "h2": {
    "x": 1553.6186431576573,
    "y": 394.75941098243237,
    "width": 205.19545430400632,
    "height": 120.08219540319995
  },
  "h3": {
    "x": 1553.6186431576573,
    "y": 516.0199075888775,
    "width": 205.19545430400632,
    "height": 79.65886340495788
  },
  "h4": {
    "x": 1553.6186431576573,
    "y": 596.8475679435555,
    "width": 205.19545430400632,
    "height": 79.65886340495783
  }
}