{
  "a1": {
    "x": 154.72805296653956,
    "y": 369.44493997078,
    "width": 286.118137732958,
    "height": 48.28184143771752
  },
  "a2": {
    "x": 154.72805296653956,
    "y": 419.2946815949827,
    "width": 286.118137732958,
    "height": 48.28184387033935
  },
  "a3": {
    "x": 154.72805296653956,
    "y": 469.14442565180724,
    "width": 286.118137732958,
    "height": 48.28184143771752
  },
  "a4": {
    "x": 154.72805296653956,
    "y": 518.99416727601,
    "width": 286.118137732958,
    "height": 48.28184143771752
  },
  "a5": {
    "x": 154.72805296653956,
    "y": 568.8439113328344,
    "width": 286.118137732958,
    "height": 48.28184143771752
  },
  "a6": {
    "x": 154.72805296653956,
    "y": 618.6936529570371,
    "width": 286.118137732958,
    "height": 48.28184387033935
  },
  "a7": {
    "x": 154.72805296653956,
    "y": 668.5433970138616,
    "width": 286.118137732958,
    "height": 48.28184143771759
  },
  "a8": {
    "x": 154.72805296653956,
    "y": 718.3931386380643,
    "width": 286.118137732958,
    "height": 48.28184143771759
  },
  "a9": {
    "x": 154.72805296653956,
    "y": 768.2523845157918,
    "width": 286.118137732958,
    "height": 48.27233961681455
  },
  "a10": {
    "x": 154.72805296653956,
    "y": 818.1021285726164,
    "width": 286.118137732958,
    "height": 48.28184143771759
  },
  "a11": {
    "x": 154.72805296653956,
    "y": 867.9518701968191,
    "width": 286.118137732958,
    "height": 98.13158549454211
  },
  "a12": {
    "x": 154.72805296653956,
    "y": 967.6513558778463,
    "width": 286.118137732958,
    "height": 48.281841437717446
  },
  "a13": {
    "x": 154.72805296653956,
    "y": 1017.5010999346708,
    "width": 286.118137732958,
    "height": 48.28184143771759
  },
  "a14": {
    "x": 154.72805296653956,
    "y": 1067.3508415588735,
    "width": 286.118137732958,
    "height": 48.281841437717446
  },
  "a15": {
    "x": 154.72805296653956,
    "y": 1117.200583183076,
    "width": 286.118137732958,
    "height": 48.28184387033956
  },
  "a16": {
    "x": 154.72805296653956,
    "y": 1167.0503272399008,
    "width": 286.118137732958,
    "height": 48.281841437717446
  },
  "c1": {
    "x": 644.9298614118234,
    "y": 369.44493997078,
    "width": 235.0900924728884,
    "height": 98.13158549454204
  },
  "c2": {
    "x": 644.9298614118234,
    "y": 469.14442565180724,
    "width": 235.0900924728884,
    "height": 98.13158306192021
  },
  "c3": {
    "x": 644.9298614118234,
    "y": 568.8439113328344,
    "width": 235.0900924728884,
    "height": 48.28184143771752
  },
  "e1": {
    "x": 1084.1036245970377,
    "y": 369.44493997078,
    "width": 235.09959672641313,
    "height": 98.13158549454204
  }
}