{
  "a1": {
    "x": 316.55441861525856,
    "y": 308.9904850847498,
    "width": 228.57142978773948,
    "height": 38.03822412904299
  },
  "a2": {
    "x": 316.55441861525856,
    "y": 348.20701041703785,
    "width": 228.57142978773948,
    "height": 38.02872230814002
  },
  "a3": {
    "x": 316.55441861525856,
    "y": 387.4140314958011,
    "width": 228.57142978773948,
    "height": 77.24524764042808
  },
  "a4": {
    "x": 316.55441861525856,
    "y": 465.8375803394743,
    "width": 228.57142978773948,
    "height": 116.4617705400943
  },
  "a5": {
    "x": 316.55441861525856,
    "y": 583.4776520828136,
    "width": 228.57142978773948,
    "height": 38.028719875518185
  },
  "a6": {
    "x": 316.55441861525856,
    "y": 622.684673161577,
    "width": 228.57142978773948,
    "height": 38.038224129042916
  },
  "a7": {
    "x": 316.55441861525856,
    "y": 661.901198493865,
    "width": 228.57142978773948,
    "height": 38.028719875518185
  },
  "a8": {
    "x": 316.55441861525856,
    "y": 701.1082220052501,
    "width": 228.57142978773948,
    "height": 38.03822169642108
  },
  "a9": {
    "x": 316.55441861525856,
    "y": 740.3247449049162,
    "width": 228.57142978773948,
    "height": 38.02872230814015
  },
  "a10": {
    "x": 316.55441861525856,
    "y": 779.5317684163015,
    "width": 228.57142978773948,
    "height": 38.038224129042916
  },
  "a11": {
    "x": 316.55441861525856,
    "y": 818.7482913159677,
    "width": 228.57142978773948,
    "height": 38.02872230814002
  },
  "a12": {
    "x": 316.55441861525856,
    "y": 857.9553148273527,
    "width": 228.57142978773948,
    "height": 38.03822412904305
  },
  "a13": {
    "x": 316.55441861525856,
    "y": 897.1718401596409,
    "width": 228.57142978773948,
    "height": 38.02871987551804
  },
  "a14": {
    "x": 316.55441861525856,
    "y": 936.378861238404,
    "width": 228.57142978773948,
    "height": 77.24524764042815
  },
  "a15": {
    "x": 316.55441861525856,
    "y": 1014.8024076494554,
    "width": 228.57142978773948,
    "height": 38.038224129042916
  },
  "a16": {
    "x": 316.55441861525856,
    "y": 1054.0189329817433,
    "width": 228.57142978773948,
    "height": 38.02872230814015
  },
  "a17": {
    "x": 316.55441861525856,
    "y": 1093.2259564931287,
    "width": 228.57142978773948,
    "height": 38.03822169642108
  },
  "a18": {
    "x": 316.55441861525856,
    "y": 1132.4424818254167,
    "width": 228.57142978773948,
    "height": 38.028719875518185
  },
  "a19": {
    "x": 316.55441861525856,
    "y": 1171.6495029041798,
    "width": 228.57142978773948,
    "height": 38.03822412904305
  },
  "c1": {
    "x": 729.786551687275,
    "y": 308.9904850847498,
    "width": 205.05291725997466,
    "height": 77.24524764042808
  },
  "c2": {
    "x": 729.786551687275,
    "y": 387.4140314958011,
    "width": 205.05291725997466,
    "height": 77.24524764042808
  },
  "c3": {
    "x": 729.786551687275,
    "y": 465.8375803394743,
    "width": 205.05291725997466,
    "height": 38.038221696421154
  },
  "d1": {
    "x": 936.0177701504948,
    "y": 308.9904850847498,
    "width": 118.78986505125366,
    "height": 155.6687940514794
  },
  "e1": {
    "x": 1113.228569052964,
    "y": 308.9904850847498,
    "width": 205.05291725997452,
    "height": 77.24524764042808
  },
  "e2": {
    "x": 1113.228569052964,
    "y": 387.4140314958011,
    "width": 205.05291725997452,
    "height": 38.03822412904299
  },
  "e3": {
    "x": 1113.228569052964,
    "y": 426.6305568280892,
    "width": 205.05291725997452,
    "height": 38.02872230814002
  },
  "e4": {
    "x": 1113.228569052964,
    "y": 465.8375803394743,
    "width": 205.05291725997452,
    "height": 38.038221696421154
  },
  "e5": {
    "x": 1113.228569052964,
    "y": 505.05410567176233,
    "width": 205.05291725997452,
    "height": 38.028719875518185
  },
  "f1": {
    "x": 1319.4502856952806,
    "y": 308.9904850847498,
    "width": 118.79936687215684,
    "height": 77.24524764042808
  },
  "h1": {
    "x": 1553.9037172457208,
    "y": 308.9904850847498,
    "width": 205.05291482735268,
    "height": 77.24524764042808
  },
  "h2": {
    "x": 1553.9037172457208,
    "y": 387.4140314958011,
    "width": 205.05291482735268,
    "height": 116.4617705400943
  },
  "h3": {
    "x": 1553.9037172457208,
    "y": 505.05410567176233,
    "width": 205.05291482735268,
    "height": 77.24524520780625
  },
  "h4": {
    "x": 1553.9037172457208,
    "y": 583.4776520828136,
    "width": 205.05291482735268,
    "height": 77.24524520780625
  }
}