{
  "a1": {
    "x": 226.46080820902614,
    "y": 271.02137706413305,
    "width": 182.0997612541568,
    "height": 21.80522626128266
  },
  "a2": {
    "x": 226.46080820902614,
    "y": 293.95724526365797,
    "width": 182.0997612541568,
    "height": 32.57007125890736
  },
  "a3": {
    "x": 226.46080820902614,
    "y": 327.66745904038004,
    "width": 182.0997612541568,
    "height": 30.014252389548695
  },
  "a4": {
    "x": 226.46080820902614,
    "y": 358.812350935867,
    "width": 182.0997612541568,
    "height": 21.244655581947743
  },
  "a5": {
    "x": 226.46080820902614,
    "y": 381.18764845605705,
    "width": 182.0997612541568,
    "height": 30.869358061757723
  },
  "a6": {
    "x": 226.46080820902614,
    "y": 413.18764845605705,
    "width": 182.0997612541568,
    "height": 21.81472684085511
  },
  "a7": {
    "x": 226.46080820902614,
    "y": 436.1330172351544,
    "width": 182.0997612541568,
    "height": 21.80522626128266
  },
  "a8": {
    "x": 226.46080820902614,
    "y": 459.06888300237534,
    "width": 182.0997612541568,
    "height": 35.11638954869359
  },
  "a9": {
    "x": 226.46080820902614,
    "y": 495.3254150688836,
    "width": 182.0997612541568,
    "height": 32.560570679334916
  },
  "a10": {
    "x": 226.46080820902614,
    "y": 529.0261282660333,
    "width": 182.0997612541568,
    "height": 31.714963154394304
  },
  "a11": {
    "x": 226.46080820902614,
    "y": 561.8717333586699,
    "width": 182.0997612541568,
    "height": 21.81472684085511
  },
  "a12": {
    "x": 226.46080820902614,
    "y": 584.8171021377673,
    "width": 182.0997612541568,
    "height": 31.714963154394304
  },
  "a13": {
    "x": 226.46080820902614,
    "y": 617.6722078099763,
    "width": 182.0997612541568,
    "height": 21.80522626128259
  },
  "a14": {
    "x": 226.46080820902614,
    "y": 640.6080760095012,
    "width": 182.0997612541568,
    "height": 25.491687068883678
  },
  "a15": {
    "x": 226.46080820902614,
    "y": 667.2304025843231,
    "width": 182.0997612541568,
    "height": 30.014252389548624
  },
  "a16": {
    "x": 226.46080820902614,
    "y": 698.3847974916864,
    "width": 182.0997612541568,
    "height": 30.86935806175779
  },
  "a17": {
    "x": 226.46080820902614,
    "y": 730.3847974916865,
    "width": 182.0997612541568,
    "height": 30.869358061757655
  },
  "a18": {
    "x": 226.46080820902614,
    "y": 762.3847974916865,
    "width": 182.0997612541568,
    "height": 30.869358061757655
  },
  "a19": {
    "x": 226.46080820902614,
    "y": 794.3847974916865,
    "width": 182.0997612541568,
    "height": 32.57007125890723
  },
  "a20": {
    "x": 226.46080820902614,
    "y": 828.0950112684085,
    "width": 182.0997612541568,
    "height": 32.56057067933499
  },
  "a21": {
    "x": 226.46080820902614,
    "y": 861.7957244655582,
    "width": 182.0997612541568,
    "height": 21.80522626128273
  },
  "a22": {
    "x": 226.46080820902614,
    "y": 884.7315926650833,
    "width": 182.0997612541568,
    "height": 21.80522382897842
  },
  "a23": {
    "x": 226.46080820902614,
    "y": 907.6769590118764,
    "width": 182.0997612541568,
    "height": 21.80522626128273
  },
  "a24": {
    "x": 226.46080820902614,
    "y": 930.6128272114015,
    "width": 182.0997612541568,
    "height": 21.80522382897856
  },
  "a25": {
    "x": 226.46080820902614,
    "y": 953.5486929786224,
    "width": 182.0997612541568,
    "height": 21.81472684085497
  },
  "a26": {
    "x": 226.46080820902614,
    "y": 976.4940617577198,
    "width": 182.0997612541568,
    "height": 21.80522626128273
  },
  "a27": {
    "x": 226.46080820902614,
    "y": 999.4299299572448,
    "width": 182.0997612541568,
    "height": 21.80522382897842
  },
  "a28": {
    "x": 226.46080820902614,
    "y": 1022.375296304038,
    "width": 182.0997612541568,
    "height": 21.80522626128273
  },
  "a29": {
    "x": 226.46080820902614,
    "y": 1045.311164503563,
    "width": 182.0997612541568,
    "height": 21.80522382897856
  },
  "a30": {
    "x": 226.46080820902614,
    "y": 1068.2470302707839,
    "width": 182.0997612541568,
    "height": 21.81472684085497
  },
  "a31": {
    "x": 226.46080820902614,
    "y": 1091.1923990498813,
    "width": 182.0997612541568,
    "height": 21.80522626128273
  },
  "a32": {
    "x": 226.46080820902614,
    "y": 1114.1282672494065,
    "width": 182.0997612541568,
    "height": 21.244653149643575
  },
  "a33": {
    "x": 226.46080820902614,
    "y": 1136.5035623372924,
    "width": 182.0997612541568,
    "height": 21.80522626128259
  },
  "a34": {
    "x": 226.46080820902614,
    "y": 1159.4394305368173,
    "width": 182.0997612541568,
    "height": 35.971495220902476
  },
  "a35": {
    "x": 226.46080820902614,
    "y": 1196.5415676959622,
    "width": 182.0997612541568,
    "height": 22.090260674584258
  },
  "a36": {
    "x": 226.46080820902614,
    "y": 1219.771970888361,
    "width": 182.0997612541568,
    "height": 21.80522626128273
  },
  "b1": {
    "x": 506.27078323990503,
    "y": 271.02137706413305,
    "width": 190.0237529691211,
    "height": 589.6342048836104
  },
  "c1": {
    "x": 834.7838473729216,
    "y": 271.02137706413305,
    "width": 175.87648516864616,
    "height": 21.80522626128266
  },
  "c2": {
    "x": 834.7838473729216,
    "y": 293.95724526365797,
    "width": 175.87648516864616,
    "height": 32.57007125890736
  },
  "c3": {
    "x": 834.7838473729216,
    "y": 327.66745904038004,
    "width": 175.87648516864616,
    "height": 30.014252389548695
  },
  "c4": {
    "x": 834.7838473729216,
    "y": 358.812350935867,
    "width": 175.87648516864616,
    "height": 21.244655581947743
  },
  "c5": {
    "x": 834.7838473729216,
    "y": 381.18764845605705,
    "width": 175.87648516864616,
    "height": 30.869358061757723
  },
  "c6": {
    "x": 834.7838473729216,
    "y": 413.18764845605705,
    "width": 175.87648516864616,
    "height": 21.81472684085511
  },
  "c7": {
    "x": 834.7838473729216,
    "y": 436.1330172351544,
    "width": 175.87648516864616,
    "height": 21.80522626128266
  },
  "c8": {
    "x": 834.7838473729216,
    "y": 459.06888300237534,
    "width": 175.87648516864616,
    "height": 35.11638954869359
  },
  "c9": {
    "x": 834.7838473729216,
    "y": 495.3254150688836,
    "width": 175.87648516864616,
    "height": 32.560570679334916
  },
  "c10": {
    "x": 834.7838473729216,
    "y": 529.0261282660333,
    "width": 175.87648516864616,
    "height": 31.714963154394304
  },
  "c11": {
    "x": 834.7838473729216,
    "y": 561.8717333586699,
    "width": 175.87648516864616,
    "height": 21.81472684085511
  },
  "c12": {
    "x": 834.7838473729216,
    "y": 584.8171021377673,
    "width": 175.87648516864616,
    "height": 31.714963154394304
  },
  "c13": {
    "x": 834.7838473729216,
    "y": 617.6722078099763,
    "width": 175.87648516864616,
    "height": 21.80522626128259
  },
  "c14": {
    "x": 834.7838473729216,
    "y": 640.6080760095012,
    "width": 175.87648516864616,
    "height": 25.491687068883678
  },
  "c15": {
    "x": 834.7838473729216,
    "y": 667.2304025843231,
    "width": 175.87648516864616,
    "height": 30.014252389548624
  },
  "c16": {
    "x": 834.7838473729216,
    "y": 698.3847974916864,
    "width": 175.87648516864616,
    "height": 30.86935806175779
  },
  "c17": {
    "x": 834.7838473729216,
    "y": 730.3847974916865,
    "width": 175.87648516864616,
    "height": 30.869358061757655
  },
  "c18": {
    "x": 834.7838473729216,
    "y": 762.3847974916865,
    "width": 175.87648516864616,
    "height": 30.869358061757655
  },
  "d1": {
    "x": 1108.3705463182898,
    "y": 271.02137706413305,
    "width": 156.60807661757713,
    "height": 223.16389548693587
  },
  "d2": {
    "x": 1108.3705463182898,
    "y": 495.3254150688836,
    "width": 156.60807661757713,
    "height": 265.9287404845606
  },
  "e1": {
    "x": 1310.289786223278,
    "y": 271.02137706413305,
    "width": 120.36104513064133,
    "height": 86.66033436579572
  },