{
  "a1": {
    "x": 216.5035635534442,
    "y": 289.6532078669834,
    "width": 176.92161459382424,
    "height": 37.567694745843234
  },
  "a2": {
    "x": 216.5035635534442,
    "y": 328.3420439714964,
    "width": 176.92161459382424,
    "height": 31.12588830403801
  },
  "a3": {
    "x": 216.5035635534442,
    "y": 360.5890736342043,
    "width": 176.92161459382424,
    "height": 24.674583714964374
  },
  "a4": {
    "x": 216.5035635534442,
    "y": 386.3847987078385,
    "width": 176.92161459382424,
    "height": 24.674583714964374
  },
  "a5": {
    "x": 216.5035635534442,
    "y": 412.1805237814727,
    "width": 176.92161459382424,
    "height": 29.43467811876485
  },
  "a6": {
    "x": 216.5035635534442,
    "y": 442.73634325890737,
    "width": 176.92161459382424,
    "height": 29.444178698337296
  },
  "a7": {
    "x": 216.5035635534442,
    "y": 473.3016633159145,
    "width": 176.92161459382424,
    "height": 24.674583714964374
  },
  "b1": {
    "x": 507.53444058907365,
    "y": 289.6532078669834,
    "width": 331.125891344418,
    "height": 904.7790949548694
  },
  "c1": {
    "x": 933.9857494346794,
    "y": 289.6532078669834,
    "width": 141.59619770071254,
    "height": 37.567694745843234
  },
  "d1": {
    "x": 1209.5962007410926,
    "y": 289.6532078669834,
    "width": 180.28503380522574,
    "height": 878.9738717339668
  },
  "e1": {
    "x": 1391.0023759049884,
    "y": 289.6532078669834,
    "width": 109.90023570546285,
    "height": 95.61044948218529
  },
  "e2": {
    "x": 1391.0023759049884,
    "y": 386.3847987078385,
    "width": 109.90023570546285,
    "height": 24.674583714964374
  },
  "e3": {
    "x": 1391.0023759049884,
    "y": 412.1805237814727,
    "width": 109.90023570546285,
    "height": 59.99999817577198
  },
  "e4": {
    "x": 1391.0023759049884,
    "y": 473.3016633159145,
    "width": 109.90023570546285,
    "height": 24.674583714964374
  },
  "f1": {
    "x": 1502.0237529691212,
    "y": 289.6532078669834,
    "width": 104.30403678859844,
    "height": 95.61044948218529
  },
  "g1": {
    "x": 1607.4489311163895,
    "y": 289.6532078669834,
    "width": 109.90973871733968,
    "height": 37.567694745843234
  },
  "g2": {
    "x": 1607.4489311163895,
    "y": 328.3420439714964,
    "width": 109.90973871733968,
    "height": 31.12588830403801
  },
  "h1": {
    "x": 1718.4798111923992,
    "y": 289.6532078669834,
    "width": 116.35154272684072,
    "height": 182.52731409026129
  },
  "h2": {
    "x": 1718.4798111923992,
    "y": 473.3016633159145,
    "width": 116.35154272684072,
    "height": 153.6437036389549
  }
}