{
  "a1": {
    "x": 215.10688836104515,
    "y": 257.41567635154394,
    "width": 176.92161459382424,
    "height": 37.56769717814727
  },
  "a2": {
    "x": 215.10688836104515,
    "y": 296.104512456057,
    "width": 176.92161459382424,
    "height": 31.125890736342043
  },
  "a3": {
    "x": 215.10688836104515,
    "y": 328.3515445510689,
    "width": 176.92161459382424,
    "height": 24.674583714964374
  },
  "a4": {
    "x": 215.10688836104515,
    "y": 354.14726719239906,
    "width": 176.92161459382424,
    "height": 24.665085567695957
  },
  "a5": {
    "x": 215.10688836104515,
    "y": 379.9334916864608,
    "width": 176.92161459382424,
    "height": 28.03800535866983
  },
  "a6": {
    "x": 215.10688836104515,
    "y": 409.09263597149646,
    "width": 176.92161459382424,
    "height": 28.03800535866983
  },
  "a7": {
    "x": 215.10688836104515,
    "y": 438.2517826888361,
    "width": 176.92161459382424,
    "height": 24.674583714964374
  },
  "b1": {
    "x": 507.5439436009501,
    "y": 257.41567635154394,
    "width": 331.12589134441805,
    "height": 876.1710232019003
  },
  "c1": {
    "x": 933.9952500142517,
    "y": 257.41567635154394,
    "width": 141.58669712114016,
    "height": 37.56769717814727
  },
  "d1": {
    "x": 1209.605701320665,
    "y": 257.41567635154394,
    "width": 180.2850362375299,
    "height": 876.1710232019003
  },
  "e1": {
    "x": 1391.0118764845606,
    "y": 257.41567635154394,
    "width": 109.90023813776716,
    "height": 95.61045191448932
  },
  "e2": {
    "x": 1391.0118764845606,
    "y": 354.14726719239906,
    "width": 109.90023813776716,
    "height": 24.665085567695957
  },
  "e3": {
    "x": 1391.0118764845606,
    "y": 379.9334916864608,
    "width": 109.90023813776716,
    "height": 57.197149643705465
  },
  "e4": {
    "x": 1391.0118764845606,
    "y": 438.2517826888361,
    "width": 109.90023813776716,
    "height": 24.674583714964374
  },
  "f1": {
    "x": 1502.0427541282659,
    "y": 257.41567635154394,
    "width": 104.29453864133023,
    "height": 95.61045191448932
  },
  "g1": {
    "x": 1607.458431695962,
    "y": 257.41567635154394,
    "width": 109.90973871733995,
    "height": 37.56769717814727
  },
  "g2": {
    "x": 1607.458431695962,
    "y": 296.104512456057,
    "width": 109.90973871733995,
    "height": 31.125890736342043
  },
  "h1": {
    "x": 1718.4893117719719,
    "y": 257.41567635154394,
    "width": 116.35154272684072,
    "height": 179.71496497862233
  },
  "h2": {
    "x": 1718.4893117719719,
    "y": 438.2517826888361,
    "width": 116.35154272684072,
    "height": 153.65320421852732
  }
}