{
  "a1": {
    "x": 235.03087825178147,
    "y": 298.45130641330167,
    "width": 200.92161580997626,
    "height": 31.781472076009504
  },
  "a2": {
    "x": 235.03087825178147,
    "y": 331.4109257577197,
    "width": 200.92161580997626,
    "height": 23.553444788598576
  },
  "a3": {
    "x": 235.03087825178147,
    "y": 356.14251781472683,
    "width": 200.92161580997626,
    "height": 23.543941776722093
  },
  "a4": {
    "x": 235.03087825178147,
    "y": 380.86460929216156,
    "width": 200.92161580997626,
    "height": 23.553442356294543
  },
  "a5": {
    "x": 235.03087825178147,
    "y": 405.59619891686464,
    "width": 200.92161580997626,
    "height": 23.543944209026126
  },
  "a6": {
    "x": 235.03087825178147,
    "y": 430.3182903942993,
    "width": 200.92161580997626,
    "height": 23.543941776722093
  },
  "a7": {
    "x": 235.03087825178147,
    "y": 455.04037943942996,
    "width": 200.92161580997626,
    "height": 23.553444788598576
  },
  "a8": {
    "x": 235.03087825178147,
    "y": 479.77197149643706,
    "width": 200.92161580997626,
    "height": 23.543944209026126
  },
  "a9": {
    "x": 235.03087825178147,
    "y": 504.4940605415677,
    "width": 200.92161580997626,
    "height": 23.553444788598576
  },
  "a10": {
    "x": 235.03087825178147,
    "y": 529.2256525985748,
    "width": 200.92161580997626,
    "height": 23.543944209026126
  },
  "a11": {
    "x": 235.03087825178147,
    "y": 553.9477440760095,
    "width": 200.92161580997626,
    "height": 23.543941776722093
  },
  "a12": {
    "x": 235.03087825178147,
    "y": 578.6698331211402,
    "width": 200.92161580997626,
    "height": 23.553444788598576
  },
  "a13": {
    "x": 235.03087825178147,
    "y": 603.4014251781473,
    "width": 200.92161580997626,
    "height": 23.543941776722093
  },
  "a14": {
    "x": 235.03087825178147,
    "y": 628.123516655582,
    "width": 200.92161580997626,
    "height": 23.55344235629447
  },
  "a15": {
    "x": 235.03087825178147,
    "y": 652.855106280285,
    "width": 200.92161580997626,
    "height": 23.543944209026265
  },
  "a16": {
    "x": 235.03087825178147,
    "y": 677.5771977577198,
    "width": 200.92161580997626,
    "height": 23.543941776721955
  },
  "a17": {
    "x": 235.03087825178147,
    "y": 702.2992868028504,
    "width": 200.92161580997626,
    "height": 43.57244777197163
  },
  "a18": {
    "x": 235.03087825178147,
    "y": 747.0498818432305,
    "width": 200.92161580997626,
    "height": 23.543941776721955
  },
  "a19": {
    "x": 235.03087825178147,
    "y": 771.771970888361,
    "width": 200.92161580997626,
    "height": 23.543944209026265
  },
  "a20": {
    "x": 235.03087825178147,
    "y": 796.4940623657958,
    "width": 200.92161580997626,
    "height": 23.553444788598505
  },
  "a21": {
    "x": 235.03087825178147,
    "y": 821.2256519904988,
    "width": 200.92161580997626,
    "height": 23.543944209026126
  },
  "a22": {
    "x": 235.03087825178147,
    "y": 845.9477434679335,
    "width": 200.92161580997626,
    "height": 23.553444788598643
  },
  "a23": {
    "x": 235.03087825178147,
    "y": 870.6793355249407,
    "width": 200.92161580997626,
    "height": 23.543941776721955
  },
  "a24": {
    "x": 235.03087825178147,
    "y": 895.4014245700712,
    "width": 200.92161580997626,
    "height": 23.543944209026265
  },
  "a25": {
    "x": 235.03087825178147,
    "y": 920.1235160475061,
    "width": 200.92161580997626,
    "height": 23.55344235629447
  },
  "a26": {
    "x": 235.03087825178147,
    "y": 944.8551081045131,
    "width": 200.92161580997626,
    "height": 23.543941776722093
  },
  "a27": {
    "x": 235.03087825178147,
    "y": 969.5771971496438,
    "width": 200.92161580997626,
    "height": 23.553444788598643
  },
  "a28": {
    "x": 235.03087825178147,
    "y": 994.308789206651,
    "width": 200.92161580997626,
    "height": 23.543941776721955
  },
  "a29": {
    "x": 235.03087825178147,
    "y": 1019.0308782517815,
    "width": 200.92161580997626,
    "height": 23.543944209026265
  },
  "a30": {
    "x": 235.03087825178147,
    "y": 1043.7529697292164,
    "width": 200.92161580997626,
    "height": 23.553444788598505
  },
  "a31": {
    "x": 235.03087825178147,
    "y": 1068.4845593539194,
    "width": 200.92161580997626,
    "height": 23.543944209026126
  },
  "a32": {
    "x": 235.03087825178147,
    "y": 1093.206650831354,
    "width": 200.92161580997626,
    "height": 23.553444788598643
  },
  "c1": {
    "x": 591.353919239905,
    "y": 298.45130641330167,
    "width": 206.41330105463177,
    "height": 56.51306413301663
  },
  "c2": {
    "x": 591.353919239905,
    "y": 356.14251781472683,
    "width": 206.41330105463177,
    "height": 23.543941776722093
  },
  "c3": {
    "x": 591.353919239905,
    "y": 380.86460929216156,
    "width": 206.41330105463177,
    "height": 23.553442356294543
  },
  "c4": {
    "x": 591.353919239905,
    "y": 405.59619891686464,
    "width": 206.41330105463177,
    "height": 23.543944209026126
  },
  "c5": {
    "x": 591.353919239905,
    "y": 430.3182903942993,
    "width": 206.41330105463177,
    "height": 23.543941776722093
  },
  "c6": {
    "x": 591.353919239905,
    "y": 455.04037943942996,
    "width": 206.41330105463177,
    "height": 48.27553626603325
  },
  "c7": {
    "x": 591.353919239905,
    "y": 504.4940605415677,
    "width": 206.41330105463177,
    "height": 23.553444788598576
  },
  "c8": {
    "x": 591.353919239905,
    "y": 529.2256525985748,
    "width": 206.41330105463177,
    "height": 23.543944209026126
  },
  "c9": {
    "x": 591.353919239905,
    "y": 553.9477440760095,
    "width": 206.41330105463177,
    "height": 23.543941776722093
  },
  "c10": {
    "x": 591.353919239905,
    "y": 578.6698331211402,
    "width": 206.41330105463177,
    "height": 23.553444788598576
  },
  "c11": {
    "x": 591.353919239905,
    "y": 603.4014251781473,
    "width": 206.41330105463177,
    "height": 23.543941776722093
  },
  "c12": {
    "x": 591.353919239905,
    "y": 628.123516655582,
    "width": 206.41330105463177,
    "height": 23.55344235629447
  },
  "c13": {
    "x": 591.353919239905,
    "y": 652.855106280285,
    "width": 206.41330105463177,
    "height": 23.543944209026265
  },
  "c14": {
    "x": 591.353919239905,
    "y": 677.5771977577198,
    "width": 206.41330105463177,
    "height": 23.543941776721955
  },
  "c15": {
    "x": 591.353919239905,
    "y": 702.2992868028504,
    "width": 206.41330105463177,
    "height": 43.57244777197163
  },
  "c16": {
    "x": 591.353919239905,
    "y": 747.0498818432305,
    "width": 206.41330105463177,
    "height": 23.543941776721955
  },
  "c17": {
    "x": 591.353919239905,
    "y": 771.771970888361,
    "width": 206.41330105463177,
    "height": 23.543944209026265
  },
  "c18": {
    "x": 591.353919239905,
    "y": 796.4940623657958,
    "width": 206.41330105463177,
    "height": 23.553444788598505
  },
  "c19": {
    "x": 591.353919239905,
    "y": 821.2256519904988,
    "width": 206.41330105463177,
    "height": 23.543944209026126
  },
  "c20": {
    "x": 591.353919239905,
    "y": 845.9477434679335,
    "width": 206.41330105463177,
    "height": 23.553444788598643
  },
  "c21": {
    "x": 591.353919239905,
    "y": 870.6793355249407,
    "width": 206.41330105463177,
    "height": 23.543941776721955
  },
  "c22": {
    "x": 591.353919239905,
    "y": 895.4014245700712,
    "width": 206.41330105463177,
    "height": 23.543944209026265
  },
  "c23": {
    "x": 591.353919239905,
    "y": 920.1235160475061,
    "width": 206.41330105463177,
    "height": 23.55344235629447
  },
  "c24": {
    "x": 591.353919239905,
    "y": 944.8551081045131,
    "width": 206.41330105463177,
    "height": 23.543941776722093
  },
  "d1": {
    "x": 854.6698325130642,
    "y": 298.45130641330167,
    "width": 326.4893117719714,
    "height": 447.4204281615203
  },
  "d2": {
    "x": 854.6698325130642,
    "y": 747.0498818432305,
    "width": 326.4893117719714,
    "height": 48.266033254156774
  },