{
  "a1": {
    "x": 451.8309986910404,
    "y": 233.19911091472758,
    "width": 270.0210241242917,
    "height": 20.021618634263383
  },
  "a2": {
    "x": 451.8309986910404,
    "y": 253.99992751547114,
    "width": 270.0210241242917,
    "height": 20.021618634263383
  },
  "a3": {
    "x": 451.8309986910404,
    "y": 274.8102483697395,
    "width": 270.0210241242917,
    "height": 18.843317431018303
  },
  "a4": {
    "x": 451.8309986910404,
    "y": 294.432763767238,
    "width": 270.0210241242917,
    "height": 20.021618634263383
  },
  "a5": {
    "x": 451.8309986910404,
    "y": 315.2335828006034,
    "width": 270.0210241242917,
    "height": 20.02161620164155
  },
  "a6": {
    "x": 451.8309986910404,
    "y": 336.04390122224993,
    "width": 270.0210241242917,
    "height": 20.01211681336041
  },
  "a7": {
    "x": 451.8309986910404,
    "y": 356.8447178229935,
    "width": 270.0210241242917,
    "height": 20.021618634263383
  },
  "a8": {
    "x": 451.8309986910404,
    "y": 377.6455368563589,
    "width": 270.0210241242917,
    "height": 20.02161620164155
  },
  "a9": {
    "x": 451.8309986910404,
    "y": 398.45585527800546,
    "width": 270.0210241242917,
    "height": 20.01211681336041
  },
  "a10": {
    "x": 451.8309986910404,
    "y": 419.256671878749,
    "width": 270.0210241242917,
    "height": 20.021618634263383
  },
  "a11": {
    "x": 451.8309986910404,
    "y": 440.0574909121144,
    "width": 270.0210241242917,
    "height": 20.02161620164155
  },
  "a12": {
    "x": 451.8309986910404,
    "y": 460.86780933376093,
    "width": 270.0210241242917,
    "height": 20.01211681336041
  },
  "a13": {
    "x": 451.8309986910404,
    "y": 481.6686259345045,
    "width": 270.0210241242917,
    "height": 20.021618634263383
  },
  "a14": {
    "x": 451.8309986910404,
    "y": 502.4694449678699,
    "width": 270.0210241242917,
    "height": 20.02161620164155
  },
  "a15": {
    "x": 451.8309986910404,
    "y": 523.2797633895165,
    "width": 270.0210241242917,
    "height": 20.01211681336041
  },
  "a16": {
    "x": 451.8309986910404,
    "y": 544.08057999026,
    "width": 270.0210241242917,
    "height": 20.021618634263383
  },
  "a17": {
    "x": 451.8309986910404,
    "y": 564.8813990236254,
    "width": 270.0210241242917,
    "height": 20.02161620164155
  },
  "a18": {
    "x": 451.8309986910404,
    "y": 585.6917174452719,
    "width": 270.0210241242917,
    "height": 20.01211681336041
  },
  "a19": {
    "x": 451.8309986910404,
    "y": 606.4925340460155,
    "width": 270.0210241242917,
    "height": 20.021618634263383
  },
  "a20": {
    "x": 451.8309986910404,
    "y": 627.293353079381,
    "width": 270.0210241242917,
    "height": 20.02161620164148
  },
  "a21": {
    "x": 451.8309986910404,
    "y": 648.1036715010274,
    "width": 270.0210241242917,
    "height": 20.01211681336041
  },
  "a22": {
    "x": 451.8309986910404,
    "y": 668.904488101771,
    "width": 270.0210241242917,
    "height": 20.02161863426345
  },
  "a23": {
    "x": 451.8309986910404,
    "y": 689.7053071351364,
    "width": 270.0210241242917,
    "height": 20.02161620164148
  },
  "a24": {
    "x": 451.8309986910404,
    "y": 710.515625556783,
    "width": 270.0210241242917,
    "height": 20.01211681336041
  },
  "a25": {
    "x": 451.8309986910404,
    "y": 731.3164421575265,
    "width": 270.0210241242917,
    "height": 20.02161863426345
  },
  "a26": {
    "x": 451.8309986910404,
    "y": 752.1172611908919,
    "width": 270.0210241242917,
    "height": 20.02161620164148
  },
  "a27": {
    "x": 451.8309986910404,
    "y": 772.9275796125385,
    "width": 270.0210241242917,
    "height": 20.01211681336041
  },
  "a28": {
    "x": 451.8309986910404,
    "y": 793.7283962132819,
    "width": 270.0210241242917,
    "height": 20.02161863426345
  },
  "a29": {
    "x": 451.8309986910404,
    "y": 814.5292152466475,
    "width": 270.0210241242917,
    "height": 20.02161620164148
  },
  "a30": {
    "x": 451.8309986910404,
    "y": 835.330031847391,
    "width": 270.0210241242917,
    "height": 20.02161863426345
  },
  "a31": {
    "x": 451.8309986910404,
    "y": 856.1403502690374,
    "width": 270.0210241242917,
    "height": 20.02161863426345
  },
  "a32": {
    "x": 451.8309986910404,
    "y": 876.941169302403,
    "width": 270.0210241242917,
    "height": 20.02161620164148
  },
  "a33": {
    "x": 451.8309986910404,
    "y": 897.7419859031464,
    "width": 270.0210241242917,
    "height": 20.02161863426345
  },
  "a34": {
    "x": 451.8309986910404,
    "y": 918.552304324793,
    "width": 270.0210241242917,
    "height": 20.01211681336055
  },
  "a35": {
    "x": 451.8309986910404,
    "y": 939.3531233581585,
    "width": 270.0210241242917,
    "height": 20.021616201641343
  },
  "a36": {
    "x": 451.8309986910404,
    "y": 960.1539399589019,
    "width": 270.0210241242917,
    "height": 20.02161863426345
  },
  "a37": {
    "x": 451.8309986910404,
    "y": 980.9642583805485,
    "width": 270.0210241242917,
    "height": 20.01211681336055
  },
  "a38": {
    "x": 451.8309986910404,
    "y": 1001.7650774139141,
    "width": 270.0210241242917,
    "height": 20.021616201641343
  },
  "a39": {
    "x": 451.8309986910404,
    "y": 1022.5658940146575,
    "width": 270.0210241242917,
    "height": 20.02161863426345
  },
  "a40": {
    "x": 451.8309986910404,
    "y": 1043.376212436304,
    "width": 270.0210241242917,
    "height": 20.01211681336055
  },
  "a41": {
    "x": 451.8309986910404,
    "y": 1064.1770314696696,
    "width": 270.0210241242917,
    "height": 20.021616201641343
  },
  "a42": {
    "x": 451.8309986910404,
    "y": 1084.9778480704128,
    "width": 270.0210241242917,
    "height": 20.02161863426345
  },
  "a43": {
    "x": 451.8309986910404,
    "y": 1105.7881664920594,
    "width": 270.0210241242917,
    "height": 20.01211681336055
  },
  "a44": {
    "x": 451.8309986910404,
    "y": 1126.5889855254252,
    "width": 270.0210241242917,
    "height": 20.021616201641343
  },
  "a45": {
    "x": 451.8309986910404,
    "y": 1147.3898021261684,
    "width": 270.0210241242917,
    "height": 20.02161863426345
  },
  "a46": {
    "x": 451.8309986910404,
    "y": 1168.200120547815,
    "width": 270.0210241242917,
    "height": 20.01211681336055
  },
  "a47": {
    "x": 451.8309986910404,
    "y": 1189.0009395811805,
    "width": 270.0210241242917,
    "height": 20.021616201641343
  },
  "a48": {
    "x": 451.8309986910404,
    "y": 1209.801756181924,
    "width": 270.0210241242917,
    "height": 20.02161863426345
  },
  "a49": {
    "x": 451.8309986910404,
    "y": 1230.6120746035706,
    "width": 270.0210241242917,
    "height": 20.01211681336041
  },
  "c1": {
    "x": 877.2737524949815,
    "y": 233.19911091472758,
    "width": 206.44027311881607,
    "height": 20.021618634263383
  },
  "c2": {
    "x": 877.2737524949815,
    "y": 253.99992751547114,
    "width": 206.44027311881607,
    "height": 20.021618634263383
  },
  "c3": {
    "x": 877.2737524949815,
    "y": 274.8102483697395,
    "width": 206.44027311881607,
    "height": 18.843317431018303
  },
  "c4": {
    "x": 877.2737524949815,
    "y": 294.432763767238,
    "width": 206.44027311881607,
    "height": 20.021618634263383
  },
  "c5": {
    "x": 877.2737524949815,
    "y": 315.2335828006034,
    "width": 206.44027311881607,
    "height": 20.02161620164155
  },
  "c6": {
    "x": 877.2737524949815,
    "y": 336.04390122224993,
    "width": 206.44027311881607,
    "height": 20.01211681336041
  },
  "c7": {
    "x": 877.2737524949815,
    "y": 356.8447178229935,
    "width": 206.44027311881607,
    "height": 20.021618634263383
  },
  "c8": {
    "x": 877.2737524949815,
    "y": 377.6455368563589,
    "width": 206.44027311881607,
    "height": 20.02161620164155
  },
  "c9": {
    "x": 877.2737524949815,
    "y": 398.45585527800546,
    "width": 206.44027311881607,
    "height": 20.01211681336041
  },
  "c10": {
    "x": 877.2737524949815,
    "y": 419.256671878749,