{
  "a1": {
    "x": 353.2161520190024,
    "y": 247.11638894061758,
    "width": 286.4513058052256,
    "height": 21.092636579572446
  },
  "a2": {
    "x": 353.2161520190024,
    "y": 269.3206638669834,
    "width": 286.4513058052256,
    "height": 21.09263901187648
  },
  "a3": {
    "x": 353.2161520190024,
    "y": 291.5249412256532,
    "width": 286.4513058052256,
    "height": 19.42992813301663
  },
  "a4": {
    "x": 353.2161520190024,
    "y": 312.0665077054632,
    "width": 286.4513058052256,
    "height": 21.092636579572446
  },
  "a5": {
    "x": 353.2161520190024,
    "y": 334.270785064133,
    "width": 286.4513058052256,
    "height": 21.102137159144895
  },
  "a6": {
    "x": 353.2161520190024,
    "y": 356.47505999049883,
    "width": 286.4513058052256,
    "height": 21.102137159144895
  },
  "a7": {
    "x": 353.2161520190024,
    "y": 378.6888354964371,
    "width": 286.4513058052256,
    "height": 21.092636579572446
  },
  "a8": {
    "x": 353.2161520190024,
    "y": 400.89311042280286,
    "width": 286.4513058052256,
    "height": 21.09263901187648
  },
  "a9": {
    "x": 353.2161520190024,
    "y": 423.0973877814727,
    "width": 286.4513058052256,
    "height": 21.092636579572446
  },
  "a10": {
    "x": 353.2161520190024,
    "y": 445.3016627078385,
    "width": 286.4513058052256,
    "height": 21.092636579572446
  },
  "a11": {
    "x": 353.2161520190024,
    "y": 467.5059376342043,
    "width": 286.4513058052256,
    "height": 21.102137159144895
  },
  "a12": {
    "x": 353.2161520190024,
    "y": 489.7102149928741,
    "width": 286.4513058052256,
    "height": 21.102137159144895
  },
  "a13": {
    "x": 353.2161520190024,
    "y": 511.9239904988124,
    "width": 286.4513058052256,
    "height": 21.092636579572446
  },
  "a14": {
    "x": 353.2161520190024,
    "y": 534.1282654251781,
    "width": 286.4513058052256,
    "height": 21.092636579572446
  },
  "a15": {
    "x": 353.2161520190024,
    "y": 556.332540351544,
    "width": 286.4513058052256,
    "height": 21.09263901187648
  },
  "a16": {
    "x": 353.2161520190024,
    "y": 578.5368177102138,
    "width": 286.4513058052256,
    "height": 21.092636579572446
  },
  "a17": {
    "x": 353.2161520190024,
    "y": 600.7410926365797,
    "width": 286.4513058052256,
    "height": 21.092636579572446
  },
  "a18": {
    "x": 353.2161520190024,
    "y": 622.9453675629453,
    "width": 286.4513058052256,
    "height": 21.102137159144966
  },
  "a19": {
    "x": 353.2161520190024,
    "y": 645.1496449216153,
    "width": 286.4513058052256,
    "height": 21.102137159144966
  },
  "a20": {
    "x": 353.2161520190024,
    "y": 667.3634204275535,
    "width": 286.4513058052256,
    "height": 21.092636579572446
  },
  "a21": {
    "x": 353.2161520190024,
    "y": 689.5676953539192,
    "width": 286.4513058052256,
    "height": 21.092636579572446
  },
  "a22": {
    "x": 353.2161520190024,
    "y": 711.7719702802849,
    "width": 286.4513058052256,
    "height": 21.092639011876617
  },
  "a23": {
    "x": 353.2161520190024,
    "y": 733.9762476389549,
    "width": 286.4513058052256,
    "height": 21.092636579572584
  },
  "a24": {
    "x": 353.2161520190024,
    "y": 756.1805225653206,
    "width": 286.4513058052256,
    "height": 21.102137159144828
  },
  "a25": {
    "x": 353.2161520190024,
    "y": 778.3847974916864,
    "width": 286.4513058052256,
    "height": 21.102137159144966
  },
  "a26": {
    "x": 353.2161520190024,
    "y": 800.5985754299288,
    "width": 286.4513058052256,
    "height": 21.092636579572446
  },
  "a27": {
    "x": 353.2161520190024,
    "y": 822.8028503562946,
    "width": 286.4513058052256,
    "height": 21.092636579572446
  },
  "a28": {
    "x": 353.2161520190024,
    "y": 845.0071252826604,
    "width": 286.4513058052256,
    "height": 21.092636579572446
  },
  "a29": {
    "x": 353.2161520190024,
    "y": 867.211400209026,
    "width": 286.4513058052256,
    "height": 21.092639011876617
  },
  "a30": {
    "x": 353.2161520190024,
    "y": 889.415677567696,
    "width": 286.4513058052256,
    "height": 21.092636579572584
  },
  "a31": {
    "x": 353.2161520190024,
    "y": 911.6199524940617,
    "width": 286.4513058052256,
    "height": 21.102137159144828
  },
  "a32": {
    "x": 353.2161520190024,
    "y": 933.8242274204275,
    "width": 286.4513058052256,
    "height": 21.102137159144966
  },
  "a33": {
    "x": 353.2161520190024,
    "y": 956.0380053586699,
    "width": 286.4513058052256,
    "height": 21.092636579572446
  },
  "a34": {
    "x": 353.2161520190024,
    "y": 978.2422802850357,
    "width": 286.4513058052256,
    "height": 21.092636579572446
  },
  "a35": {
    "x": 353.2161520190024,
    "y": 1000.4465552114013,
    "width": 286.4513058052256,
    "height": 21.092636579572446
  },
  "a36": {
    "x": 353.2161520190024,
    "y": 1022.6508301377671,
    "width": 286.4513058052256,
    "height": 21.092639011876617
  },
  "a37": {
    "x": 353.2161520190024,
    "y": 1044.855107496437,
    "width": 286.4513058052256,
    "height": 21.102137159144966
  },
  "a38": {
    "x": 353.2161520190024,
    "y": 1067.0593824228029,
    "width": 286.4513058052256,
    "height": 21.102137159144828
  },
  "a39": {
    "x": 353.2161520190024,
    "y": 1089.2731603610453,
    "width": 286.4513058052256,
    "height": 21.092634147268416
  },
  "a40": {
    "x": 353.2161520190024,
    "y": 1111.477435287411,
    "width": 286.4513058052256,
    "height": 21.092636579572446
  },
  "a41": {
    "x": 353.2161520190024,
    "y": 1133.6817102137768,
    "width": 286.4513058052256,
    "height": 21.092636579572446
  },
  "a42": {
    "x": 353.2161520190024,
    "y": 1155.8859851401426,
    "width": 286.4513058052256,
    "height": 21.092636579572446
  },
  "a43": {
    "x": 353.2161520190024,
    "y": 1178.0902600665083,
    "width": 286.4513058052256,
    "height": 21.092639011876617
  },
  "a44": {
    "x": 353.2161520190024,
    "y": 1200.294537425178,
    "width": 286.4513058052256,
    "height": 21.102137159144966
  },
  "a45": {
    "x": 353.2161520190024,
    "y": 1222.498812351544,
    "width": 286.4513058052256,
    "height": 21.102137159144828
  },
  "c1": {
    "x": 806.2137779382423,
    "y": 247.11638894061758,
    "width": 219.27790791448925,
    "height": 21.092636579572446
  },
  "c2": {
    "x": 806.2137779382423,
    "y": 269.3206638669834,
    "width": 219.27790791448925,
    "height": 21.09263901187648
  },
  "c3": {
    "x": 806.2137779382423,
    "y": 291.5249412256532,
    "width": 219.27790791448925,
    "height": 19.42992813301663
  },
  "c4": {
    "x": 806.2137779382423,
    "y": 312.0665077054632,
    "width": 219.27790791448925,
    "height": 21.092636579572446
  },
  "c5": {
    "x": 806.2137779382423,
    "y": 334.270785064133,
    "width": 219.27790791448925,
    "height": 21.102137159144895
  },
  "c6": {
    "x": 806.2137779382423,
    "y": 356.47505999049883,
    "width": 219.27790791448925,
    "height": 21.102137159144895
  },
  "c7": {
    "x": 806.2137779382423,
    "y": 378.6888354964371,
    "width": 219.27790791448925,
    "height": 21.092636579572446
  },
  "c8": {
    "x": 806.2137779382423,
    "y": 400.89311042280286,
    "width": 219.27790791448925,
    "height": 21.09263901187648
  },
  "c9": {
    "x": 806.2137779382423,
    "y": 423.0973877814727,
    "width": 219.27790791448925,
    "height": 21.092636579572446
  },
  "c10": {
    "x": 806.2137779382423,
    "y": 445.3016627078385,
    "width": 219.27790791448925,
    "height": 21.092636579572446
  },
  "c11": {
    "x": 806.2137779382423,
    "y": 467.5059376342043,
    "width": 219.27790791448925,
    "height": 21.102137159144895
  },
  "c12": {
    "x": 806.2137779382423,
    "y": 489.7102149928741,
    "width": 219.27790791448925,
    "height": 21.102137159144895
  },
  "c13": {
    "x": 806.2137779382423,
    "y": 511.9239904988124,
    "width": 219.27790791448925,
    "height": 21.092636579572446
  },
  "c14": {
    "x": 806.2137779382423,