{
  "a1": {
    "x": 142.21377672209027,
    "y": 350.061757719715,
    "width": 190.4418052256532,
    "height": 64.02850417102138
  },
  "a2": {
    "x": 142.21377672209027,
    "y": 415.4679334916865,
    "width": 190.4418052256532,
    "height": 64.01900115914489
  },
  "a3": {
    "x": 142.21377672209027,
    "y": 480.8646086840855,
    "width": 190.4418052256532,
    "height": 64.02850417102138
  },
  "a4": {
    "x": 142.21377672209027,
    "y": 546.2707844560571,
    "width": 190.4418052256532,
    "height": 64.01900115914489
  },
  "a5": {
    "x": 142.21377672209027,
    "y": 611.667457216152,
    "width": 190.4418052256532,
    "height": 456.43705463182897
  },
  "b1": {
    "x": 334.0237529691212,
    "y": 350.061757719715,
    "width": 272.87410926365794,
    "height": 64.02850417102138
  },
  "b2": {
    "x": 334.0237529691212,
    "y": 415.4679334916865,
    "width": 272.87410926365794,
    "height": 64.01900115914489
  },
  "b3": {
    "x": 334.0237529691212,
    "y": 480.8646086840855,
    "width": 272.87410926365794,
    "height": 64.02850417102138
  },
  "b4": {
    "x": 334.0237529691212,
    "y": 546.2707844560571,
    "width": 272.87410926365794,
    "height": 521.8337273919241
  },
  "c1": {
    "x": 668.1805237814727,
    "y": 350.061757719715,
    "width": 190.43230221377667,
    "height": 64.02850417102138
  },
  "c2": {
    "x": 668.1805237814727,
    "y": 415.4679334916865,
    "width": 190.43230221377667,
    "height": 64.01900115914489
  },
  "c3": {
    "x": 668.1805237814727,
    "y": 480.8646086840855,
    "width": 190.43230221377667,
    "height": 64.02850417102138
  },
  "c4": {
    "x": 668.1805237814727,
    "y": 546.2707844560571,
    "width": 190.43230221377667,
    "height": 64.01900115914489
  },
  "c5": {
    "x": 668.1805237814727,
    "y": 611.667457216152,
    "width": 190.43230221377667,
    "height": 64.02850417102131
  },
  "c6": {
    "x": 668.1805237814727,
    "y": 677.0736354204275,
    "width": 190.43230221377667,
    "height": 391.0308764275535
  },
  "d1": {
    "x": 859.980997016627,
    "y": 350.061757719715,
    "width": 272.87410926365794,
    "height": 64.02850417102138
  },
  "d2": {
    "x": 859.980997016627,
    "y": 415.4679334916865,
    "width": 272.87410926365794,
    "height": 64.01900115914489
  },
  "d3": {
    "x": 859.980997016627,
    "y": 480.8646086840855,
    "width": 272.87410926365794,
    "height": 64.02850417102138
  },
  "d4": {
    "x": 859.980997016627,
    "y": 546.2707844560571,
    "width": 272.87410926365794,
    "height": 64.01900115914489
  },
  "d5": {
    "x": 859.980997016627,
    "y": 611.667457216152,
    "width": 272.87410926365794,
    "height": 456.43705463182897
  },
  "e1": {
    "x": 1232.332542175772,
    "y": 350.061757719715,
    "width": 130.52731469833745,
    "height": 96.73159084085512
  },
  "e2": {
    "x": 1232.332542175772,
    "y": 448.16151958194774,
    "width": 130.52731469833745,
    "height": 96.73159327315915
  },
  "e3": {
    "x": 1194.1377678289787,
    "y": 546.2707844560571,
    "width": 168.72208904513064,
    "height": 64.01900115914489
  },
  "e4": {
    "x": 1194.1377678289787,
    "y": 611.667457216152,
    "width": 168.72208904513064,
    "height": 64.02850417102131
  },
  "e5": {
    "x": 1194.1377678289787,
    "y": 677.0736354204275,
    "width": 168.72208904513064,
    "height": 391.0308764275535
  },
  "f1": {
    "x": 1364.228027895487,
    "y": 350.061757719715,
    "width": 140.97862354394286,
    "height": 194.83135513539193
  },
  "f2": {
    "x": 1364.228027895487,
    "y": 546.2707844560571,
    "width": 140.97862354394286,
    "height": 64.01900115914489
  },
  "f3": {
    "x": 1364.228027895487,
    "y": 611.667457216152,
    "width": 140.97862354394286,
    "height": 456.43705463182897
  },
  "h1": {
    "x": 1566.4893105558197,
    "y": 350.061757719715,
    "width": 143.99049942042748,
    "height": 391.0308788598575
  },
  "h2": {
    "x": 1566.4893105558197,
    "y": 742.4703081805226,
    "width": 143.99049942042748,
    "height": 325.6342036674585
  }
}