{
  "a1": {
    "x": 153.5106882280285,
    "y": 310.3372927695962,
    "width": 260.64608258432304,
    "height": 160.53206650831353
  },
  "a2": {
    "x": 153.5106882280285,
    "y": 472.9121152304038,
    "width": 260.64608258432304,
    "height": 216.27553261757714
  },
  "a3": {
    "x": 153.5106882280285,
    "y": 691.2304038004751,
    "width": 260.64608258432304,
    "height": 324.27553322565325
  },
  "a4": {
    "x": 153.5106882280285,
    "y": 1017.5486929786224,
    "width": 260.64608258432304,
    "height": 76.47505877434673
  },
  "b1": {
    "x": 416.1995243325416,
    "y": 310.3372927695962,
    "width": 158.48931298812352,
    "height": 530.0427535201901
  },
  "b2": {
    "x": 416.1995243325416,
    "y": 842.4228022422803,
    "width": 158.48931298812352,
    "height": 90.47981058432298
  },
  "b3": {
    "x": 416.1995243325416,
    "y": 934.9548693586698,
    "width": 158.48931298812352,
    "height": 80.55106766745844
  },
  "b4": {
    "x": 416.1995243325416,
    "y": 1017.5486929786224,
    "width": 158.48931298812352,
    "height": 76.47505877434673
  },
  "d1": {
    "x": 706.6223277909739,
    "y": 310.3372927695962,
    "width": 176,
    "height": 160.53206650831353
  },
  "d2": {
    "x": 706.6223277909739,
    "y": 472.9121152304038,
    "width": 176,
    "height": 367.46793105938247
  },
  "d3": {
    "x": 706.6223277909739,
    "y": 842.4228022422803,
    "width": 176,
    "height": 251.6009495106888
  },
  "e1": {
    "x": 956.1710207695962,
    "y": 310.3372927695962,
    "width": 129.30166453206658,
    "height": 378.8503550783847
  },
  "e2": {
    "x": 956.1710207695962,
    "y": 691.2304038004751,
    "width": 129.30166453206658,
    "height": 149.14964248931116
  },
  "e3": {
    "x": 956.1710207695962,
    "y": 842.4228022422803,
    "width": 129.30166453206658,
    "height": 173.08313478384792
  },
  "e4": {
    "x": 956.1710207695962,
    "y": 1017.5486929786224,
    "width": 129.30166453206658,
    "height": 76.47505877434673
  },
  "f1": {
    "x": 1087.5154388218527,
    "y": 310.3372927695962,
    "width": 224.161522014252,
    "height": 160.53206650831353
  },
  "f2": {
    "x": 1087.5154388218527,
    "y": 472.9121152304038,
    "width": 224.161522014252,
    "height": 216.27553261757714
  },
  "h1": {
    "x": 1525.330165662708,
    "y": 310.3372927695962,
    "width": 174.54631889786216,
    "height": 160.53206650831353
  },
  "h2": {
    "x": 1525.330165662708,
    "y": 472.9121152304038,
    "width": 174.54631889786216,
    "height": 621.1116365225654
  }
}