{
  "a1": {
    "x": 208.2375290831354,
    "y": 321.1591436769596,
    "width": 153.09263840380046,
    "height": 732.6080766175771
  },
  "b1": {
    "x": 362.6413301662708,
    "y": 321.1591436769596,
    "width": 329.8242268123516,
    "height": 68.44655825178147
  },
  "b2": {
    "x": 362.6413301662708,
    "y": 390.916864608076,
    "width": 329.8242268123516,
    "height": 63.48693465083136
  },
  "b3": {
    "x": 362.6413301662708,
    "y": 455.71496437054634,
    "width": 329.8242268123516,
    "height": 63.47743407125891
  },
  "c1": {
    "x": 755.0688842185273,
    "y": 321.1591436769596,
    "width": 136.1615183657958,
    "height": 52.24703148693587
  },
  "c2": {
    "x": 755.0688842185273,
    "y": 374.71734027553447,
    "width": 136.1615183657958,
    "height": 47.28741031828979
  },
  "c3": {
    "x": 755.0688842185273,
    "y": 423.31591327315914,
    "width": 136.1615183657958,
    "height": 47.28741275059382
  },
  "c4": {
    "x": 755.0688842185273,
    "y": 471.9144887030879,
    "width": 136.1615183657958,
    "height": 47.27790973871734
  },
  "d1": {
    "x": 892.541567695962,
    "y": 321.1591436769596,
    "width": 195.4204275534442,
    "height": 732.6080766175771
  },
  "e1": {
    "x": 1150.5653200570073,
    "y": 321.1591436769596,
    "width": 127.6959619952494,
    "height": 100.84560691686461
  },
  "e2": {
    "x": 1150.5653200570073,
    "y": 423.31591327315914,
    "width": 127.6959619952494,
    "height": 63.486937083135395
  },
  "e3": {
    "x": 1150.5653200570073,
    "y": 488.1140154679335,
    "width": 127.6959619952494,
    "height": 63.47743407125891
  },
  "e4": {
    "x": 1150.5653200570073,
    "y": 552.9121127980998,
    "width": 127.6959619952494,
    "height": 63.47743650356294
  },
  "f1": {
    "x": 1279.5724471638957,
    "y": 321.1591436769596,
    "width": 153.09263597149624,
    "height": 165.6437066793349
  },
  "f2": {
    "x": 1279.5724471638957,
    "y": 488.1140154679335,
    "width": 153.09263597149624,
    "height": 128.2755338337292
  },
  "h1": {
    "x": 1556.560570071259,
    "y": 321.1591436769596,
    "width": 127.6959619952494,
    "height": 100.84560691686461
  },
  "h2": {
    "x": 1556.560570071259,
    "y": 423.31591327315914,
    "width": 127.6959619952494,
    "height": 95.87648516864608
  },
  "h3": {
    "x": 1556.560570071259,
    "y": 520.5130641330167,
    "width": 127.6959619952494,
    "height": 95.87648516864608
  },
  "h4": {
    "x": 1556.560570071259,
    "y": 617.7007119809977,
    "width": 158.3467945653208,
    "height": 95.88598574821846
  }
}