{
  "a1": {
    "x": 208.2375290831354,
    "y": 320.3895480855107,
    "width": 153.09263840380046,
    "height": 52.24703148693587
  },
  "a2": {
    "x": 208.2375290831354,
    "y": 373.94774468408554,
    "width": 153.09263840380046,
    "height": 47.28741031828979
  },
  "a3": {
    "x": 208.2375290831354,
    "y": 422.5463176817102,
    "width": 153.09263840380046,
    "height": 630.4513070213776
  },
  "b1": {
    "x": 362.6413301662708,
    "y": 320.3895480855107,
    "width": 329.8242268123516,
    "height": 68.44655581947744
  },
  "b2": {
    "x": 362.6413301662708,
    "y": 390.1472690166271,
    "width": 329.8242268123516,
    "height": 63.48693465083136
  },
  "b3": {
    "x": 362.6413301662708,
    "y": 454.9453687790974,
    "width": 329.8242268123516,
    "height": 63.48693465083136
  },
  "c1": {
    "x": 755.0688842185273,
    "y": 320.3895480855107,
    "width": 136.1615183657958,
    "height": 52.24703148693587
  },
  "c2": {
    "x": 755.0688842185273,
    "y": 373.94774468408554,
    "width": 136.1615183657958,
    "height": 47.28741031828979
  },
  "c3": {
    "x": 755.0688842185273,
    "y": 422.5463176817102,
    "width": 136.1615183657958,
    "height": 47.28741031828979
  },
  "c4": {
    "x": 755.0688842185273,
    "y": 471.14489311163896,
    "width": 136.1615183657958,
    "height": 47.28741031828979
  },
  "d1": {
    "x": 892.541567695962,
    "y": 320.3895480855107,
    "width": 195.4204275534442,
    "height": 732.6080766175771
  },
  "e1": {
    "x": 1150.5653200570073,
    "y": 320.3895480855107,
    "width": 127.6959619952494,
    "height": 100.84560691686461
  },
  "e2": {
    "x": 1150.5653200570073,
    "y": 422.5463176817102,
    "width": 127.6959619952494,
    "height": 63.486937083135395
  },
  "e3": {
    "x": 1150.5653200570073,
    "y": 487.3444174441805,
    "width": 127.6959619952494,
    "height": 63.47743650356294
  },
  "e4": {
    "x": 1150.5653200570073,
    "y": 552.1425172066508,
    "width": 127.6959619952494,
    "height": 63.47743407125891
  },
  "f1": {
    "x": 1279.5724471638957,
    "y": 320.3895480855107,
    "width": 153.09263597149624,
    "height": 165.6437066793349
  },
  "f2": {
    "x": 1279.5724471638957,
    "y": 487.3444174441805,
    "width": 153.09263597149624,
    "height": 128.2755338337292
  },
  "h1": {
    "x": 1556.560570071259,
    "y": 320.3895480855107,
    "width": 127.6959619952494,
    "height": 100.84560691686461
  },
  "h2": {
    "x": 1556.560570071259,
    "y": 422.5463176817102,
    "width": 127.6959619952494,
    "height": 95.88598574821853
  },
  "h3": {
    "x": 1556.560570071259,
    "y": 519.7434685415677,
    "width": 127.6959619952494,
    "height": 95.87648273634206
  },
  "h4": {
    "x": 1556.560570071259,
    "y": 616.9406169691212,
    "width": 158.3467945653208,
    "height": 95.87648516864608
  }
}