{
  "a1": {
    "x": 142.26128205225655,
    "y": 353.59619952494063,
    "width": 189.5866995534442,
    "height": 53.56769717814727
  },
  "a2": {
    "x": 142.26128205225655,
    "y": 408.55106888361047,
    "width": 189.5866995534442,
    "height": 53.577197757719716
  },
  "a3": {
    "x": 142.26128205225655,
    "y": 463.51543882185274,
    "width": 189.5866995534442,
    "height": 53.56769717814727
  },
  "a4": {
    "x": 142.26128205225655,
    "y": 518.4703081805226,
    "width": 189.5866995534442,
    "height": 53.577197757719716
  },
  "a5": {
    "x": 142.26128205225655,
    "y": 573.4346781187649,
    "width": 189.5866995534442,
    "height": 73.55819599049882
  },
  "a6": {
    "x": 142.26128205225655,
    "y": 648.3800462897863,
    "width": 189.5866995534442,
    "height": 36.085511904988124
  },
  "a7": {
    "x": 142.26128205225655,
    "y": 685.8527303752969,
    "width": 189.5866995534442,
    "height": 36.085511904988124
  },
  "a8": {
    "x": 142.26128205225655,
    "y": 723.3254144608077,
    "width": 189.5866995534442,
    "height": 36.085511904988124
  },
  "a9": {
    "x": 142.26128205225655,
    "y": 760.7980985463183,
    "width": 189.5866995534442,
    "height": 36.07601132541574
  },
  "b1": {
    "x": 333.2351537862233,
    "y": 353.59619952494063,
    "width": 154.05225774821852,
    "height": 218.45130641330167
  },
  "b2": {
    "x": 333.2351537862233,
    "y": 573.4346781187649,
    "width": 154.05225774821852,
    "height": 541.8147280570072
  },
  "c1": {
    "x": 560.8361045130641,
    "y": 353.59619952494063,
    "width": 226.22327912589074,
    "height": 53.56769717814727
  },
  "c2": {
    "x": 560.8361045130641,
    "y": 408.55106888361047,
    "width": 226.22327912589074,
    "height": 53.577197757719716
  },
  "c3": {
    "x": 560.8361045130641,
    "y": 463.51543882185274,
    "width": 226.22327912589074,
    "height": 108.53206711638956
  },
  "c4": {
    "x": 560.8361045130641,
    "y": 573.4346781187649,
    "width": 226.22327912589074,
    "height": 73.55819599049882
  },
  "c5": {
    "x": 560.8361045130641,
    "y": 648.3800462897863,
    "width": 226.22327912589074,
    "height": 36.085511904988124
  },
  "c6": {
    "x": 560.8361045130641,
    "y": 685.8527303752969,
    "width": 226.22327912589074,
    "height": 36.085511904988124
  },
  "c7": {
    "x": 560.8361045130641,
    "y": 723.3254144608077,
    "width": 226.22327912589074,
    "height": 36.085511904988124
  },
  "c8": {
    "x": 560.8361045130641,
    "y": 760.7980985463183,
    "width": 226.22327912589074,
    "height": 36.07601132541574
  },
  "c9": {
    "x": 560.8361045130641,
    "y": 798.270782631829,
    "width": 226.22327912589074,
    "height": 36.07601132541574
  },
  "c10": {
    "x": 560.8361045130641,
    "y": 835.7339661377673,
    "width": 226.22327912589074,
    "height": 36.085511904988124
  },
  "c11": {
    "x": 560.8361045130641,
    "y": 873.2066502232781,
    "width": 226.22327912589074,
    "height": 36.085511904988124
  },
  "c12": {
    "x": 560.8361045130641,
    "y": 910.6793343087887,
    "width": 226.22327912589074,
    "height": 36.085511904988124
  },
  "d1": {
    "x": 788.4465558194775,
    "y": 353.59619952494063,
    "width": 156.27553444180523,
    "height": 108.53206711638956
  },
  "d2": {
    "x": 788.4465558194775,
    "y": 463.51543882185274,
    "width": 156.27553444180523,
    "height": 53.56769717814727
  },
  "e1": {
    "x": 1020.4940623657957,
    "y": 353.59619952494063,
    "width": 168.4940605415677,
    "height": 108.53206711638956
  },
  "e2": {
    "x": 1020.4940623657957,
    "y": 463.51543882185274,
    "width": 168.4940605415677,
    "height": 53.56769717814727
  },
  "e3": {
    "x": 1020.4940623657957,
    "y": 518.4703081805226,
    "width": 168.4940605415677,
    "height": 91.04988184323041
  },
  "e4": {
    "x": 1020.4940623657957,
    "y": 610.9073622042756,
    "width": 168.4940605415677,
    "height": 73.55819599049882
  },
  "e5": {
    "x": 1020.4940623657957,
    "y": 685.8527303752969,
    "width": 168.4940605415677,
    "height": 73.55819599049882
  },
  "f1": {
    "x": 1190.37529752019,
    "y": 353.59619952494063,
    "width": 197.34916682185266,
    "height": 108.53206711638956
  },
  "f2": {
    "x": 1190.37529752019,
    "y": 463.51543882185274,
    "width": 197.34916682185266,
    "height": 370.831355135392
  },
  "h1": {
    "x": 1537.890736950119,
    "y": 353.59619952494063,
    "width": 145.16864668883605,
    "height": 761.6532066508314
  }
}