{
  "a1": {
    "x": 144.74109142042755,
    "y": 353.89073695011876,
    "width": 189.31116571971498,
    "height": 53.491685244655585
  },
  "a2": {
    "x": 144.74109142042755,
    "y": 408.769596807601,
    "width": 189.31116571971498,
    "height": 53.491685244655585
  },
  "a3": {
    "x": 144.74109142042755,
    "y": 463.64845666508313,
    "width": 189.31116571971498,
    "height": 53.491685244655585
  },
  "a4": {
    "x": 144.74109142042755,
    "y": 518.5273165225653,
    "width": 189.31116571971498,
    "height": 53.491685244655585
  },
  "a5": {
    "x": 144.74109142042755,
    "y": 573.4061763800476,
    "width": 189.31116571971498,
    "height": 73.45367988598575
  },
  "a6": {
    "x": 144.74109142042755,
    "y": 648.2470308788598,
    "width": 189.31116571971498,
    "height": 36.02850356294537
  },
  "a7": {
    "x": 144.74109142042755,
    "y": 685.6627090546318,
    "width": 189.31116571971498,
    "height": 36.038004142517885
  },
  "a8": {
    "x": 144.74109142042755,
    "y": 723.0783847980998,
    "width": 189.31116571971498,
    "height": 36.03800414251775
  },
  "a9": {
    "x": 144.74109142042755,
    "y": 760.5035635534441,
    "width": 189.31116571971498,
    "height": 36.02850356294551
  },
  "b1": {
    "x": 335.4394293206651,
    "y": 353.89073695011876,
    "width": 153.82422924465558,
    "height": 218.12826481710215
  },
  "b2": {
    "x": 335.4394293206651,
    "y": 573.4061763800476,
    "width": 153.82422924465558,
    "height": 541.0356294536818
  },
  "c1": {
    "x": 562.7173384513064,
    "y": 353.89073695011876,
    "width": 225.8907369501187,
    "height": 53.491685244655585
  },
  "c2": {
    "x": 562.7173384513064,
    "y": 408.769596807601,
    "width": 225.8907369501187,
    "height": 53.491685244655585
  },
  "c3": {
    "x": 562.7173384513064,
    "y": 463.64845666508313,
    "width": 225.8907369501187,
    "height": 108.37054510213777
  },
  "c4": {
    "x": 562.7173384513064,
    "y": 573.4061763800476,
    "width": 225.8907369501187,
    "height": 73.45367988598575
  },
  "c5": {
    "x": 562.7173384513064,
    "y": 648.2470308788598,
    "width": 225.8907369501187,
    "height": 36.02850356294537
  },
  "c6": {
    "x": 562.7173384513064,
    "y": 685.6627090546318,
    "width": 225.8907369501187,
    "height": 36.038004142517885
  },
  "c7": {
    "x": 562.7173384513064,
    "y": 723.0783847980998,
    "width": 225.8907369501187,
    "height": 36.03800414251775
  },
  "c8": {
    "x": 562.7173384513064,
    "y": 760.5035635534441,
    "width": 225.8907369501187,
    "height": 36.02850356294551
  },
  "c9": {
    "x": 562.7173384513064,
    "y": 797.9192392969122,
    "width": 225.8907369501187,
    "height": 36.02850356294523
  },
  "c10": {
    "x": 562.7173384513064,
    "y": 835.3349174726841,
    "width": 225.8907369501187,
    "height": 36.02850356294551
  },
  "c11": {
    "x": 562.7173384513064,
    "y": 872.7505932161521,
    "width": 225.8907369501187,
    "height": 36.03800414251775
  },
  "c12": {
    "x": 562.7173384513064,
    "y": 910.1757719714965,
    "width": 225.8907369501187,
    "height": 36.02850356294537
  },
  "d1": {
    "x": 789.9952500142517,
    "y": 353.89073695011876,
    "width": 156.04750593824244,
    "height": 108.37054510213777
  },
  "d2": {
    "x": 789.9952500142517,
    "y": 463.64845666508313,
    "width": 156.04750593824244,
    "height": 53.491685244655585
  },
  "e1": {
    "x": 1021.7102143847981,
    "y": 353.89073695011876,
    "width": 168.23752786698344,
    "height": 108.37054510213777
  },
  "e2": {
    "x": 1021.7102143847981,
    "y": 463.64845666508313,
    "width": 168.23752786698344,
    "height": 53.491685244655585
  },
  "e3": {
    "x": 1021.7102143847981,
    "y": 518.5273165225653,
    "width": 168.23752786698344,
    "height": 90.916864
  },
  "e4": {
    "x": 1021.7102143847981,
    "y": 610.8313527030879,
    "width": 168.23752786698344,
    "height": 73.44418173871733
  },
  "e5": {
    "x": 1021.7102143847981,
    "y": 685.6627090546318,
    "width": 168.23752786698344,
    "height": 73.4536798859857
  },
  "f1": {
    "x": 1191.3349168646082,
    "y": 353.89073695011876,
    "width": 197.0736329881234,
    "height": 108.37054510213777
  },
  "f2": {
    "x": 1191.3349168646082,
    "y": 463.64845666508313,
    "width": 197.0736329881234,
    "height": 370.2992861947743
  },
  "h1": {
    "x": 1538.3562945368171,
    "y": 353.89073695011876,
    "width": 144.95961934441812,
    "height": 760.5510688836105
  }
}