{
  "a1": {
    "x": 129.00712467458433,
    "y": 346.707839087886,
    "width": 158.10926548218526,
    "height": 58.74584140617578
  },
  "a2": {
    "x": 129.00712467458433,
    "y": 406.82185151543945,
    "width": 158.10926548218526,
    "height": 58.745843838479814
  },
  "a3": {
    "x": 129.00712467458433,
    "y": 466.94536695486937,
    "width": 158.10926548218526,
    "height": 58.745843838479814
  },
  "b1": {
    "x": 288.49406175771975,
    "y": 346.707839087886,
    "width": 242.39429928741094,
    "height": 178.98337170546318
  },
  "b2": {
    "x": 288.49406175771975,
    "y": 527.0593818147269,
    "width": 242.39429928741094,
    "height": 267.64845727315924
  },
  "c1": {
    "x": 611.040380047506,
    "y": 346.707839087886,
    "width": 166.63182776247032,
    "height": 118.85985626603326
  },
  "d1": {
    "x": 779.0403788313539,
    "y": 346.707839087886,
    "width": 195.4489317244655,
    "height": 387.8859851401425
  },
  "d2": {
    "x": 779.0403788313539,
    "y": 735.9619952494062,
    "width": 195.4489317244655,
    "height": 239.09738656532062
  },
  "d3": {
    "x": 779.0403788313539,
    "y": 976.4370534156768,
    "width": 195.4489317244655,
    "height": 240.19002375296927
  },
  "e1": {
    "x": 1063.1638942707837,
    "y": 346.707839087886,
    "width": 158.1092654821855,
    "height": 239.09738656532068
  },
  "e2": {
    "x": 1063.1638942707837,
    "y": 587.1733966745843,
    "width": 158.1092654821855,
    "height": 87.29691211401426
  },
  "e3": {
    "x": 1063.1638942707837,
    "y": 675.8479803895486,
    "width": 158.1092654821855,
    "height": 58.74584383847988
  },
  "e4": {
    "x": 1063.1638942707837,
    "y": 735.9619952494062,
    "width": 158.1092654821855,
    "height": 58.74584383847988
  },
  "e5": {
    "x": 1063.1638942707837,
    "y": 796.0760101092637,
    "width": 158.1092654821855,
    "height": 478.2042761425179
  },
  "f1": {
    "x": 1222.6508313539193,
    "y": 346.707839087886,
    "width": 148.78859857482186,
    "height": 239.09738656532068
  },
  "f2": {
    "x": 1222.6508313539193,
    "y": 587.1733966745843,
    "width": 148.78859857482186,
    "height": 87.29691211401426
  },
  "f3": {
    "x": 1222.6508313539193,
    "y": 675.8479803895486,
    "width": 148.78859857482186,
    "height": 58.74584383847988
  },
  "f4": {
    "x": 1222.6508313539193,
    "y": 735.9619952494062,
    "width": 148.78859857482186,
    "height": 58.74584383847988
  },
  "f5": {
    "x": 1222.6508313539193,
    "y": 796.0760101092637,
    "width": 148.78859857482186,
    "height": 478.2042761425179
  },
  "h1": {
    "x": 1518.850356902613,
    "y": 346.707839087886,
    "width": 205.88123454631838,
    "height": 58.74584140617578
  },
  "h2": {
    "x": 1518.850356902613,
    "y": 406.82185151543945,
    "width": 205.88123454631838,
    "height": 118.86935927790974
  },
  "h3": {
    "x": 1518.850356902613,
    "y": 527.0593818147269,
    "width": 205.88123454631838,
    "height": 58.745843838479814
  },
  "h4": {
    "x": 1518.850356902613,
    "y": 587.1733966745843,
    "width": 205.88123454631838,
    "height": 147.4204275534442
  }
}