{
  "a1": {
    "x": 205.7957244655582,
    "y": 290.29928619477437,
    "width": 178.61282721140142,
    "height": 37.92874109263658
  },
  "a2": {
    "x": 205.7957244655582,
    "y": 329.3586692256532,
    "width": 178.61282721140142,
    "height": 31.42042816152019
  },
  "a3": {
    "x": 205.7957244655582,
    "y": 361.90973932541567,
    "width": 178.61282721140142,
    "height": 24.912112798099766
  },
  "a4": {
    "x": 205.7957244655582,
    "y": 387.95249406175776,
    "width": 178.61282721140142,
    "height": 24.9121152304038
  },
  "a5": {
    "x": 205.7957244655582,
    "y": 413.9952487980998,
    "width": 178.61282721140142,
    "height": 24.9121152304038
  },
  "a6": {
    "x": 205.7957244655582,
    "y": 440.0380035344418,
    "width": 178.61282721140142,
    "height": 24.9121152304038
  },
  "a7": {
    "x": 205.7957244655582,
    "y": 466.0807607030879,
    "width": 178.61282721140142,
    "height": 24.912112798099766
  },
  "b1": {
    "x": 493.6722096342043,
    "y": 290.29928619477437,
    "width": 334.30878738242274,
    "height": 877.7862238859857
  },
  "c1": {
    "x": 924.2185260997625,
    "y": 290.29928619477437,
    "width": 142.95487057482185,
    "height": 37.92874109263658
  },
  "d1": {
    "x": 1202.4798093681711,
    "y": 290.29928619477437,
    "width": 182.0142536057008,
    "height": 877.7862238859857
  },
  "e1": {
    "x": 1385.6247024798101,
    "y": 290.29928619477437,
    "width": 110.95487057482171,
    "height": 96.5225659287411
  },
  "e2": {
    "x": 1385.6247024798101,
    "y": 387.95249406175776,
    "width": 110.95487057482171,
    "height": 24.9121152304038
  },
  "e3": {
    "x": 1385.6247024798101,
    "y": 413.9952487980998,
    "width": 110.95487057482171,
    "height": 50.95486996674585
  },
  "e4": {
    "x": 1385.6247024798101,
    "y": 466.0807607030879,
    "width": 110.95487057482171,
    "height": 24.912112798099766
  },
  "f1": {
    "x": 1497.71021256057,
    "y": 290.29928619477437,
    "width": 105.3016633159147,
    "height": 96.5225659287411
  },
  "g1": {
    "x": 1604.1520183942994,
    "y": 290.29928619477437,
    "width": 110.95487057482171,
    "height": 37.92874109263658
  },
  "g2": {
    "x": 1604.1520183942994,
    "y": 329.3586692256532,
    "width": 110.95487057482171,
    "height": 31.42042816152019
  },
  "h1": {
    "x": 1716.2470314869358,
    "y": 290.29928619477437,
    "width": 117.47268408551069,
    "height": 174.65083257007126
  },
  "h2": {
    "x": 1716.2470314869358,
    "y": 466.0807607030879,
    "width": 117.47268408551069,
    "height": 155.12589134441805
  }
}