{
  "a1": {
    "x": 300.7695961995249,
    "y": 287.36341981947743,
    "width": 230.7268408551069,
    "height": 39.58194895961995
  },
  "a2": {
    "x": 300.7695961995249,
    "y": 328.1330166270784,
    "width": 230.7268408551069,
    "height": 39.58194895961995
  },
  "a3": {
    "x": 300.7695961995249,
    "y": 368.9026134346793,
    "width": 230.7268408551069,
    "height": 80.35154333491687
  },
  "a4": {
    "x": 300.7695961995249,
    "y": 450.4418046175772,
    "width": 230.7268408551069,
    "height": 121.12114014251782
  },
  "a5": {
    "x": 300.7695961995249,
    "y": 572.7505926080761,
    "width": 230.7268408551069,
    "height": 39.58194895961995
  },
  "a6": {
    "x": 300.7695961995249,
    "y": 613.520189415677,
    "width": 230.7268408551069,
    "height": 39.58194895962002
  },
  "a7": {
    "x": 300.7695961995249,
    "y": 654.2897862232779,
    "width": 230.7268408551069,
    "height": 39.58194895961995
  },
  "a8": {
    "x": 300.7695961995249,
    "y": 695.0593830308788,
    "width": 230.7268408551069,
    "height": 39.58194652731592
  },
  "a9": {
    "x": 300.7695961995249,
    "y": 735.8289798384799,
    "width": 230.7268408551069,
    "height": 39.58194652731592
  },
  "a10": {
    "x": 300.7695961995249,
    "y": 776.5985742137767,
    "width": 230.7268408551069,
    "height": 39.58194895962009
  },
  "a11": {
    "x": 300.7695961995249,
    "y": 817.3681710213777,
    "width": 230.7268408551069,
    "height": 39.58194652731592
  },
  "a12": {
    "x": 300.7695961995249,
    "y": 858.1377678289788,
    "width": 230.7268408551069,
    "height": 39.58194652731578
  },
  "a13": {
    "x": 300.7695961995249,
    "y": 898.9073622042754,
    "width": 230.7268408551069,
    "height": 39.58194895962009
  },
  "a14": {
    "x": 300.7695961995249,
    "y": 939.6674584323041,
    "width": 230.7268408551069,
    "height": 80.3515433349168
  },
  "a15": {
    "x": 300.7695961995249,
    "y": 1021.2066496152019,
    "width": 230.7268408551069,
    "height": 39.59144953919247
  },
  "a16": {
    "x": 300.7695961995249,
    "y": 1061.976246422803,
    "width": 230.7268408551069,
    "height": 39.58194895962009
  },
  "a17": {
    "x": 300.7695961995249,
    "y": 1102.7458432304038,
    "width": 230.7268408551069,
    "height": 39.58194895961995
  },
  "a18": {
    "x": 300.7695961995249,
    "y": 1143.5154400380047,
    "width": 230.7268408551069,
    "height": 39.58194652731592
  },
  "c1": {
    "x": 717.9002381377674,
    "y": 287.36341981947743,
    "width": 206.99287289311152,
    "height": 80.3515457672209
  },
  "c2": {
    "x": 717.9002381377674,
    "y": 368.9026134346793,
    "width": 206.99287289311152,
    "height": 80.35154333491687
  },
  "c3": {
    "x": 717.9002381377674,
    "y": 450.4418046175772,
    "width": 206.99287289311152,
    "height": 39.58194895961995
  },
  "d1": {
    "x": 926.0712582992874,
    "y": 287.36341981947743,
    "width": 119.92399171496452,
    "height": 161.89073695011876
  },
  "e1": {
    "x": 1104.9596193444181,
    "y": 287.36341981947743,
    "width": 206.9928753254157,
    "height": 80.3515457672209
  },
  "e2": {
    "x": 1104.9596193444181,
    "y": 368.9026134346793,
    "width": 206.9928753254157,
    "height": 39.58194652731592
  },
  "e3": {
    "x": 1104.9596193444181,
    "y": 409.6722102422803,
    "width": 206.9928753254157,
    "height": 39.58194652731592
  },
  "e4": {
    "x": 1104.9596193444181,
    "y": 450.4418046175772,
    "width": 206.9928753254157,
    "height": 39.58194895961995
  },
  "e5": {
    "x": 1104.9596193444181,
    "y": 491.21140142517817,
    "width": 206.9928753254157,
    "height": 39.58194652731592
  },
  "f1": {
    "x": 1313.1306419382422,
    "y": 287.36341981947743,
    "width": 119.92398928266049,
    "height": 80.3515457672209
  },
  "h1": {
    "x": 1549.8052250451308,
    "y": 287.36341981947743,
    "width": 206.9833747458433,
    "height": 80.3515457672209
  },
  "h2": {
    "x": 1549.8052250451308,
    "y": 368.9026134346793,
    "width": 206.9833747458433,
    "height": 121.12114014251782
  },
  "h3": {
    "x": 1549.8052250451308,
    "y": 491.21140142517817,
    "width": 206.9833747458433,
    "height": 80.35154333491687
  },
  "h4": {
    "x": 1549.8052250451308,
    "y": 572.7505926080761,
    "width": 206.9833747458433,
    "height": 80.35154576722097
  }
}