{
  "a1": {
    "x": 143.7624709168646,
    "y": 378.47981058432305,
    "width": 137.07363481235154,
    "height": 680.2660320380046
  },
  "b1": {
    "x": 282.5368164940618,
    "y": 378.47981058432305,
    "width": 152.07601071733967,
    "height": 162.56531944893112
  },
  "b2": {
    "x": 282.5368164940618,
    "y": 542.7458432304038,
    "width": 152.07601071733967,
    "height": 38.23277909738717
  },
  "b3": {
    "x": 282.5368164940618,
    "y": 582.6793355249406,
    "width": 152.07601071733967,
    "height": 476.0665070973871
  },
  "c1": {
    "x": 537.7007119809977,
    "y": 378.47981058432305,
    "width": 165.39667458432297,
    "height": 39.3729216152019
  },
  "c2": {
    "x": 537.7007119809977,
    "y": 419.54394238479813,
    "width": 165.39667458432297,
    "height": 39.3729216152019
  },
  "c3": {
    "x": 537.7007119809977,
    "y": 460.60807661757724,
    "width": 165.39667458432297,
    "height": 39.3729216152019
  },
  "c4": {
    "x": 537.7007119809977,
    "y": 501.68170899762475,
    "width": 165.39667458432297,
    "height": 557.064133624703
  },
  "d1": {
    "x": 704.7980997624703,
    "y": 378.47981058432305,
    "width": 174.16627139192406,
    "height": 121.50118764845607
  },
  "d2": {
    "x": 704.7980997624703,
    "y": 501.68170899762475,
    "width": 174.16627139192406,
    "height": 79.29691333016628
  },
  "d3": {
    "x": 704.7980997624703,
    "y": 582.6793355249406,
    "width": 174.16627139192406,
    "height": 476.0665070973871
  },
  "e1": {
    "x": 982.0522559239906,
    "y": 378.47981058432305,
    "width": 143.30641390973867,
    "height": 162.56531944893112
  },
  "e2": {
    "x": 982.0522559239906,
    "y": 542.7458432304038,
    "width": 143.30641390973867,
    "height": 38.23277909738717
  },
  "e3": {
    "x": 982.0522559239906,
    "y": 582.6793355249406,
    "width": 143.30641390973867,
    "height": 47.857481577197156
  },
  "e4": {
    "x": 982.0522559239906,
    "y": 632.2375302992875,
    "width": 143.30641390973867,
    "height": 28.883610451306414
  },
  "e5": {
    "x": 982.0522559239906,
    "y": 662.8218515154394,
    "width": 143.30641390973867,
    "height": 395.9239911068883
  },
  "f1": {
    "x": 1127.059383030879,
    "y": 378.47981058432305,
    "width": 153.21615080285036,
    "height": 162.56531944893112
  },
  "f2": {
    "x": 1127.059383030879,
    "y": 542.7458432304038,
    "width": 153.21615080285036,
    "height": 38.23277909738717
  },
  "f3": {
    "x": 1127.059383030879,
    "y": 582.6793355249406,
    "width": 153.21615080285036,
    "height": 47.857481577197156
  },
  "f4": {
    "x": 1127.059383030879,
    "y": 632.2375302992875,
    "width": 153.21615080285036,
    "height": 28.883610451306414
  },
  "f5": {
    "x": 1127.059383030879,
    "y": 662.8218515154394,
    "width": 153.21615080285036,
    "height": 395.9239911068883
  },
  "h1": {
    "x": 1484.75059504038,
    "y": 378.47981058432305,
    "width": 178.13776661282668,
    "height": 252.05700651781473
  },
  "h2": {
    "x": 1484.75059504038,
    "y": 632.2375302992875,
    "width": 178.13776661282668,
    "height": 181.81472684085512
  },
  "h3": {
    "x": 1484.75059504038,
    "y": 815.7529679049882,
    "width": 178.13776661282668,
    "height": 151.23990620427554
  },
  "h4": {
    "x": 1484.75059504038,
    "y": 968.6840842945369,
    "width": 178.13776661282668,
    "height": 90.06175832779091
  }
}