{
  "a1": {
    "x": 143.9429940902613,
    "y": 391.5059394584323,
    "width": 137.06413180047508,
    "height": 706.2517808646081
  },
  "b1": {
    "x": 282.6983360760095,
    "y": 391.5059394584323,
    "width": 152.0665101377672,
    "height": 177.2731579287411
  },
  "b2": {
    "x": 282.6983360760095,
    "y": 570.4798105843231,
    "width": 152.0665101377672,
    "height": 30.584323648456056
  },
  "b3": {
    "x": 282.6983360760095,
    "y": 602.7648449976248,
    "width": 152.0665101377672,
    "height": 494.99287532541575
  },
  "c1": {
    "x": 537.8432304038005,
    "y": 391.5059394584323,
    "width": 165.37767342517816,
    "height": 43.04987941092637
  },
  "c2": {
    "x": 537.8432304038005,
    "y": 436.2470314869359,
    "width": 165.37767342517816,
    "height": 43.0498818432304
  },
  "c3": {
    "x": 537.8432304038005,
    "y": 480.9976240950119,
    "width": 165.37767342517816,
    "height": 43.040381263657956
  },
  "c4": {
    "x": 537.8432304038005,
    "y": 525.7387185558194,
    "width": 165.37767342517816,
    "height": 572.019001767221
  },
  "d1": {
    "x": 704.9216145938242,
    "y": 391.5059394584323,
    "width": 174.15677081235168,
    "height": 132.53206590023754
  },
  "d2": {
    "x": 704.9216145938242,
    "y": 525.7387185558194,
    "width": 174.15677081235168,
    "height": 75.32541567695962
  },
  "d3": {
    "x": 704.9216145938242,
    "y": 602.7648449976248,
    "width": 174.15677081235168,
    "height": 494.99287532541575
  },
  "e1": {
    "x": 982.1567695961995,
    "y": 391.5059394584323,
    "width": 143.28741031828972,
    "height": 177.2731579287411
  },
  "e2": {
    "x": 982.1567695961995,
    "y": 570.4798105843231,
    "width": 143.28741031828972,
    "height": 30.584323648456056
  },
  "e3": {
    "x": 982.1567695961995,
    "y": 602.7648449976248,
    "width": 143.28741031828972,
    "height": 43.04038126365803
  },
  "e4": {
    "x": 982.1567695961995,
    "y": 647.5059394584325,
    "width": 143.28741031828972,
    "height": 30.584321216151817
  },
  "e5": {
    "x": 982.1567695961995,
    "y": 679.7814732921615,
    "width": 143.28741031828972,
    "height": 417.976247030879
  },
  "f1": {
    "x": 1127.144893111639,
    "y": 391.5059394584323,
    "width": 153.19714964370547,
    "height": 177.2731579287411
  },
  "f2": {
    "x": 1127.144893111639,
    "y": 570.4798105843231,
    "width": 153.19714964370547,
    "height": 30.584323648456056
  },
  "f3": {
    "x": 1127.144893111639,
    "y": 602.7648449976248,
    "width": 153.19714964370547,
    "height": 43.04038126365803
  },
  "f4": {
    "x": 1127.144893111639,
    "y": 647.5059394584325,
    "width": 153.19714964370547,
    "height": 30.584321216151817
  },
  "f5": {
    "x": 1127.144893111639,
    "y": 679.7814732921615,
    "width": 153.19714964370547,
    "height": 417.976247030879
  },
  "h1": {
    "x": 1484.7981003705463,
    "y": 391.5059394584323,
    "width": 178.11876545368193,
    "height": 254.29928680285045
  },
  "h2": {
    "x": 1484.7981003705463,
    "y": 647.5059394584325,
    "width": 178.11876545368193,
    "height": 191.9904969881233
  },
  "h3": {
    "x": 1484.7981003705463,
    "y": 841.1971496437055,
    "width": 178.11876545368193,
    "height": 159.7149631543943
  },
  "h4": {
    "x": 1484.7981003705463,
    "y": 1002.6128259952495,
    "width": 178.11876545368193,
    "height": 95.14489432779098
  }
}