{
  "a1": {
    "x": 235.24940617577198,
    "y": 277.4726840855107,
    "width": 200.6270783847981,
    "height": 31.74346732541568
  },
  "a2": {
    "x": 235.24940617577198,
    "y": 310.39429867933495,
    "width": 200.6270783847981,
    "height": 23.51544003800475
  },
  "a3": {
    "x": 235.24940617577198,
    "y": 335.0783854061758,
    "width": 200.6270783847981,
    "height": 23.51544003800475
  },
  "a4": {
    "x": 235.24940617577198,
    "y": 359.7719702802851,
    "width": 200.6270783847981,
    "height": 23.51544003800475
  },
  "a5": {
    "x": 235.24940617577198,
    "y": 384.46555758669837,
    "width": 200.6270783847981,
    "height": 23.5059394584323
  },
  "a6": {
    "x": 235.24940617577198,
    "y": 409.1496443135392,
    "width": 200.6270783847981,
    "height": 23.51543760570072
  },
  "a7": {
    "x": 235.24940617577198,
    "y": 433.8432316199525,
    "width": 200.6270783847981,
    "height": 23.50593702612827
  },
  "a8": {
    "x": 235.24940617577198,
    "y": 458.52731591448935,
    "width": 200.6270783847981,
    "height": 23.51544003800475
  },
  "a9": {
    "x": 235.24940617577198,
    "y": 483.22090322090264,
    "width": 200.6270783847981,
    "height": 23.51544003800475
  },
  "a10": {
    "x": 235.24940617577198,
    "y": 507.9049875154395,
    "width": 200.6270783847981,
    "height": 23.51544003800475
  },
  "a11": {
    "x": 235.24940617577198,
    "y": 532.5985748218527,
    "width": 200.6270783847981,
    "height": 23.51544003800475
  },
  "a12": {
    "x": 235.24940617577198,
    "y": 557.2826615486936,
    "width": 200.6270783847981,
    "height": 23.51543760570072
  },
  "a13": {
    "x": 235.24940617577198,
    "y": 581.9762464228029,
    "width": 200.6270783847981,
    "height": 23.51544003800475
  },
  "a14": {
    "x": 235.24940617577198,
    "y": 606.6698337292162,
    "width": 200.6270783847981,
    "height": 23.5059394584323
  },
  "a15": {
    "x": 235.24940617577198,
    "y": 631.353918023753,
    "width": 200.6270783847981,
    "height": 23.51544003800468
  },
  "a16": {
    "x": 235.24940617577198,
    "y": 656.0475053301662,
    "width": 200.6270783847981,
    "height": 23.51544003800482
  },
  "a17": {
    "x": 235.24940617577198,
    "y": 680.7315920570072,
    "width": 200.6270783847981,
    "height": 43.505936418052194
  },
  "a18": {
    "x": 235.24940617577198,
    "y": 725.415678175772,
    "width": 200.6270783847981,
    "height": 23.50593702612827
  },
  "a19": {
    "x": 235.24940617577198,
    "y": 750.0997624703089,
    "width": 200.6270783847981,
    "height": 23.51544003800482
  },
  "a20": {
    "x": 235.24940617577198,
    "y": 774.7933497767222,
    "width": 200.6270783847981,
    "height": 23.51544003800468
  },
  "a21": {
    "x": 235.24940617577198,
    "y": 799.4774340712589,
    "width": 200.6270783847981,
    "height": 23.51544003800482
  },
  "a22": {
    "x": 235.24940617577198,
    "y": 824.1710213776722,
    "width": 200.6270783847981,
    "height": 23.51544003800482
  },
  "a23": {
    "x": 235.24940617577198,
    "y": 848.8551081045132,
    "width": 200.6270783847981,
    "height": 23.515437605700512
  },
  "a24": {
    "x": 235.24940617577198,
    "y": 873.5486929786223,
    "width": 200.6270783847981,
    "height": 23.51544003800482
  },
  "a25": {
    "x": 235.24940617577198,
    "y": 898.2422802850357,
    "width": 200.6270783847981,
    "height": 23.5059394584323
  },
  "a26": {
    "x": 235.24940617577198,
    "y": 922.9263645795725,
    "width": 200.6270783847981,
    "height": 23.51544003800468
  },
  "a27": {
    "x": 235.24940617577198,
    "y": 947.6199518859858,
    "width": 200.6270783847981,
    "height": 23.51544003800482
  },
  "a28": {
    "x": 235.24940617577198,
    "y": 972.3040386128267,
    "width": 200.6270783847981,
    "height": 23.515437605700647
  },
  "a29": {
    "x": 235.24940617577198,
    "y": 996.9976259192399,
    "width": 200.6270783847981,
    "height": 23.515437605700647
  },
  "a30": {
    "x": 235.24940617577198,
    "y": 1021.6817102137768,
    "width": 200.6270783847981,
    "height": 23.51544003800482
  },
  "a31": {
    "x": 235.24940617577198,
    "y": 1046.37529752019,
    "width": 200.6270783847981,
    "height": 23.51544003800468
  },
  "a32": {
    "x": 235.24940617577198,
    "y": 1071.0593818147267,
    "width": 200.6270783847981,
    "height": 23.51544003800482
  },
  "c1": {
    "x": 591.040380655582,
    "y": 277.4726840855107,
    "width": 206.10926304988124,
    "height": 56.43705463182898
  },
  "c2": {
    "x": 591.040380655582,
    "y": 335.0783854061758,
    "width": 206.10926304988124,
    "height": 23.51544003800475
  },
  "c3": {
    "x": 591.040380655582,
    "y": 359.7719702802851,
    "width": 206.10926304988124,
    "height": 23.51544003800475
  },
  "c4": {
    "x": 591.040380655582,
    "y": 384.46555758669837,
    "width": 206.10926304988124,
    "height": 23.5059394584323
  },
  "c5": {
    "x": 591.040380655582,
    "y": 409.1496443135392,
    "width": 206.10926304988124,
    "height": 23.51543760570072
  },
  "c6": {
    "x": 591.040380655582,
    "y": 433.8432316199525,
    "width": 206.10926304988124,
    "height": 48.19952433254157
  },
  "c7": {
    "x": 591.040380655582,
    "y": 483.22090322090264,
    "width": 206.10926304988124,
    "height": 23.51544003800475
  },
  "c8": {
    "x": 591.040380655582,
    "y": 507.9049875154395,
    "width": 206.10926304988124,
    "height": 23.51544003800475
  },
  "c9": {
    "x": 591.040380655582,
    "y": 532.5985748218527,
    "width": 206.10926304988124,
    "height": 23.51544003800475
  },
  "c10": {
    "x": 591.040380655582,
    "y": 557.2826615486936,
    "width": 206.10926304988124,
    "height": 23.51543760570072
  },
  "c11": {
    "x": 591.040380655582,
    "y": 581.9762464228029,
    "width": 206.10926304988124,
    "height": 23.51544003800475
  },
  "c12": {
    "x": 591.040380655582,
    "y": 606.6698337292162,
    "width": 206.10926304988124,
    "height": 23.5059394584323
  },
  "c13": {
    "x": 591.040380655582,
    "y": 631.353918023753,
    "width": 206.10926304988124,
    "height": 23.51544003800468
  },
  "c14": {
    "x": 591.040380655582,
    "y": 656.0475053301662,
    "width": 206.10926304988124,
    "height": 23.51544003800482
  },
  "c15": {
    "x": 591.040380655582,
    "y": 680.7315920570072,
    "width": 206.10926304988124,
    "height": 43.505936418052194
  },
  "c16": {
    "x": 591.040380655582,
    "y": 725.415678175772,
    "width": 206.10926304988124,
    "height": 23.50593702612827
  },
  "c17": {
    "x": 591.040380655582,
    "y": 750.0997624703089,
    "width": 206.10926304988124,
    "height": 23.51544003800482
  },
  "c18": {
    "x": 591.040380655582,
    "y": 774.7933497767222,
    "width": 206.10926304988124,
    "height": 23.51544003800468
  },
  "c19": {
    "x": 591.040380655582,
    "y": 799.4774340712589,
    "width": 206.10926304988124,
    "height": 23.51544003800482
  },
  "c20": {
    "x": 591.040380655582,
    "y": 824.1710213776722,
    "width": 206.10926304988124,
    "height": 23.51544003800482
  },
  "c21": {
    "x": 591.040380655582,
    "y": 848.8551081045132,
    "width": 206.10926304988124,
    "height": 23.515437605700512
  },
  "c22": {
    "x": 591.040380655582,
    "y": 873.5486929786223,
    "width": 206.10926304988124,
    "height": 23.51544003800482
  },
  "c23": {
    "x": 591.040380655582,
    "y": 898.2422802850357,
    "width": 206.10926304988124,
    "height": 23.5059394584323
  },
  "c24": {
    "x": 591.040380655582,
    "y": 922.9263645795725,
    "width": 206.10926304988124,
    "height": 23.51544003800468
  },
  "d1": {
    "x": 853.9667458432305,
    "y": 277.4726840855107,
    "width": 326.01425117339664,
    "height": 446.7648443895487
  },
  "d2": {
    "x": 853.9667458432305,
    "y": 725.415678175772,
    "width": 326.01425117339664,
    "height": 48.19952433254164
  },
  "e1": {
    "x": 1225.0451306413302,
    "y": 277.4726840855107,