{
  "a1": {
    "x": 134.33729276959622,
    "y": 370.6888367125891,
    "width": 148.69358548218528,
    "height": 45.016625862232786
  },
  "a2": {
    "x": 134.33729276959622,
    "y": 417.1496430973872,
    "width": 148.69358548218528,
    "height": 21.786225102137763
  },
  "a3": {
    "x": 134.33729276959622,
    "y": 440.3895493016627,
    "width": 148.69358548218528,
    "height": 21.776722090261284
  },
  "a4": {
    "x": 134.33729276959622,
    "y": 463.6199524940618,
    "width": 148.69358548218528,
    "height": 21.776722090261284
  },
  "a5": {
    "x": 134.33729276959622,
    "y": 486.85035568646083,
    "width": 148.69358548218528,
    "height": 21.786225102137763
  },
  "a6": {
    "x": 134.33729276959622,
    "y": 510.0902618907364,
    "width": 148.69358548218528,
    "height": 21.776722090261284
  },
  "b1": {
    "x": 284.4845617862233,
    "y": 370.6888367125891,
    "width": 172.79809793824228,
    "height": 114.70783787173397
  },
  "b2": {
    "x": 284.4845617862233,
    "y": 486.85035568646083,
    "width": 172.79809793824228,
    "height": 68.24703148693587
  },
  "b3": {
    "x": 284.4845617862233,
    "y": 556.5510682755345,
    "width": 172.79809793824228,
    "height": 92.06650952969129
  },
  "c1": {
    "x": 519.7149643705463,
    "y": 370.6888367125891,
    "width": 163.5059376342042,
    "height": 21.776722090261284
  },
  "c2": {
    "x": 519.7149643705463,
    "y": 393.91923990498816,
    "width": 163.5059376342042,
    "height": 21.78622266983373
  },
  "c3": {
    "x": 519.7149643705463,
    "y": 417.1496430973872,
    "width": 163.5059376342042,
    "height": 21.786225102137763
  },
  "c4": {
    "x": 519.7149643705463,
    "y": 440.3895493016627,
    "width": 163.5059376342042,
    "height": 21.776722090261284
  },
  "c5": {
    "x": 519.7149643705463,
    "y": 463.6199524940618,
    "width": 163.5059376342042,
    "height": 21.776722090261284
  },
  "d1": {
    "x": 684.6745855391924,
    "y": 370.6888367125891,
    "width": 206.77434496912107,
    "height": 45.016625862232786
  },
  "d2": {
    "x": 684.6745855391924,
    "y": 417.1496430973872,
    "width": 206.77434496912107,
    "height": 21.786225102137763
  },
  "d3": {
    "x": 684.6745855391924,
    "y": 440.3895493016627,
    "width": 206.77434496912107,
    "height": 21.776722090261284
  },
  "d4": {
    "x": 684.6745855391924,
    "y": 463.6199524940618,
    "width": 206.77434496912107,
    "height": 21.776722090261284
  },
  "e1": {
    "x": 953.8907357339667,
    "y": 370.6888367125891,
    "width": 210.84085571496445,
    "height": 91.47743467933492
  },
  "e2": {
    "x": 953.8907357339667,
    "y": 463.6199524940618,
    "width": 210.84085571496445,
    "height": 21.776722090261284
  },
  "e3": {
    "x": 953.8907357339667,
    "y": 486.85035568646083,
    "width": 210.84085571496445,
    "height": 21.786225102137763
  },
  "e4": {
    "x": 953.8907357339667,
    "y": 510.0902618907364,
    "width": 210.84085571496445,
    "height": 21.776722090261284
  },
  "f1": {
    "x": 1166.185272551069,
    "y": 370.6888367125891,
    "width": 233.4916870688837,
    "height": 91.47743467933492
  },
  "f2": {
    "x": 1166.185272551069,
    "y": 463.6199524940618,
    "width": 233.4916870688837,
    "height": 21.776722090261284
  },
  "f3": {
    "x": 1166.185272551069,
    "y": 486.85035568646083,
    "width": 233.4916870688837,
    "height": 21.786225102137763
  },
  "f4": {
    "x": 1166.185272551069,
    "y": 510.0902618907364,
    "width": 233.4916870688837,
    "height": 21.776722090261284
  },
  "f5": {
    "x": 1166.185272551069,
    "y": 533.3206650831354,
    "width": 233.4916870688837,
    "height": 21.776722090261284
  },
  "f6": {
    "x": 1166.185272551069,
    "y": 556.5510682755345,
    "width": 233.4916870688837,
    "height": 21.786225102137763
  },
  "h1": {
    "x": 1523.1068889691212,
    "y": 370.6888367125891,
    "width": 208.80760034204283,
    "height": 68.24703148693587
  },
  "h2": {
    "x": 1523.1068889691212,
    "y": 440.3895493016627,
    "width": 208.80760034204283,
    "height": 137.9477440760095
  },
  "h3": {
    "x": 1523.1068889691212,
    "y": 579.79097447981,
    "width": 208.80760034204283,
    "height": 68.82660332541575
  }
}