{
  "a1": {
    "x": 131.8479803895487,
    "y": 376.7790973871734,
    "width": 147.81947865083137,
    "height": 682.8503575106888
  },
  "b1": {
    "x": 281.15914489311166,
    "y": 376.7790973871734,
    "width": 218.44180583372923,
    "height": 132.26603264608076
  },
  "b2": {
    "x": 281.15914489311166,
    "y": 510.5368183182898,
    "width": 218.44180583372923,
    "height": 549.0926365795725
  },
  "c1": {
    "x": 577.7007131971496,
    "y": 376.7790973871734,
    "width": 192.70308666983368,
    "height": 682.8503575106888
  },
  "d1": {
    "x": 771.9049887315914,
    "y": 376.7790973871734,
    "width": 255.54394299287426,
    "height": 682.8503575106888
  },
  "e1": {
    "x": 1105.5486941947743,
    "y": 376.7790973871734,
    "width": 142.43230464608098,
    "height": 132.26603264608076
  },
  "e2": {
    "x": 1105.5486941947743,
    "y": 510.5368183182898,
    "width": 142.43230464608098,
    "height": 43.08788416152019
  },
  "e3": {
    "x": 1105.5486941947743,
    "y": 555.125891344418,
    "width": 142.43230464608098,
    "height": 43.08788416152019
  },
  "e4": {
    "x": 1105.5486941947743,
    "y": 599.7054637909739,
    "width": 142.43230464608098,
    "height": 43.09738717339675
  },
  "e5": {
    "x": 1105.5486941947743,
    "y": 644.2945368171022,
    "width": 142.43230464608098,
    "height": 43.0878865938243
  },
  "f1": {
    "x": 1249.4726846935869,
    "y": 376.7790973871734,
    "width": 150.21377550593812,
    "height": 132.26603264608076
  },
  "f2": {
    "x": 1249.4726846935869,
    "y": 510.5368183182898,
    "width": 150.21377550593812,
    "height": 43.08788416152019
  },
  "f3": {
    "x": 1249.4726846935869,
    "y": 555.125891344418,
    "width": 150.21377550593812,
    "height": 43.08788416152019
  },
  "f4": {
    "x": 1249.4726846935869,
    "y": 644.2945368171022,
    "width": 150.21377550593812,
    "height": 43.0878865938243
  },
  "h1": {
    "x": 1477.786222669834,
    "y": 376.7790973871734,
    "width": 219.63895669358678,
    "height": 682.8503575106888
  }
}