{
  "a1": {
    "x": 128.22802850356294,
    "y": 346.6793349168646,
    "width": 158.1852725510689,
    "height": 58.77434557719715
  },
  "a2": {
    "x": 128.22802850356294,
    "y": 406.8313545273159,
    "width": 158.1852725510689,
    "height": 58.76484499762471
  },
  "a3": {
    "x": 128.22802850356294,
    "y": 466.97387112589075,
    "width": 158.1852725510689,
    "height": 58.764847429928736
  },
  "b1": {
    "x": 287.7814720760095,
    "y": 346.6793349168646,
    "width": 242.49881295961995,
    "height": 179.05938363895487
  },
  "b2": {
    "x": 287.7814720760095,
    "y": 527.1163901567696,
    "width": 242.49881295961995,
    "height": 267.48693525890735
  },
  "c1": {
    "x": 610.4703087885986,
    "y": 346.6793349168646,
    "width": 166.69833668408546,
    "height": 118.91686460807601
  },
  "d1": {
    "x": 778.5463195059383,
    "y": 346.6793349168646,
    "width": 195.53443937292164,
    "height": 387.78147390023753
  },
  "d2": {
    "x": 778.5463195059383,
    "y": 735.8289798384799,
    "width": 195.53443937292164,
    "height": 239.2019002375297
  },
  "d3": {
    "x": 778.5463195059383,
    "y": 976.3990510973872,
    "width": 195.53443937292164,
    "height": 240.30403557244657
  },
  "e1": {
    "x": 1062.7838467648455,
    "y": 346.6793349168646,
    "width": 158.18527498337312,
    "height": 239.2019002375297
  },
  "e2": {
    "x": 1062.7838467648455,
    "y": 587.2589067553445,
    "width": 158.18527498337312,
    "height": 87.04988245130649
  },
  "e3": {
    "x": 1062.7838467648455,
    "y": 675.686460807601,
    "width": 158.18527498337312,
    "height": 58.77434800950119
  },
  "e4": {
    "x": 1062.7838467648455,
    "y": 735.8289798384799,
    "width": 158.18527498337312,
    "height": 58.77434557719715
  },
  "e5": {
    "x": 1062.7838467648455,
    "y": 795.9714964370546,
    "width": 158.18527498337312,
    "height": 478.4038004750594
  },
  "f1": {
    "x": 1222.3372927695964,
    "y": 346.6793349168646,
    "width": 148.85510749643714,
    "height": 239.2019002375297
  },
  "f2": {
    "x": 1222.3372927695964,
    "y": 587.2589067553445,
    "width": 148.85510749643714,
    "height": 87.04988245130649
  },
  "f3": {
    "x": 1222.3372927695964,
    "y": 675.686460807601,
    "width": 148.85510749643714,
    "height": 58.77434800950119
  },
  "f4": {
    "x": 1222.3372927695964,
    "y": 735.8289798384799,
    "width": 148.85510749643714,
    "height": 58.77434557719715
  },
  "f5": {
    "x": 1222.3372927695964,
    "y": 795.9714964370546,
    "width": 148.85510749643714,
    "height": 478.4038004750594
  },
  "h1": {
    "x": 1518.6603331496437,
    "y": 346.6793349168646,
    "width": 205.97624763895507,
    "height": 58.77434557719715
  },
  "h2": {
    "x": 1518.6603331496437,
    "y": 406.8313545273159,
    "width": 205.97624763895507,
    "height": 118.90736402850357
  },
  "h3": {
    "x": 1518.6603331496437,
    "y": 527.1163901567696,
    "width": 205.97624763895507,
    "height": 58.76484499762471
  },
  "h4": {
    "x": 1518.6603331496437,
    "y": 587.2589067553445,
    "width": 205.97624763895507,
    "height": 147.20190206175772
  }
}
