{
  "a1": {
    "x": 274.11753036203993,
    "y": 263.5782042065837,
    "width": 159.40137703574308,
    "height": 246.40546828550032
  },
  "a2": {
    "x": 274.11753036203993,
    "y": 511.7323074104939,
    "width": 159.40137703574308,
    "height": 719.0690894922129
  },
  "b1": {
    "x": 435.26754231619293,
    "y": 263.5782042065837,
    "width": 182.46625235581635,
    "height": 47.87838312567305
  },
  "b2": {
    "x": 435.26754231619293,
    "y": 313.21472752597265,
    "width": 182.46625235581635,
    "height": 917.5866693767342
  },
  "c1": {
    "x": 677.2919204632458,
    "y": 263.5782042065837,
    "width": 134.29326165197304,
    "height": 967.2231926961231
  },
  "d1": {
    "x": 813.3433198760513,
    "y": 263.5782042065837,
    "width": 198.81218746269155,
    "height": 967.2231926961231
  },
  "e1": {
    "x": 1073.167660470219,
    "y": 263.5782042065837,
    "width": 108.90004153245525,
    "height": 122.3284166835452
  },
  "e2": {
    "x": 1073.167660470219,
    "y": 387.65525580853875,
    "width": 108.90004153245525,
    "height": 23.06487288718989
  },
  "e3": {
    "x": 1073.167660470219,
    "y": 412.4687636141386,
    "width": 108.90004153245525,
    "height": 47.887888400979094
  },
  "e4": {
    "x": 1073.167660470219,
    "y": 462.10528693352757,
    "width": 108.90004153245525,
    "height": 768.6961099691794
  },
  "f1": {
    "x": 1183.816336921084,
    "y": 263.5782042065837,
    "width": 130.50138423698266,
    "height": 97.51490644506205
  },
  "f2": {
    "x": 1183.816336921084,
    "y": 362.8417455700556,
    "width": 130.50138423698266,
    "height": 867.9596513326512
  },
  "h1": {
    "x": 1431.675832546824,
    "y": 263.5782042065837,
    "width": 177.21084475816386,
    "height": 147.141924489145
  },
  "h2": {
    "x": 1431.675832546824,
    "y": 412.4687636141386,
    "width": 177.21084475816386,
    "height": 818.3326332885682
  }
}