{
  "a1": {
    "x": 145.9287417007126,
    "y": 373.61520250831353,
    "width": 168.11401303562945,
    "height": 737.8622327790974
  },
  "b1": {
    "x": 315.21140142517817,
    "y": 373.61520250831353,
    "width": 168.12351604750594,
    "height": 226.49881052731592
  },
  "b2": {
    "x": 315.21140142517817,
    "y": 601.2826597244656,
    "width": 168.12351604750594,
    "height": 510.19477556294544
  },
  "c1": {
    "x": 551.0498824513064,
    "y": 373.61520250831353,
    "width": 219.4964358384798,
    "height": 30.35629514489311
  },
  "c2": {
    "x": 551.0498824513064,
    "y": 405.14014190973876,
    "width": 219.4964358384798,
    "height": 30.35629514489311
  },
  "c3": {
    "x": 551.0498824513064,
    "y": 436.66508374346796,
    "width": 219.4964358384798,
    "height": 30.35629271258908
  },
  "c4": {
    "x": 551.0498824513064,
    "y": 468.1805225653207,
    "width": 219.4964358384798,
    "height": 30.35629514489311
  },
  "c5": {
    "x": 551.0498824513064,
    "y": 499.7054619667459,
    "width": 219.4964358384798,
    "height": 61.881236978622326
  },
  "c6": {
    "x": 551.0498824513064,
    "y": 562.7553456342043,
    "width": 219.4964358384798,
    "height": 37.35866740142519
  },
  "c7": {
    "x": 551.0498824513064,
    "y": 601.2826597244656,
    "width": 219.4964358384798,
    "height": 37.358669833729145
  },
  "c8": {
    "x": 551.0498824513064,
    "y": 639.8099762470309,
    "width": 219.4964358384798,
    "height": 30.35629514489318
  },
  "c9": {
    "x": 551.0498824513064,
    "y": 671.3349156484561,
    "width": 219.4964358384798,
    "height": 30.346794565320664
  },
  "c10": {
    "x": 551.0498824513064,
    "y": 702.8503569026129,
    "width": 219.4964358384798,
    "height": 61.881234546318225
  },
  "c11": {
    "x": 551.0498824513064,
    "y": 765.9002381377674,
    "width": 219.4964358384798,
    "height": 30.356295144893043
  },
  "d1": {
    "x": 771.7054643990499,
    "y": 373.61520250831353,
    "width": 168.12351361520183,
    "height": 737.8622327790974
  },
  "e1": {
    "x": 1007.5439429928741,
    "y": 373.61520250831353,
    "width": 168.123516047506,
    "height": 93.40617394774348
  },
  "e2": {
    "x": 1007.5439429928741,
    "y": 468.1805225653207,
    "width": 168.123516047506,
    "height": 30.35629514489311
  },
  "e3": {
    "x": 1007.5439429928741,
    "y": 499.7054619667459,
    "width": 168.123516047506,
    "height": 61.881236978622326
  },
  "e4": {
    "x": 1007.5439429928741,
    "y": 562.7553456342043,
    "width": 168.123516047506,
    "height": 75.88598392399044
  },
  "e5": {
    "x": 1007.5439429928741,
    "y": 639.8099762470309,
    "width": 168.123516047506,
    "height": 30.35629514489318
  },
  "f1": {
    "x": 1176.8361057292163,
    "y": 373.61520250831353,
    "width": 168.1140130356293,
    "height": 93.40617394774348
  },
  "f2": {
    "x": 1176.8361057292163,
    "y": 468.1805225653207,
    "width": 168.1140130356293,
    "height": 233.50118764845607
  },
  "h1": {
    "x": 1479.2114020332544,
    "y": 373.61520250831353,
    "width": 168.1235160475059,
    "height": 737.8622327790974
  }
}