{
  "a1": {
    "x": 155.8479816057007,
    "y": 351.98099884085514,
    "width": 137.76722090261282,
    "height": 908.6175771971498
  },
  "b1": {
    "x": 295.3634210356295,
    "y": 351.98099884085514,
    "width": 157.32066386698338,
    "height": 456.78859796674595
  },
  "b2": {
    "x": 295.3634210356295,
    "y": 810.5273159144893,
    "width": 157.32066386698338,
    "height": 450.0712601235156
  },
  "d1": {
    "x": 645.3301656627078,
    "y": 351.98099884085514,
    "width": 245.1686460807601,
    "height": 191.47743407125893
  },
  "d2": {
    "x": 645.3301656627078,
    "y": 545.20665143943,
    "width": 245.1686460807601,
    "height": 44.370545102137775
  },
  "e1": {
    "x": 975.144891895487,
    "y": 351.98099884085514,
    "width": 159.95249466983367,
    "height": 99.2399043800475
  },
  "e2": {
    "x": 975.144891895487,
    "y": 452.978622327791,
    "width": 159.95249466983367,
    "height": 44.36104452256532
  },
  "e3": {
    "x": 975.144891895487,
    "y": 499.08788537767225,
    "width": 159.95249466983367,
    "height": 44.370547534441805
  },
  "e4": {
    "x": 975.144891895487,
    "y": 545.20665143943,
    "width": 159.95249466983367,
    "height": 44.370545102137775
  },
  "e5": {
    "x": 975.144891895487,
    "y": 591.3254150688837,
    "width": 159.95249466983367,
    "height": 44.36104452256532
  },
  "e6": {
    "x": 975.144891895487,
    "y": 637.4441811306415,
    "width": 159.95249466983367,
    "height": 44.36104452256526
  },
  "f1": {
    "x": 1136.8456050926366,
    "y": 351.98099884085514,
    "width": 190.30878981472685,
    "height": 99.2399043800475
  },
  "f2": {
    "x": 1136.8456050926366,
    "y": 452.978622327791,
    "width": 190.30878981472685,
    "height": 136.59857421377674
  },
  "h1": {
    "x": 1487.097386565321,
    "y": 351.98099884085514,
    "width": 158.78384798099762,
    "height": 283.70546075059383
  },
  "h2": {
    "x": 1487.097386565321,
    "y": 637.4441811306415,
    "width": 158.78384798099762,
    "height": 222.11876362945355
  },
  "h3": {
    "x": 1487.097386565321,
    "y": 861.3111632874109,
    "width": 158.78384798099762,
    "height": 74.42280467458438
  },
  "h4": {
    "x": 1487.097386565321,
    "y": 937.4916870688836,
    "width": 158.78384798099762,
    "height": 74.42280224228035
  },
  "h5": {
    "x": 1487.097386565321,
    "y": 1013.6722084180523,
    "width": 158.78384798099762,
    "height": 74.42280224228035
  }
}