{
  "a1": {
    "x": 133.28266033254158,
    "y": 351.76247091686463,
    "width": 254.60332480760096,
    "height": 26.337292161520192
  },
  "a2": {
    "x": 133.28266033254158,
    "y": 379.51543942992873,
    "width": 254.60332480760096,
    "height": 26.337292161520192
  },
  "a3": {
    "x": 133.28266033254158,
    "y": 407.2684079429929,
    "width": 254.60332480760096,
    "height": 26.337292161520192
  },
  "a4": {
    "x": 133.28266033254158,
    "y": 435.02137645605706,
    "width": 254.60332480760096,
    "height": 26.337294593824222
  },
  "a5": {
    "x": 133.28266033254158,
    "y": 462.7743474014252,
    "width": 254.60332480760096,
    "height": 26.337292161520192
  },
  "a6": {
    "x": 133.28266033254158,
    "y": 490.52731591448935,
    "width": 254.60332480760096,
    "height": 248.38004628978624
  },
  "b1": {
    "x": 389.30166392399053,
    "y": 351.76247091686463,
    "width": 175.3064114774347,
    "height": 81.84322918764846
  },
  "b2": {
    "x": 389.30166392399053,
    "y": 435.02137645605706,
    "width": 175.3064114774347,
    "height": 303.88598574821856
  },
  "c1": {
    "x": 631.7244649501188,
    "y": 351.76247091686463,
    "width": 245.54869358669833,
    "height": 26.337292161520192
  },
  "c2": {
    "x": 631.7244649501188,
    "y": 379.51543942992873,
    "width": 245.54869358669833,
    "height": 26.337292161520192
  },
  "c3": {
    "x": 631.7244649501188,
    "y": 407.2684079429929,
    "width": 245.54869358669833,
    "height": 54.09026310688836
  },
  "c4": {
    "x": 631.7244649501188,
    "y": 462.7743474014252,
    "width": 245.54869358669833,
    "height": 54.09026067458433
  },
  "c5": {
    "x": 631.7244649501188,
    "y": 518.2802844275535,
    "width": 245.54869358669833,
    "height": 26.34679274109264
  },
  "c6": {
    "x": 631.7244649501188,
    "y": 546.0427559524941,
    "width": 245.54869358669833,
    "height": 26.337292161520192
  },
  "c7": {
    "x": 631.7244649501188,
    "y": 573.7957244655582,
    "width": 245.54869358669833,
    "height": 26.337292161520192
  },
  "c8": {
    "x": 631.7244649501188,
    "y": 601.5486929786224,
    "width": 245.54869358669833,
    "height": 26.33729216152012
  },
  "c9": {
    "x": 631.7244649501188,
    "y": 629.3016614916863,
    "width": 245.54869358669833,
    "height": 26.33729459382436
  },
  "c10": {
    "x": 631.7244649501188,
    "y": 657.0546324370546,
    "width": 245.54869358669833,
    "height": 26.33729216152033
  },
  "c11": {
    "x": 631.7244649501188,
    "y": 684.8076009501187,
    "width": 245.54869358669833,
    "height": 26.337292161520192
  },
  "c12": {
    "x": 631.7244649501188,
    "y": 712.5605694631829,
    "width": 245.54869358669833,
    "height": 26.34679274109271
  },
  "d1": {
    "x": 878.6888348883609,
    "y": 351.76247091686463,
    "width": 175.30641390973878,
    "height": 387.1448912874109
  },
  "e1": {
    "x": 1121.1116383467934,
    "y": 351.76247091686463,
    "width": 136.78859796674578,
    "height": 109.59620013301664
  },
  "e2": {
    "x": 1121.1116383467934,
    "y": 462.7743474014252,
    "width": 136.78859796674578,
    "height": 81.85272976722091
  },
  "e3": {
    "x": 1121.1116383467934,
    "y": 546.0427559524941,
    "width": 136.78859796674578,
    "height": 26.337292161520192
  },
  "e4": {
    "x": 1121.1116383467934,
    "y": 573.7957244655582,
    "width": 136.78859796674578,
    "height": 165.11163773871735
  },
  "f1": {
    "x": 1259.3159150973872,
    "y": 351.76247091686463,
    "width": 159.43942932066517,
    "height": 109.59620013301664
  },
  "f2": {
    "x": 1259.3159150973872,
    "y": 462.7743474014252,
    "width": 159.43942932066517,
    "height": 276.13301480285037
  },
  "h1": {
    "x": 1551.581947743468,
    "y": 351.76247091686463,
    "width": 171.9049875154395,
    "height": 137.34916864608076
  },
  "h2": {
    "x": 1551.581947743468,
    "y": 490.52731591448935,
    "width": 171.9049875154395,
    "height": 248.38004628978624
  }
}