{
  "a1": {
    "x": 126.37529630403802,
    "y": 363.3254156769596,
    "width": 189.84322979572448,
    "height": 23.695963211401423
  },
  "a2": {
    "x": 126.37529630403802,
    "y": 388.4655594109264,
    "width": 189.84322979572448,
    "height": 48.83610208076011
  },
  "a3": {
    "x": 126.37529630403802,
    "y": 438.7458420142518,
    "width": 189.84322979572448,
    "height": 23.695963211401423
  },
  "a4": {
    "x": 126.37529630403802,
    "y": 463.88598574821856,
    "width": 189.84322979572448,
    "height": 23.695963211401423
  },
  "a5": {
    "x": 126.37529630403802,
    "y": 489.0261294821853,
    "width": 189.84322979572448,
    "height": 23.69596077909739
  },
  "a6": {
    "x": 126.37529630403802,
    "y": 514.166270783848,
    "width": 189.84322979572448,
    "height": 23.69596077909739
  },
  "b1": {
    "x": 317.6627066223278,
    "y": 363.3254156769596,
    "width": 114.14726962470309,
    "height": 601.9192399049881
  },
  "c1": {
    "x": 508.38954869358673,
    "y": 363.3254156769596,
    "width": 251.68646202375297,
    "height": 23.695963211401423
  },
  "c2": {
    "x": 508.38954869358673,
    "y": 388.4655594109264,
    "width": 251.68646202375297,
    "height": 23.69596077909739
  },
  "c3": {
    "x": 508.38954869358673,
    "y": 413.6057007125891,
    "width": 251.68646202375297,
    "height": 23.69596077909739
  },
  "c4": {
    "x": 508.38954869358673,
    "y": 438.7458420142518,
    "width": 251.68646202375297,
    "height": 23.695963211401423
  },
  "c5": {
    "x": 508.38954869358673,
    "y": 463.88598574821856,
    "width": 251.68646202375297,
    "height": 23.695963211401423
  },
  "c6": {
    "x": 508.38954869358673,
    "y": 489.0261294821853,
    "width": 251.68646202375297,
    "height": 23.69596077909739
  },
  "c7": {
    "x": 508.38954869358673,
    "y": 514.166270783848,
    "width": 251.68646202375297,
    "height": 23.69596077909739
  },
  "c8": {
    "x": 508.38954869358673,
    "y": 539.3064120855107,
    "width": 251.68646202375297,
    "height": 23.695963211401423
  },
  "c9": {
    "x": 508.38954869358673,
    "y": 564.4465558194775,
    "width": 251.68646202375297,
    "height": 23.695963211401423
  },
  "c10": {
    "x": 508.38954869358673,
    "y": 589.5866995534442,
    "width": 251.68646202375297,
    "height": 23.69596077909739
  },
  "c11": {
    "x": 508.38954869358673,
    "y": 614.726840855107,
    "width": 251.68646202375297,
    "height": 23.69596077909739
  },
  "c12": {
    "x": 508.38954869358673,
    "y": 639.8669821567696,
    "width": 251.68646202375297,
    "height": 23.695963211401423
  },
  "c13": {
    "x": 508.38954869358673,
    "y": 665.0071258907363,
    "width": 251.68646202375297,
    "height": 23.695963211401423
  },
  "d1": {
    "x": 761.520191239905,
    "y": 363.3254156769596,
    "width": 114.13776661282668,
    "height": 601.9192399049881
  },
  "e1": {
    "x": 952.2375302992875,
    "y": 363.3254156769596,
    "width": 215.27790852256518,
    "height": 99.11638954869359
  },
  "e2": {
    "x": 952.2375302992875,
    "y": 463.88598574821856,
    "width": 215.27790852256518,
    "height": 23.695963211401423
  },
  "e3": {
    "x": 952.2375302992875,
    "y": 489.0261294821853,
    "width": 215.27790852256518,
    "height": 23.69596077909739
  },
  "e4": {
    "x": 952.2375302992875,
    "y": 514.166270783848,
    "width": 215.27790852256518,
    "height": 23.69596077909739
  },
  "f1": {
    "x": 1168.9596193444181,
    "y": 363.3254156769596,
    "width": 161.5391936152019,
    "height": 99.11638954869359
  },
  "f2": {
    "x": 1168.9596193444181,
    "y": 463.88598574821856,
    "width": 161.5391936152019,
    "height": 23.695963211401423
  },
  "f3": {
    "x": 1168.9596193444181,
    "y": 489.0261294821853,
    "width": 161.5391936152019,
    "height": 23.69596077909739
  },
  "f4": {
    "x": 1168.9596193444181,
    "y": 514.166270783848,
    "width": 161.5391936152019,
    "height": 23.69596077909739
  },
  "f5": {
    "x": 1168.9596193444181,
    "y": 539.3064120855107,
    "width": 161.5391936152019,
    "height": 23.686462631828974
  },
  "h1": {
    "x": 1482.20427431829,
    "y": 363.3254156769596,
    "width": 173.6627090546317,
    "height": 149.39667458432305
  },
  "h2": {
    "x": 1482.20427431829,
    "y": 514.166270783848,
    "width": 173.6627090546317,
    "height": 48.836104513064136
  },
  "h3": {
    "x": 1482.20427431829,
    "y": 564.4465558194775,
    "width": 173.6627090546317,
    "height": 99.11638954869359
  }
}