{
  "a1": {
    "x": 307.63163955386096,
    "y": 198.99036630438655,
    "width": 295.6775801494257,
    "height": 22.24518581762463
  },
  "a2": {
    "x": 307.63163955386096,
    "y": 222.45186304149,
    "width": 295.6775801494257,
    "height": 22.254690071149433
  },
  "a3": {
    "x": 307.63163955386096,
    "y": 245.91336221121523,
    "width": 295.6775801494257,
    "height": 20.63927591490575
  },
  "a4": {
    "x": 307.63163955386096,
    "y": 267.759444792075,
    "width": 295.6775801494257,
    "height": 22.254690071149433
  },
  "a5": {
    "x": 307.63163955386096,
    "y": 291.2304457827032,
    "width": 295.6775801494257,
    "height": 22.24518581762463
  },
  "a6": {
    "x": 307.63163955386096,
    "y": 314.6919425198066,
    "width": 295.6775801494257,
    "height": 22.24518581762463
  },
  "a7": {
    "x": 307.63163955386096,
    "y": 338.1534392569101,
    "width": 295.6775801494257,
    "height": 22.245188250246464
  },
  "a8": {
    "x": 307.63163955386096,
    "y": 361.6149384266353,
    "width": 295.6775801494257,
    "height": 22.254687638527603
  },
  "a9": {
    "x": 307.63163955386096,
    "y": 385.0764351637387,
    "width": 295.6775801494257,
    "height": 22.254687638527603
  },
  "a10": {
    "x": 307.63163955386096,
    "y": 408.5474337217451,
    "width": 295.6775801494257,
    "height": 22.245188250246464
  },
  "a11": {
    "x": 307.63163955386096,
    "y": 432.0089328914704,
    "width": 295.6775801494257,
    "height": 22.24518581762463
  },
  "a12": {
    "x": 307.63163955386096,
    "y": 455.4704296285738,
    "width": 295.6775801494257,
    "height": 22.24518581762463
  },
  "a13": {
    "x": 307.63163955386096,
    "y": 478.9319263656772,
    "width": 295.6775801494257,
    "height": 22.254690071149433
  },
  "a14": {
    "x": 307.63163955386096,
    "y": 502.3934255354025,
    "width": 295.6775801494257,
    "height": 22.254687638527603
  },
  "a15": {
    "x": 307.63163955386096,
    "y": 525.8549222725059,
    "width": 295.6775801494257,
    "height": 22.254687638527603
  },
  "a16": {
    "x": 307.63163955386096,
    "y": 549.3259208305124,
    "width": 295.6775801494257,
    "height": 22.245188250246464
  },
  "a17": {
    "x": 307.63163955386096,
    "y": 572.7874200002376,
    "width": 295.6775801494257,
    "height": 22.24518581762463
  },
  "a18": {
    "x": 307.63163955386096,
    "y": 596.248916737341,
    "width": 295.6775801494257,
    "height": 22.254687638527603
  },
  "a19": {
    "x": 307.63163955386096,
    "y": 619.7104134744444,
    "width": 295.6775801494257,
    "height": 22.254690071149433
  },
  "a20": {
    "x": 307.63163955386096,
    "y": 643.1814144650726,
    "width": 295.6775801494257,
    "height": 22.2451858176247
  },
  "a21": {
    "x": 307.63163955386096,
    "y": 666.6429112021762,
    "width": 295.6775801494257,
    "height": 22.245185817624563
  },
  "a22": {
    "x": 307.63163955386096,
    "y": 690.1044079392794,
    "width": 295.6775801494257,
    "height": 22.245185817624563
  },
  "a23": {
    "x": 307.63163955386096,
    "y": 713.5659046763828,
    "width": 295.6775801494257,
    "height": 22.25469007114957
  },
  "a24": {
    "x": 307.63163955386096,
    "y": 737.0274014134864,
    "width": 295.6775801494257,
    "height": 22.254690071149433
  },
  "a25": {
    "x": 307.63163955386096,
    "y": 760.4889005832116,
    "width": 295.6775801494257,
    "height": 22.254687638527464
  },
  "a26": {
    "x": 307.63163955386096,
    "y": 783.9598991412179,
    "width": 295.6775801494257,
    "height": 22.2451858176247
  },
  "a27": {
    "x": 307.63163955386096,
    "y": 807.4213958783214,
    "width": 295.6775801494257,
    "height": 22.245188250246535
  },
  "a28": {
    "x": 307.63163955386096,
    "y": 830.8828950480467,
    "width": 295.6775801494257,
    "height": 22.254687638527464
  },
  "a29": {
    "x": 307.63163955386096,
    "y": 854.34439178515,
    "width": 295.6775801494257,
    "height": 22.254687638527603
  },
  "a30": {
    "x": 307.63163955386096,
    "y": 877.8058885222536,
    "width": 295.6775801494257,
    "height": 22.254690071149433
  },
  "a31": {
    "x": 307.63163955386096,
    "y": 901.2768895128818,
    "width": 295.6775801494257,
    "height": 22.245185817624563
  },
  "a32": {
    "x": 307.63163955386096,
    "y": 924.7383862499852,
    "width": 295.6775801494257,
    "height": 22.245185817624563
  },
  "a33": {
    "x": 307.63163955386096,
    "y": 948.1998829870885,
    "width": 295.6775801494257,
    "height": 22.25469007114957
  },
  "a34": {
    "x": 307.63163955386096,
    "y": 971.6613821568139,
    "width": 295.6775801494257,
    "height": 22.254687638527464
  },
  "a35": {
    "x": 307.63163955386096,
    "y": 995.1228788939173,
    "width": 295.6775801494257,
    "height": 22.254687638527464
  },
  "a36": {
    "x": 307.63163955386096,
    "y": 1018.5938774519236,
    "width": 295.6775801494257,
    "height": 22.245188250246535
  },
  "a37": {
    "x": 307.63163955386096,
    "y": 1042.055376621649,
    "width": 295.6775801494257,
    "height": 22.2451858176247
  },
  "a38": {
    "x": 307.63163955386096,
    "y": 1065.5168733587525,
    "width": 295.6775801494257,
    "height": 22.254687638527464
  },
  "a39": {
    "x": 307.63163955386096,
    "y": 1088.9783700958558,
    "width": 295.6775801494257,
    "height": 22.254690071149433
  },
  "a40": {
    "x": 307.63163955386096,
    "y": 1112.439866832959,
    "width": 295.6775801494257,
    "height": 22.25469007114957
  },
  "a41": {
    "x": 307.63163955386096,
    "y": 1135.9108678235875,
    "width": 295.6775801494257,
    "height": 22.245185817624563
  },
  "a42": {
    "x": 307.63163955386096,
    "y": 1159.3723645606908,
    "width": 295.6775801494257,
    "height": 22.245185817624563
  },
  "a43": {
    "x": 307.63163955386096,
    "y": 1182.833861297794,
    "width": 295.6775801494257,
    "height": 22.25469007114957
  },
  "a44": {
    "x": 307.63163955386096,
    "y": 1206.2953580348976,
    "width": 295.6775801494257,
    "height": 22.254690071149433
  },
  "a45": {
    "x": 307.63163955386096,
    "y": 1229.756857204623,
    "width": 295.6775801494257,
    "height": 22.254687638527603
  },
  "c1": {
    "x": 773.6022526838424,
    "y": 198.99036630438655,
    "width": 225.7016949957833,
    "height": 22.24518581762463
  },
  "c2": {
    "x": 773.6022526838424,
    "y": 222.45186304149,
    "width": 225.7016949957833,
    "height": 22.254690071149433
  },
  "c3": {
    "x": 773.6022526838424,
    "y": 245.91336221121523,
    "width": 225.7016949957833,
    "height": 20.63927591490575
  },
  "c4": {
    "x": 773.6022526838424,
    "y": 267.759444792075,
    "width": 225.7016949957833,
    "height": 22.254690071149433
  },
  "c5": {
    "x": 773.6022526838424,
    "y": 291.2304457827032,
    "width": 225.7016949957833,
    "height": 22.24518581762463
  },
  "c6": {
    "x": 773.6022526838424,
    "y": 314.6919425198066,
    "width": 225.7016949957833,
    "height": 22.24518581762463
  },
  "c7": {
    "x": 773.6022526838424,
    "y": 338.1534392569101,
    "width": 225.7016949957833,
    "height": 22.245188250246464
  },
  "c8": {
    "x": 773.6022526838424,
    "y": 361.6149384266353,
    "width": 225.7016949957833,
    "height": 22.254687638527603
  },
  "c9": {
    "x": 773.6022526838424,
    "y": 385.0764351637387,
    "width": 225.7016949957833,
    "height": 22.254687638527603
  },
  "c10": {
    "x": 773.6022526838424,
    "y": 408.5474337217451,
    "width": 225.7016949957833,
    "height": 22.245188250246464
  },
  "c11": {
    "x": 773.6022526838424,
    "y": 432.0089328914704,
    "width": 225.7016949957833,
    "height": 22.24518581762463
  },
  "c12": {
    "x": 773.6022526838424,
    "y": 455.4704296285738,
    "width": 225.7016949957833,
    "height": 22.24518581762463
  },
  "c13": {
    "x": 773.6022526838424,
    "y": 478.9319263656772,
    "width": 225.7016949957833,
    "height": 22.254690071149433
  },
  "c14": {
    "x": 773.6022526838424,