{
  "a1": {
    "x": 374.54774376700044,
    "y": 249.04916258418558,
    "width": 283.93258026583044,
    "height": 21.047880972573612
  },
  "a2": {
    "x": 374.54774376700044,
    "y": 270.9237554929979,
    "width": 283.93258026583044,
    "height": 21.047880972573612
  },
  "a3": {
    "x": 374.54774376700044,
    "y": 292.7983459691884,
    "width": 283.93258026583044,
    "height": 19.812563978667047
  },
  "a4": {
    "x": 374.54774376700044,
    "y": 313.43762188409414,
    "width": 283.93258026583044,
    "height": 21.047880972573612
  },
  "a5": {
    "x": 374.54774376700044,
    "y": 335.31221479290645,
    "width": 283.93258026583044,
    "height": 21.05738279347658
  },
  "a6": {
    "x": 374.54774376700044,
    "y": 357.1868052690969,
    "width": 283.93258026583044,
    "height": 21.05738279347658
  },
  "a7": {
    "x": 374.54774376700044,
    "y": 379.0708999988122,
    "width": 283.93258026583044,
    "height": 21.047880972573612
  },
  "a8": {
    "x": 374.54774376700044,
    "y": 400.94549047500266,
    "width": 283.93258026583044,
    "height": 21.047880972573612
  },
  "a9": {
    "x": 374.54774376700044,
    "y": 422.820083383815,
    "width": 283.93258026583044,
    "height": 21.047880972573612
  },
  "a10": {
    "x": 374.54774376700044,
    "y": 444.6946762926273,
    "width": 283.93258026583044,
    "height": 21.04787853995178
  },
  "a11": {
    "x": 374.54774376700044,
    "y": 466.5692667688178,
    "width": 283.93258026583044,
    "height": 21.05738279347658
  },
  "a12": {
    "x": 374.54774376700044,
    "y": 488.44385724500825,
    "width": 283.93258026583044,
    "height": 21.05738279347658
  },
  "a13": {
    "x": 374.54774376700044,
    "y": 510.32795197472353,
    "width": 283.93258026583044,
    "height": 21.047880972573612
  },
  "a14": {
    "x": 374.54774376700044,
    "y": 532.2025448835359,
    "width": 283.93258026583044,
    "height": 21.047880972573612
  },
  "a15": {
    "x": 374.54774376700044,
    "y": 554.0771353597263,
    "width": 283.93258026583044,
    "height": 21.047880972573612
  },
  "a16": {
    "x": 374.54774376700044,
    "y": 575.9517282685387,
    "width": 283.93258026583044,
    "height": 21.04787853995178
  },
  "a17": {
    "x": 374.54774376700044,
    "y": 597.8263187447292,
    "width": 283.93258026583044,
    "height": 21.047880972573612
  },
  "a18": {
    "x": 374.54774376700044,
    "y": 619.7009116535414,
    "width": 283.93258026583044,
    "height": 21.057382793476652
  },
  "a19": {
    "x": 374.54774376700044,
    "y": 641.575502129732,
    "width": 283.93258026583044,
    "height": 21.057382793476446
  },
  "a20": {
    "x": 374.54774376700044,
    "y": 663.4595968594472,
    "width": 283.93258026583044,
    "height": 21.047880972573683
  },
  "a21": {
    "x": 374.54774376700044,
    "y": 685.3341873356377,
    "width": 283.93258026583044,
    "height": 21.047880972573545
  },
  "a22": {
    "x": 374.54774376700044,
    "y": 707.2087802444499,
    "width": 283.93258026583044,
    "height": 21.047880972573683
  },
  "a23": {
    "x": 374.54774376700044,
    "y": 729.0833731532624,
    "width": 283.93258026583044,
    "height": 21.047878539951572
  },
  "a24": {
    "x": 374.54774376700044,
    "y": 750.9579636294528,
    "width": 283.93258026583044,
    "height": 21.05738279347658
  },
  "a25": {
    "x": 374.54774376700044,
    "y": 772.8325541056432,
    "width": 283.93258026583044,
    "height": 21.05738279347658
  },
  "a26": {
    "x": 374.54774376700044,
    "y": 794.7166488353586,
    "width": 283.93258026583044,
    "height": 21.047880972573545
  },
  "a27": {
    "x": 374.54774376700044,
    "y": 816.5912417441709,
    "width": 283.93258026583044,
    "height": 21.047880972573545
  },
  "a28": {
    "x": 374.54774376700044,
    "y": 838.4658322203612,
    "width": 283.93258026583044,
    "height": 21.047880972573683
  },
  "a29": {
    "x": 374.54774376700044,
    "y": 860.3404251291737,
    "width": 283.93258026583044,
    "height": 21.04787853995171
  },
  "a30": {
    "x": 374.54774376700044,
    "y": 882.2150156053642,
    "width": 283.93258026583044,
    "height": 21.047880972573545
  },
  "a31": {
    "x": 374.54774376700044,
    "y": 904.0896085141765,
    "width": 283.93258026583044,
    "height": 21.05738279347658
  },
  "a32": {
    "x": 374.54774376700044,
    "y": 925.964198990367,
    "width": 283.93258026583044,
    "height": 21.057382793476446
  },
  "a33": {
    "x": 374.54774376700044,
    "y": 947.8482937200822,
    "width": 283.93258026583044,
    "height": 21.047880972573683
  },
  "a34": {
    "x": 374.54774376700044,
    "y": 969.7228841962727,
    "width": 283.93258026583044,
    "height": 21.047880972573545
  },
  "a35": {
    "x": 374.54774376700044,
    "y": 991.597477105085,
    "width": 283.93258026583044,
    "height": 21.047880972573683
  },
  "a36": {
    "x": 374.54774376700044,
    "y": 1013.4720700138975,
    "width": 283.93258026583044,
    "height": 21.047878539951572
  },
  "a37": {
    "x": 374.54774376700044,
    "y": 1035.3466604900877,
    "width": 283.93258026583044,
    "height": 21.05738279347658
  },
  "a38": {
    "x": 374.54774376700044,
    "y": 1057.2212509662784,
    "width": 283.93258026583044,
    "height": 21.05738279347658
  },
  "a39": {
    "x": 374.54774376700044,
    "y": 1079.1053456959937,
    "width": 283.93258026583044,
    "height": 21.047880972573545
  },
  "a40": {
    "x": 374.54774376700044,
    "y": 1100.979938604806,
    "width": 283.93258026583044,
    "height": 21.047880972573545
  },
  "a41": {
    "x": 374.54774376700044,
    "y": 1122.8545290809964,
    "width": 283.93258026583044,
    "height": 21.047880972573683
  },
  "a42": {
    "x": 374.54774376700044,
    "y": 1144.7291219898086,
    "width": 283.93258026583044,
    "height": 21.04787853995171
  },
  "a43": {
    "x": 374.54774376700044,
    "y": 1166.6037124659993,
    "width": 283.93258026583044,
    "height": 21.047880972573545
  },
  "a44": {
    "x": 374.54774376700044,
    "y": 1188.4783053748115,
    "width": 283.93258026583044,
    "height": 21.05738279347658
  },
  "a45": {
    "x": 374.54774376700044,
    "y": 1210.352895851002,
    "width": 283.93258026583044,
    "height": 21.057382793476446
  },
  "a46": {
    "x": 374.54774376700044,
    "y": 1232.2369905807172,
    "width": 283.93258026583044,
    "height": 21.047880972573545
  },
  "a47": {
    "x": 374.54774376700044,
    "y": 1254.1115810569077,
    "width": 283.93258026583044,
    "height": 21.04788097257382
  },
  "a48": {
    "x": 374.54774376700044,
    "y": 1275.98617396572,
    "width": 283.93258026583044,
    "height": 21.047880972573545
  },
  "a49": {
    "x": 374.54774376700044,
    "y": 1297.8607668745321,
    "width": 283.93258026583044,
    "height": 21.047878539951988
  },
  "c1": {
    "x": 821.9126020168907,
    "y": 249.04916258418558,
    "width": 217.07348941073062,
    "height": 21.047880972573612
  },
  "c2": {
    "x": 821.9126020168907,
    "y": 270.9237554929979,
    "width": 217.07348941073062,
    "height": 21.047880972573612
  },
  "c3": {
    "x": 821.9126020168907,
    "y": 292.7983459691884,
    "width": 217.07348941073062,
    "height": 19.812563978667047
  },
  "c4": {
    "x": 821.9126020168907,
    "y": 313.43762188409414,
    "width": 217.07348941073062,
    "height": 21.047880972573612
  },
  "c5": {
    "x": 821.9126020168907,
    "y": 335.31221479290645,
    "width": 217.07348941073062,
    "height": 21.05738279347658
  },
  "c6": {
    "x": 821.9126020168907,
    "y": 357.1868052690969,
    "width": 217.07348941073062,
    "height": 21.05738279347658
  },
  "c7": {
    "x": 821.9126020168907,
    "y": 379.0708999988122,
    "width": 217.07348941073062,
    "height": 21.047880972573612
  },
  "c8": {
    "x": 821.9126020168907,
    "y": 400.94549047500266,
    "width": 217.07348941073062,
    "height": 21.047880972573612
  },
  "c9": {
    "x": 821.9126020168907,
    "y": 422.820083383815,
    "width": 217.07348941073062,