{
  "a1": {
    "x": 145.29216152019004,
    "y": 312.9881247315915,
    "width": 142.3847993159145,
    "height": 44.285035021377674
  },
  "a2": {
    "x": 145.29216152019004,
    "y": 358.95486935866984,
    "width": 142.3847993159145,
    "height": 345.8717345748219
  },
  "b1": {
    "x": 289.35867044180526,
    "y": 312.9881247315915,
    "width": 283.6579578527316,
    "height": 44.285035021377674
  },
  "b2": {
    "x": 289.35867044180526,
    "y": 358.95486935866984,
    "width": 283.6579578527316,
    "height": 345.8717345748219
  },
  "c1": {
    "x": 632.9976253111638,
    "y": 312.9881247315915,
    "width": 153.59619830878862,
    "height": 391.8384792019003
  },
  "d1": {
    "x": 788.2755356579572,
    "y": 312.9881247315915,
    "width": 201.80522565320666,
    "height": 44.285035021377674
  },
  "d2": {
    "x": 788.2755356579572,
    "y": 358.95486935866984,
    "width": 201.80522565320666,
    "height": 22.98337352969121
  },
  "d3": {
    "x": 788.2755356579572,
    "y": 383.61995249406175,
    "width": 201.80522565320666,
    "height": 47.64845666508314
  },
  "d4": {
    "x": 788.2755356579572,
    "y": 432.9501187648456,
    "width": 201.80522565320666,
    "height": 47.64845666508314
  },
  "d5": {
    "x": 788.2755356579572,
    "y": 482.28028503562945,
    "width": 201.80522565320666,
    "height": 222.5463188978623
  },
  "e1": {
    "x": 1052.3040386128266,
    "y": 312.9881247315915,
    "width": 172.66508252731586,
    "height": 118.28028442755345
  },
  "e2": {
    "x": 1052.3040386128266,
    "y": 432.9501187648456,
    "width": 172.66508252731586,
    "height": 22.98337352969121
  },
  "e3": {
    "x": 1052.3040386128266,
    "y": 457.61520190023754,
    "width": 172.66508252731586,
    "height": 72.31353980047506
  },
  "e4": {
    "x": 1052.3040386128266,
    "y": 531.6104513064133,
    "width": 172.66508252731586,
    "height": 73.99524940617577
  },
  "e5": {
    "x": 1052.3040386128266,
    "y": 607.2874103182899,
    "width": 172.66508252731586,
    "height": 21.86223217102138
  },
  "e6": {
    "x": 1052.3040386128266,
    "y": 630.831354527316,
    "width": 172.66508252731586,
    "height": 73.99524940617577
  },
  "f1": {
    "x": 1226.6508307458432,
    "y": 312.9881247315915,
    "width": 171.53444302137768,
    "height": 118.28028442755345
  },
  "f2": {
    "x": 1226.6508307458432,
    "y": 432.9501187648456,
    "width": 171.53444302137768,
    "height": 22.98337352969121
  },
  "f3": {
    "x": 1226.6508307458432,
    "y": 457.61520190023754,
    "width": 171.53444302137768,
    "height": 147.99049881235155
  },
  "f4": {
    "x": 1226.6508307458432,
    "y": 607.2874103182899,
    "width": 171.53444302137768,
    "height": 97.53919361520197
  },
  "h1": {
    "x": 1525.4346793349168,
    "y": 312.9881247315915,
    "width": 184.9881247315916,
    "height": 167.6104506983373
  },
  "h2": {
    "x": 1525.4346793349168,
    "y": 482.28028503562945,
    "width": 184.9881247315916,
    "height": 146.86935745368172
  },
  "h3": {
    "x": 1525.4346793349168,
    "y": 630.831354527316,
    "width": 184.9881247315916,
    "height": 73.99524940617577
  }
}
